0.00323813,-0.000100325,0.0698829,-0.0273941,-0.0805372,0.0543369,-0.0377444,-0.076379,0.0658973,-0.00934036,0.0257113,-0.0268579,-0.0200024,0.0882215,-0.00877887,-0.0153875,0.0797414,-0.0455989,-0.0297881,0.0106244,-0.0780906,-0.068673,0.034156,-0.0570607,0.0463849,0.00901735,0.0632341,0.0723513,-0.0644946,0.0722721,-0.0330952,0.0382124,0.0560364,-0.078077,-0.05932,-0.0532361,-0.0758497,-0.0738463,-0.0741675,-0.0566176,0.0680173,0.0092478,0.0596231,0.082661,-0.0262441,0.0295342,0.0313083,-0.0531665,-0.0887167,0.0387121,-0.0657291,0.0119014,-0.0509617,0.0755131,-0.0785484,0.016872,-0.00532584,0.0693847,-0.0630567,-0.0765874,-0.00336861,0.000636347,-0.0511649,0.00120231,-0.0282833,-0.0603611,-0.0114641,-0.0624996,0.0479052,-0.0495192,-0.0767274,0.0188014,-0.0548721,-0.00728721,0.0602272,0.0017,0.0443175,0.0486331,0.0356631,0.0317658,-0.0580407,-0.009847,0.0815633,0.0675273,0.0103326,-0.0649596,0.0458338,0.0348423,-0.0362892,0.0912295,-0.0779945,-0.05009,-0.0173109,0.020294,-0.0164918,-0.0523385,0.0556029,0.0516525,0.0781817,-0.0373491,-0.0634177,0.0699645,0.0627491,-0.0140804,0.0030495,-0.0116817,-0.0888861,-0.0536481,-0.00941569,-0.00849576,-0.0443445,-0.0223502,-0.0814812,0.0708835,-0.00832256,-0.06012,-0.0644606,-0.0363429,-0.0049749,0.0876191,-0.0863233,0.00926255,-0.0544884,-0.0503395,-0.0255881,0.0511478,0.0361608,0.0545919,0.00323813,-0.000100325,0.0698829,-0.0273941,-0.0805372,0.0543369,-0.0377444,-0.076379,0.0658973,-0.00934036,0.0257113,-0.0268579,-0.0200024,0.0882215,-0.00877887,-0.0153875,0.0797414,-0.0455989,-0.0297881,0.0106244,-0.0780906,-0.068673,0.034156,-0.0570607,0.0463849,0.00901735,0.0632341,0.0723513,-0.0644946,0.0722721,-0.0330952,0.0382124,0.0560364,-0.078077,-0.05932,-0.0532361,-0.0758497,-0.0738463,-0.0741675,-0.0566176,0.0680173,0.0092478,0.0596231,0.082661,-0.0262441,0.0295342,0.0313083,-0.0531665,-0.0887167,0.0387121,-0.0657291,0.0119014,-0.0509617,0.0755131,-0.0785484,0.016872,-0.00532584,0.0693847,-0.0630567,-0.0765874,-0.00336861,0.000636347,-0.0511649,0.00120231,-0.0282833,-0.0603611,-0.0114641,-0.0624996,0.0479052,-0.0495192,-0.0767274,0.0188014,-0.0548721,-0.00728721,0.0602272,0.0017,0.0443175,0.0486331,0.0356631,0.0317658,-0.0580407,-0.009847,0.0815633,0.0675273,0.0103326,-0.0649596,0.0458338,0.0348423,-0.0362892,0.0912295,-0.0779945,-0.05009,-0.0173109,0.020294,-0.0164918,-0.0523385,0.0556029,0.0516525,0.0781817,-0.0373491,-0.0634177,0.0699645,0.0627491,-0.0140804,0.0030495,-0.0116817,-0.0888861,-0.0536481,-0.00941569,-0.00849576,-0.0443445,-0.0223502,-0.0814812,0.0708835,-0.00832256,-0.06012,-0.0644606,-0.0363429,-0.0049749,0.0876191,-0.0863233,0.00926255,-0.0544884,-0.0503395,-0.0255881,0.0511478,0.0361608,0.0545919,
0.00593276,-0.036213,-0.0599595,0.0179047,0.0137394,-0.0228799,0.0397185,-0.0705298,-0.00652808,-0.0312294,-0.040625,0.0592925,0.026234,0.0269687,0.0718898,0.0504322,0.0696945,0.0435479,0.0133463,-0.0798279,0.0457128,0.0829252,-0.082291,-0.061031,-0.0265196,0.0277253,0.0379517,-0.0519057,0.075312,0.0719825,0.0215141,0.0778802,-0.0826245,-0.00428155,-0.0500719,-0.0567259,-0.0601285,0.0496592,-0.0484032,0.0267095,-0.00962833,0.0861504,0.00947832,-0.0665495,-0.0494879,0.0555494,-0.0381488,0.0188867,0.000203796,0.0227247,0.0222004,0.0701043,-0.082987,0.0887733,0.0695302,-0.0213326,0.055769,0.0383083,0.0798813,-0.0168963,-0.0680021,-0.0391918,0.0798917,0.00717619,0.0394955,0.0758265,-0.0268534,0.0339642,0.0526257,0.0501734,0.0747716,-0.043651,-0.0795094,0.0045277,0.0643182,-0.0495396,0.00942481,-0.0303735,-0.0399362,0.000980254,0.0475041,-0.0702094,0.0174806,-0.0577465,-0.0698663,-0.0536016,-0.00831485,0.0682585,-0.0338586,0.0616663,-0.0632982,0.00599637,-0.0154372,0.0243554,-0.0664982,-0.0125844,0.0114567,0.0157426,-0.0453348,0.043073,-0.0268906,0.00104671,-0.00743371,0.0761019,0.0653681,0.00897688,-0.00812769,-0.0823152,-0.0561782,-0.0256451,-0.0343253,0.00661052,-0.0790262,0.0280594,-0.0269835,-0.0362763,-0.0196825,0.0117225,-0.0422113,-0.0105783,0.0224137,-0.0204412,0.073712,-0.0828539,-0.0625348,0.0501549,-0.0409805,0.00367057,0.00593276,-0.036213,-0.0599595,0.0179047,0.0137394,-0.0228799,0.0397185,-0.0705298,-0.00652808,-0.0312294,-0.040625,0.0592925,0.026234,0.0269687,0.0718898,0.0504322,0.0696945,0.0435479,0.0133463,-0.0798279,0.0457128,0.0829252,-0.082291,-0.061031,-0.0265196,0.0277253,0.0379517,-0.0519057,0.075312,0.0719825,0.0215141,0.0778802,-0.0826245,-0.00428155,-0.0500719,-0.0567259,-0.0601285,0.0496592,-0.0484032,0.0267095,-0.00962833,0.0861504,0.00947832,-0.0665495,-0.0494879,0.0555494,-0.0381488,0.0188867,0.000203796,0.0227247,0.0222004,0.0701043,-0.082987,0.0887733,0.0695302,-0.0213326,0.055769,0.0383083,0.0798813,-0.0168963,-0.0680021,-0.0391918,0.0798917,0.00717619,0.0394955,0.0758265,-0.0268534,0.0339642,0.0526257,0.0501734,0.0747716,-0.043651,-0.0795094,0.0045277,0.0643182,-0.0495396,0.00942481,-0.0303735,-0.0399362,0.000980254,0.0475041,-0.0702094,0.0174806,-0.0577465,-0.0698663,-0.0536016,-0.00831485,0.0682585,-0.0338586,0.0616663,-0.0632982,0.00599637,-0.0154372,0.0243554,-0.0664982,-0.0125844,0.0114567,0.0157426,-0.0453348,0.043073,-0.0268906,0.00104671,-0.00743371,0.0761019,0.0653681,0.00897688,-0.00812769,-0.0823152,-0.0561782,-0.0256451,-0.0343253,0.00661052,-0.0790262,0.0280594,-0.0269835,-0.0362763,-0.0196825,0.0117225,-0.0422113,-0.0105783,0.0224137,-0.0204412,0.073712,-0.0828539,-0.0625348,0.0501549,-0.0409805,0.00367057,
-0.0100681,0.086536,-0.0248159,-0.0184389,-0.0422973,-0.0599233,0.0792889,0.021779,0.0471552,-0.00502383,0.0233268,-0.0807906,0.0832063,0.0293354,-0.0206019,0.00095493,-0.0106333,0.033016,0.0433349,0.0895786,-0.0672961,0.00844674,0.0251165,-0.0220212,0.0633946,0.0149138,-0.0568685,0.00958203,-0.0535322,-0.0684715,0.0584169,-0.0210215,-0.0232504,0.0719681,-0.0349931,-0.0207649,-0.0689524,-0.0561211,0.0524533,0.084854,-0.0592957,0.0397192,0.0709156,0.0174722,0.0451728,-0.0782105,0.00922504,0.019817,-0.0277494,0.0272399,-0.0444271,0.00795703,0.0448514,0.0548564,-0.0601883,0.0484334,-0.0708957,0.0866866,-0.0166483,-0.0765209,-0.0639326,0.0468032,-0.0926459,-0.0343591,-0.0448387,0.0608179,0.00405283,-0.0060168,0.058683,-0.0714994,-0.0777282,-0.0365979,0.0491802,-0.0185479,-0.060632,0.000524935,-0.0633038,0.000417467,0.00756138,0.0646335,0.0283142,0.0624979,-0.0361847,0.0395041,0.027168,0.0621641,0.0216332,0.00652946,0.0189814,-0.0893278,0.0718765,-0.0224587,-0.0454975,0.0416319,0.0633599,-0.023492,-0.00898738,-0.00657425,0.0707567,0.0420239,0.00989015,-0.0675323,0.0766252,0.0932844,-6.34862e-05,0.0698954,-0.00562353,-0.0463288,-0.0774382,0.00648861,-0.0740365,-0.0467096,0.00689908,0.0200651,-0.0774944,-0.0213728,-0.0745764,0.00132096,-0.00259043,0.0409815,-0.0201323,-0.0684064,-0.0618877,0.0327148,-0.045588,-0.0352613,-0.00498782,0.0277172,-0.0100681,0.086536,-0.0248159,-0.0184389,-0.0422973,-0.0599233,0.0792889,0.021779,0.0471552,-0.00502383,0.0233268,-0.0807906,0.0832063,0.0293354,-0.0206019,0.00095493,-0.0106333,0.033016,0.0433349,0.0895786,-0.0672961,0.00844674,0.0251165,-0.0220212,0.0633946,0.0149138,-0.0568685,0.00958203,-0.0535322,-0.0684715,0.0584169,-0.0210215,-0.0232504,0.0719681,-0.0349931,-0.0207649,-0.0689524,-0.0561211,0.0524533,0.084854,-0.0592957,0.0397192,0.0709156,0.0174722,0.0451728,-0.0782105,0.00922504,0.019817,-0.0277494,0.0272399,-0.0444271,0.00795703,0.0448514,0.0548564,-0.0601883,0.0484334,-0.0708957,0.0866866,-0.0166483,-0.0765209,-0.0639326,0.0468032,-0.0926459,-0.0343591,-0.0448387,0.0608179,0.00405283,-0.0060168,0.058683,-0.0714994,-0.0777282,-0.0365979,0.0491802,-0.0185479,-0.060632,0.000524935,-0.0633038,0.000417467,0.00756138,0.0646335,0.0283142,0.0624979,-0.0361847,0.0395041,0.027168,0.0621641,0.0216332,0.00652946,0.0189814,-0.0893278,0.0718765,-0.0224587,-0.0454975,0.0416319,0.0633599,-0.023492,-0.00898738,-0.00657425,0.0707567,0.0420239,0.00989015,-0.0675323,0.0766252,0.0932844,-6.34862e-05,0.0698954,-0.00562353,-0.0463288,-0.0774382,0.00648861,-0.0740365,-0.0467096,0.00689908,0.0200651,-0.0774944,-0.0213728,-0.0745764,0.00132096,-0.00259043,0.0409815,-0.0201323,-0.0684064,-0.0618877,0.0327148,-0.045588,-0.0352613,-0.00498782,0.0277172,
0.0585687,0.0667942,0.0710084,0.0906796,-0.0523152,-0.0115737,0.0735742,-0.0455953,-0.0434971,-0.080667,-0.0182665,-0.0884444,-0.00761241,-0.0576702,0.0110908,0.0785341,0.0626806,-0.0751178,0.057996,0.0331349,0.0574937,0.0490022,0.0137731,-0.0454749,-0.059813,-0.0355987,-0.0313658,-0.0520444,-0.0150292,-0.00187245,0.0746388,0.00145672,-0.0464669,-0.0603536,0.0735013,0.0454772,-0.0202705,0.0558463,0.0284591,-0.0470774,0.034253,0.0764017,-0.0244498,0.0124099,-0.000867986,0.0374263,0.0654449,0.0285757,0.0271761,-0.0802,0.0781088,-0.0739952,-0.015268,0.0820591,0.0282607,0.0875098,0.0564649,-0.0452137,-0.0789828,0.0881109,-0.0044242,-0.0632272,-0.0373318,-0.00995745,-0.0649454,-0.0504214,0.0480765,0.000214596,-0.00769956,0.0212924,-0.0592056,-0.00901768,0.0283128,-0.0235045,-0.0324148,-0.0403417,0.024423,0.00471183,-0.0639111,0.04611,0.0777515,0.0396599,-0.0824798,-0.0510434,0.0492016,0.023239,0.00953447,0.0652913,0.0199837,-0.0648573,0.0305557,-0.0372576,0.0125372,0.0567132,0.0574507,0.00202287,-0.0117952,0.0220992,0.0606322,-0.0623039,-0.0599268,-0.0503615,0.0424852,-0.0575849,-0.0355655,0.0763325,0.0471017,-0.0722266,0.0381424,0.00213921,-0.0510677,-0.0800943,-0.0244413,0.0189516,0.0491848,-0.0630518,-0.0728847,-0.0238305,0.0135781,0.0491149,-0.0487369,0.0234059,0.028204,-0.0155992,0.058298,0.0100131,-0.0500798,-0.0400438,0.0585687,0.0667942,0.0710084,0.0906796,-0.0523152,-0.0115737,0.0735742,-0.0455953,-0.0434971,-0.080667,-0.0182665,-0.0884444,-0.00761241,-0.0576702,0.0110908,0.0785341,0.0626806,-0.0751178,0.057996,0.0331349,0.0574937,0.0490022,0.0137731,-0.0454749,-0.059813,-0.0355987,-0.0313658,-0.0520444,-0.0150292,-0.00187245,0.0746388,0.00145672,-0.0464669,-0.0603536,0.0735013,0.0454772,-0.0202705,0.0558463,0.0284591,-0.0470774,0.034253,0.0764017,-0.0244498,0.0124099,-0.000867986,0.0374263,0.0654449,0.0285757,0.0271761,-0.0802,0.0781088,-0.0739952,-0.015268,0.0820591,0.0282607,0.0875098,0.0564649,-0.0452137,-0.0789828,0.0881109,-0.0044242,-0.0632272,-0.0373318,-0.00995745,-0.0649454,-0.0504214,0.0480765,0.000214596,-0.00769956,0.0212924,-0.0592056,-0.00901768,0.0283128,-0.0235045,-0.0324148,-0.0403417,0.024423,0.00471183,-0.0639111,0.04611,0.0777515,0.0396599,-0.0824798,-0.0510434,0.0492016,0.023239,0.00953447,0.0652913,0.0199837,-0.0648573,0.0305557,-0.0372576,0.0125372,0.0567132,0.0574507,0.00202287,-0.0117952,0.0220992,0.0606322,-0.0623039,-0.0599268,-0.0503615,0.0424852,-0.0575849,-0.0355655,0.0763325,0.0471017,-0.0722266,0.0381424,0.00213921,-0.0510677,-0.0800943,-0.0244413,0.0189516,0.0491848,-0.0630518,-0.0728847,-0.0238305,0.0135781,0.0491149,-0.0487369,0.0234059,0.028204,-0.0155992,0.058298,0.0100131,-0.0500798,-0.0400438,
-0.0387947,-0.0863234,-0.0259566,0.075702,-0.0640758,0.0574991,-0.0221354,-0.0222315,0.0364331,0.0205891,0.030398,-0.0465045,-0.000991279,-0.0515102,0.0602198,-0.0163972,-0.0806962,0.0759631,0.0337134,-0.0848053,0.0804418,0.032105,-0.075985,0.0333089,0.063374,-0.0021264,0.0166146,-0.0273625,-0.0334585,0.0713916,0.0156408,0.0184943,0.0550409,-0.00963808,-0.0151673,0.0383529,-0.00173527,0.00552889,-0.0127356,0.0365284,-0.0602998,0.0385569,-0.0744043,-0.00238197,-0.0477996,0.0063568,-0.0135896,-0.0834839,-0.0445435,-0.0417569,0.0273256,0.0860646,-0.0734678,-0.00988392,0.051814,-0.0454889,0.0394603,-0.0360493,0.0423546,0.00519066,0.0345456,0.0401874,0.0333211,0.0705319,0.0114095,0.0741814,-0.00733739,-0.0904614,-0.0529657,0.0468504,-0.0599253,0.0328429,-0.000221811,-0.0486166,-0.0371639,-0.00509223,-0.0506648,-0.0655589,0.0317196,-0.0372785,0.0798397,0.0332619,0.0481183,0.0511389,-0.0723272,0.0432175,-0.0822109,-0.0422127,-0.0344914,-0.0358951,-0.0883488,0.000973187,0.0412069,-0.0899335,0.0751795,-0.0185819,-0.0374679,-0.0356177,0.0139716,-0.0595868,-0.082336,-0.0145441,0.00521821,-0.0116119,0.0173834,-0.0221069,0.064132,0.0102707,0.00656953,0.0601855,0.0085674,0.0604099,0.047031,0.00188071,0.0503134,-0.0195145,-0.0740443,0.0748016,0.0684485,0.0691677,0.0687074,-0.0762022,-0.0568931,-0.0185694,0.0368988,0.0325343,0.063102,-0.0568064,-0.0387947,-0.0863234,-0.0259566,0.075702,-0.0640758,0.0574991,-0.0221354,-0.0222315,0.0364331,0.0205891,0.030398,-0.0465045,-0.000991279,-0.0515102,0.0602198,-0.0163972,-0.0806962,0.0759631,0.0337134,-0.0848053,0.0804418,0.032105,-0.075985,0.0333089,0.063374,-0.0021264,0.0166146,-0.0273625,-0.0334585,0.0713916,0.0156408,0.0184943,0.0550409,-0.00963808,-0.0151673,0.0383529,-0.00173527,0.00552889,-0.0127356,0.0365284,-0.0602998,0.0385569,-0.0744043,-0.00238197,-0.0477996,0.0063568,-0.0135896,-0.0834839,-0.0445435,-0.0417569,0.0273256,0.0860646,-0.0734678,-0.00988392,0.051814,-0.0454889,0.0394603,-0.0360493,0.0423546,0.00519066,0.0345456,0.0401874,0.0333211,0.0705319,0.0114095,0.0741814,-0.00733739,-0.0904614,-0.0529657,0.0468504,-0.0599253,0.0328429,-0.000221811,-0.0486166,-0.0371639,-0.00509223,-0.0506648,-0.0655589,0.0317196,-0.0372785,0.0798397,0.0332619,0.0481183,0.0511389,-0.0723272,0.0432175,-0.0822109,-0.0422127,-0.0344914,-0.0358951,-0.0883488,0.000973187,0.0412069,-0.0899335,0.0751795,-0.0185819,-0.0374679,-0.0356177,0.0139716,-0.0595868,-0.082336,-0.0145441,0.00521821,-0.0116119,0.0173834,-0.0221069,0.064132,0.0102707,0.00656953,0.0601855,0.0085674,0.0604099,0.047031,0.00188071,0.0503134,-0.0195145,-0.0740443,0.0748016,0.0684485,0.0691677,0.0687074,-0.0762022,-0.0568931,-0.0185694,0.0368988,0.0325343,0.063102,-0.0568064,
-0.0745381,0.0112649,-0.0614484,0.0781296,-0.027903,-0.0326157,0.0753499,-0.0716445,0.0387792,0.00116262,-0.0539138,-0.0749296,-0.0445705,0.0459675,-0.0577197,-0.0623844,-0.023101,-0.0844373,0.0157506,0.0860426,0.0460577,0.0737545,-0.0140023,0.0643733,-0.0413693,-0.0247417,0.0317924,0.0340918,-0.0176607,0.0350259,0.0637653,-0.0371986,-0.0587917,-0.0478457,0.0451572,0.0360819,0.0781885,-0.0350068,0.00944785,-0.0553256,-0.0389432,0.0186862,0.0792794,-0.0512128,-0.0196913,0.0664378,-0.0795724,-0.0610828,-0.0577945,0.0393526,-0.0751791,-0.0834996,0.0481665,-0.0452569,0.0771677,-0.0280934,-0.0796842,0.0810308,0.0822425,-0.0685058,-0.018463,-0.0256541,-0.0403607,0.00542287,0.0603774,0.0837292,-0.03887,0.0440276,0.044947,-0.0499365,-0.0366086,0.0083916,-0.0499437,-0.0307686,-0.0602866,-0.0602305,0.0104026,-0.0158888,0.0877933,0.0610829,0.0259429,-0.000504304,0.0728013,0.0424019,0.0882226,-0.0624049,0.067553,0.042691,0.0266708,-0.0868763,0.0784345,0.0285625,-0.0478619,0.0365672,0.024652,0.0725835,0.0456324,0.0427459,-0.0773599,0.0869104,0.0751529,0.00518776,0.000362278,0.0672666,-0.0447441,-0.0718222,0.0906718,0.0541234,0.0810639,0.0709774,-0.0197234,-0.0847878,-0.075289,0.00453069,0.0244478,0.0014217,-0.0534296,-0.0249127,-0.0648393,0.0398541,-0.0318061,0.0853349,0.0820201,0.0401496,0.0503252,0.0174505,-0.0330633,-0.0187857,-0.0745381,0.0112649,-0.0614484,0.0781296,-0.027903,-0.0326157,0.0753499,-0.0716445,0.0387792,0.00116262,-0.0539138,-0.0749296,-0.0445705,0.0459675,-0.0577197,-0.0623844,-0.023101,-0.0844373,0.0157506,0.0860426,0.0460577,0.0737545,-0.0140023,0.0643733,-0.0413693,-0.0247417,0.0317924,0.0340918,-0.0176607,0.0350259,0.0637653,-0.0371986,-0.0587917,-0.0478457,0.0451572,0.0360819,0.0781885,-0.0350068,0.00944785,-0.0553256,-0.0389432,0.0186862,0.0792794,-0.0512128,-0.0196913,0.0664378,-0.0795724,-0.0610828,-0.0577945,0.0393526,-0.0751791,-0.0834996,0.0481665,-0.0452569,0.0771677,-0.0280934,-0.0796842,0.0810308,0.0822425,-0.0685058,-0.018463,-0.0256541,-0.0403607,0.00542287,0.0603774,0.0837292,-0.03887,0.0440276,0.044947,-0.0499365,-0.0366086,0.0083916,-0.0499437,-0.0307686,-0.0602866,-0.0602305,0.0104026,-0.0158888,0.0877933,0.0610829,0.0259429,-0.000504304,0.0728013,0.0424019,0.0882226,-0.0624049,0.067553,0.042691,0.0266708,-0.0868763,0.0784345,0.0285625,-0.0478619,0.0365672,0.024652,0.0725835,0.0456324,0.0427459,-0.0773599,0.0869104,0.0751529,0.00518776,0.000362278,0.0672666,-0.0447441,-0.0718222,0.0906718,0.0541234,0.0810639,0.0709774,-0.0197234,-0.0847878,-0.075289,0.00453069,0.0244478,0.0014217,-0.0534296,-0.0249127,-0.0648393,0.0398541,-0.0318061,0.0853349,0.0820201,0.0401496,0.0503252,0.0174505,-0.0330633,-0.0187857,
0.0288501,0.0812978,0.00671949,-0.0267491,-0.0424062,0.00101089,-0.0403708,-0.0757146,-0.0641932,0.0207978,-0.00370489,-0.0681753,0.0564001,-0.0514276,0.086946,0.0156822,-0.0466403,0.036964,-0.000758542,0.0715619,-0.0536168,0.0681075,0.0138014,-0.00868117,0.00793603,-0.0657021,0.0533906,0.0452273,-0.0223518,-0.0114266,-0.0821166,0.0039715,0.0538007,-0.0436481,0.0703258,-0.0665737,-0.0687932,-0.000561555,-0.0546485,-0.0137433,0.021748,-0.0599014,-0.0830266,0.0885838,-0.0559784,-0.0805039,0.0870274,0.0209532,-0.031468,-0.0823485,-0.0229954,0.0558682,-0.0767704,0.0602277,0.0545321,-0.0124709,-0.0440104,0.0502604,0.0265091,0.00745361,0.0154962,0.0527946,0.0268236,0.0150813,0.0644345,0.0435899,0.0129311,-0.0787477,-0.0276865,-0.00992578,-0.0002827,-0.0363046,-0.0839823,-0.0176369,-0.0269383,-0.0719536,0.00472238,-0.0369558,-0.0114377,0.0236983,-0.0534763,0.0324806,-0.0708037,0.0320714,-0.0174459,-0.0607431,0.0183847,-0.0388329,0.0131886,0.0720916,-0.0195456,0.0809572,-0.0840882,0.020332,0.068267,-0.0905865,-0.0757484,0.0344616,-0.0678817,0.0405139,0.0505385,-0.0362575,-0.0605945,-0.0850617,-0.0669873,-0.0886963,0.0588672,-0.0386349,0.00939136,0.0593687,-0.0651919,-0.0742069,0.0728355,-0.0272252,0.0365279,0.0227423,-0.0268053,0.0201814,-0.0665887,0.0737269,-0.0384033,-0.0407744,-0.0656998,-0.0626919,-0.0517417,0.0082647,0.0774329,-0.0436175,0.0288501,0.0812978,0.00671949,-0.0267491,-0.0424062,0.00101089,-0.0403708,-0.0757146,-0.0641932,0.0207978,-0.00370489,-0.0681753,0.0564001,-0.0514276,0.086946,0.0156822,-0.0466403,0.036964,-0.000758542,0.0715619,-0.0536168,0.0681075,0.0138014,-0.00868117,0.00793603,-0.0657021,0.0533906,0.0452273,-0.0223518,-0.0114266,-0.0821166,0.0039715,0.0538007,-0.0436481,0.0703258,-0.0665737,-0.0687932,-0.000561555,-0.0546485,-0.0137433,0.021748,-0.0599014,-0.0830266,0.0885838,-0.0559784,-0.0805039,0.0870274,0.0209532,-0.031468,-0.0823485,-0.0229954,0.0558682,-0.0767704,0.0602277,0.0545321,-0.0124709,-0.0440104,0.0502604,0.0265091,0.00745361,0.0154962,0.0527946,0.0268236,0.0150813,0.0644345,0.0435899,0.0129311,-0.0787477,-0.0276865,-0.00992578,-0.0002827,-0.0363046,-0.0839823,-0.0176369,-0.0269383,-0.0719536,0.00472238,-0.0369558,-0.0114377,0.0236983,-0.0534763,0.0324806,-0.0708037,0.0320714,-0.0174459,-0.0607431,0.0183847,-0.0388329,0.0131886,0.0720916,-0.0195456,0.0809572,-0.0840882,0.020332,0.068267,-0.0905865,-0.0757484,0.0344616,-0.0678817,0.0405139,0.0505385,-0.0362575,-0.0605945,-0.0850617,-0.0669873,-0.0886963,0.0588672,-0.0386349,0.00939136,0.0593687,-0.0651919,-0.0742069,0.0728355,-0.0272252,0.0365279,0.0227423,-0.0268053,0.0201814,-0.0665887,0.0737269,-0.0384033,-0.0407744,-0.0656998,-0.0626919,-0.0517417,0.0082647,0.0774329,-0.0436175,
0.0714973,-0.00633492,0.0539407,-0.0683005,-0.0510325,0.0862286,0.0751991,0.0824115,-0.0289563,-0.0340965,-0.0629855,0.0584596,0.0663881,0.0295615,0.0481585,-0.0349588,-0.0840773,0.0281834,0.0255683,-0.0282613,-0.0798986,-0.011419,-0.033105,0.047226,-0.0420691,-0.00836997,0.0450936,-0.0249785,0.052582,-0.0785679,0.0798205,0.0858537,0.0197308,-0.0834683,-0.0856111,0.061322,-0.0364524,0.0272182,0.0844641,-0.0729505,-0.00245741,0.0287046,-0.0297005,0.0760345,-0.0218532,0.0309645,0.0261527,-0.0866866,0.00564118,-0.036037,-0.0300276,0.037036,-0.054972,0.0514947,0.0135338,-0.0475884,0.0322388,-0.00399214,-0.0413325,-0.0753253,-0.0307443,-0.0577951,-0.0225684,-0.0238984,0.0411414,0.0742381,0.0709687,0.0802687,-0.026639,0.00299804,0.00159953,0.0511673,0.0132119,0.0104856,0.0682361,-0.044638,0.0139648,-0.0822613,-0.0735624,0.0209169,-0.05633,0.0106477,0.00650814,0.00660111,0.0748393,-0.0821798,0.0851151,0.0282754,0.0085868,0.0493432,-0.0523062,0.0654318,0.0502881,0.0374592,-0.0715806,-0.0593287,0.0752409,0.071206,-0.0397455,-0.0614254,0.00432946,-0.0134418,-0.00516812,-0.00976608,-0.0738137,0.0220194,-0.0695477,-0.0429647,-0.0848056,0.0138409,-0.00383685,0.0362299,-0.0279666,0.01152,0.00263819,-0.057415,0.081567,0.0828806,0.0281242,0.0302701,-0.0658855,-0.0507251,-0.0190944,-0.0729406,0.0384301,-0.00138779,-0.031219,-0.0683047,0.0714973,-0.00633492,0.0539407,-0.0683005,-0.0510325,0.0862286,0.0751991,0.0824115,-0.0289563,-0.0340965,-0.0629855,0.0584596,0.0663881,0.0295615,0.0481585,-0.0349588,-0.0840773,0.0281834,0.0255683,-0.0282613,-0.0798986,-0.011419,-0.033105,0.047226,-0.0420691,-0.00836997,0.0450936,-0.0249785,0.052582,-0.0785679,0.0798205,0.0858537,0.0197308,-0.0834683,-0.0856111,0.061322,-0.0364524,0.0272182,0.0844641,-0.0729505,-0.00245741,0.0287046,-0.0297005,0.0760345,-0.0218532,0.0309645,0.0261527,-0.0866866,0.00564118,-0.036037,-0.0300276,0.037036,-0.054972,0.0514947,0.0135338,-0.0475884,0.0322388,-0.00399214,-0.0413325,-0.0753253,-0.0307443,-0.0577951,-0.0225684,-0.0238984,0.0411414,0.0742381,0.0709687,0.0802687,-0.026639,0.00299804,0.00159953,0.0511673,0.0132119,0.0104856,0.0682361,-0.044638,0.0139648,-0.0822613,-0.0735624,0.0209169,-0.05633,0.0106477,0.00650814,0.00660111,0.0748393,-0.0821798,0.0851151,0.0282754,0.0085868,0.0493432,-0.0523062,0.0654318,0.0502881,0.0374592,-0.0715806,-0.0593287,0.0752409,0.071206,-0.0397455,-0.0614254,0.00432946,-0.0134418,-0.00516812,-0.00976608,-0.0738137,0.0220194,-0.0695477,-0.0429647,-0.0848056,0.0138409,-0.00383685,0.0362299,-0.0279666,0.01152,0.00263819,-0.057415,0.081567,0.0828806,0.0281242,0.0302701,-0.0658855,-0.0507251,-0.0190944,-0.0729406,0.0384301,-0.00138779,-0.031219,-0.0683047,
0.0671808,0.0756704,0.00124324,0.0707134,-0.0557484,0.0048278,0.0539253,-0.0560733,-0.0908198,-0.0577178,0.0611786,0.0459911,-0.0194719,-0.0405492,0.0500106,-0.0608303,0.000699131,-0.0713747,-0.0387323,-0.0428899,0.0802627,0.00412461,0.0165713,-0.0639986,0.0422748,-0.0541363,0.0344499,-0.0902125,-0.0833946,0.0187232,-0.0152885,0.0564015,0.000615909,0.0290421,-0.0795239,-0.0216599,0.00181476,-0.0785173,0.0768946,-0.0618563,0.023464,0.0248391,0.01029,-0.0519036,-0.0072612,-0.0594546,0.0776076,0.0794674,0.0820085,0.0518116,0.0393868,-0.0779374,7.42661e-05,-0.0758875,-0.00214126,0.0653133,-0.0110082,0.0359723,-0.0418853,0.0694363,0.0343144,0.0448574,-0.0866048,0.00812671,-0.0479953,0.0385576,-0.0907316,-0.0713603,0.0109032,0.0770646,-0.00130222,0.0706801,0.0131885,0.0654509,-0.0645404,-0.0506456,-0.0779101,-0.0697291,0.0844148,-0.0088188,-0.0560135,0.0340008,0.0827982,0.0208822,-0.0730262,-0.0591912,-0.0315968,0.0078854,0.0171151,0.0598006,-0.0759542,0.036674,0.0506435,-0.029691,0.0391933,-0.000900939,-0.0242778,-0.0566484,-0.065887,-0.0562826,-0.0642397,0.0223938,0.0154043,-0.0676738,0.0702218,0.0900723,-0.0668256,0.0522042,0.0677471,-0.0585272,0.0431,0.00591556,0.0392604,-0.00745586,0.0686183,0.0199043,0.00555038,-0.0663924,-0.040429,0.00536542,0.0724852,0.0366553,-0.0204235,-0.00389052,0.00445014,-0.0375717,-0.000450633,-0.0044476,0.0671808,0.0756704,0.00124324,0.0707134,-0.0557484,0.0048278,0.0539253,-0.0560733,-0.0908198,-0.0577178,0.0611786,0.0459911,-0.0194719,-0.0405492,0.0500106,-0.0608303,0.000699131,-0.0713747,-0.0387323,-0.0428899,0.0802627,0.00412461,0.0165713,-0.0639986,0.0422748,-0.0541363,0.0344499,-0.0902125,-0.0833946,0.0187232,-0.0152885,0.0564015,0.000615909,0.0290421,-0.0795239,-0.0216599,0.00181476,-0.0785173,0.0768946,-0.0618563,0.023464,0.0248391,0.01029,-0.0519036,-0.0072612,-0.0594546,0.0776076,0.0794674,0.0820085,0.0518116,0.0393868,-0.0779374,7.42661e-05,-0.0758875,-0.00214126,0.0653133,-0.0110082,0.0359723,-0.0418853,0.0694363,0.0343144,0.0448574,-0.0866048,0.00812671,-0.0479953,0.0385576,-0.0907316,-0.0713603,0.0109032,0.0770646,-0.00130222,0.0706801,0.0131885,0.0654509,-0.0645404,-0.0506456,-0.0779101,-0.0697291,0.0844148,-0.0088188,-0.0560135,0.0340008,0.0827982,0.0208822,-0.0730262,-0.0591912,-0.0315968,0.0078854,0.0171151,0.0598006,-0.0759542,0.036674,0.0506435,-0.029691,0.0391933,-0.000900939,-0.0242778,-0.0566484,-0.065887,-0.0562826,-0.0642397,0.0223938,0.0154043,-0.0676738,0.0702218,0.0900723,-0.0668256,0.0522042,0.0677471,-0.0585272,0.0431,0.00591556,0.0392604,-0.00745586,0.0686183,0.0199043,0.00555038,-0.0663924,-0.040429,0.00536542,0.0724852,0.0366553,-0.0204235,-0.00389052,0.00445014,-0.0375717,-0.000450633,-0.0044476,
0.0068614,0.0325923,-0.000614822,0.012701,0.0311716,-0.0294717,-0.0951191,0.0757064,-0.0172085,-0.0174669,0.0770686,0.0611675,-0.0661423,-0.0546499,0.00567982,-0.00318717,-0.0251375,0.0129476,0.0124622,-0.0375273,0.0391347,-0.00895092,0.0573505,-0.0105107,-0.08279,-0.00800559,-0.0602593,0.0864062,0.0210556,-0.0209797,-0.0863438,0.0689046,-0.0707469,0.00638632,-0.00775266,0.0670785,0.00435015,-0.0552747,-0.077302,-0.00777562,-0.0443689,0.0805494,-0.0340706,0.091132,0.00611653,-0.0685868,0.0810494,-0.00975072,-0.0576025,-0.0246867,0.0181413,0.0633962,0.0362511,-0.00661177,-0.0185459,-0.00165311,0.0667931,0.0456468,0.0183729,0.0436466,-0.0857443,0.00824718,-0.00303289,0.0664918,0.0519981,0.0119876,-0.0669584,0.00448966,-0.0306252,-0.0102961,-0.0466841,0.0215342,0.0791944,0.0712202,0.0270091,-0.0567734,-0.0248526,0.0205372,-0.0154103,-0.0270272,-0.0241603,0.0170377,-0.0582794,-0.0690346,0.0631852,0.0481453,0.0145817,-0.0380624,0.0577217,-0.0294878,-0.0601546,-0.0590843,-0.0668171,-0.0673464,0.0584195,-0.0451098,-0.0853104,-0.0168044,0.00460561,-0.0839443,-0.0311713,-0.0134643,0.00879242,0.0349551,0.0161399,0.00502947,-0.0325766,-0.037462,0.0144842,-0.0663731,0.0596686,-0.0257887,0.055353,-0.0689425,-0.0517321,0.0646728,-0.070289,-0.0376598,-0.00211883,-0.0230712,-0.0171004,0.0617734,0.071741,0.0232855,0.0103682,0.0517333,-0.0848603,0.0283037,0.0068614,0.0325923,-0.000614822,0.012701,0.0311716,-0.0294717,-0.0951191,0.0757064,-0.0172085,-0.0174669,0.0770686,0.0611675,-0.0661423,-0.0546499,0.00567982,-0.00318717,-0.0251375,0.0129476,0.0124622,-0.0375273,0.0391347,-0.00895092,0.0573505,-0.0105107,-0.08279,-0.00800559,-0.0602593,0.0864062,0.0210556,-0.0209797,-0.0863438,0.0689046,-0.0707469,0.00638632,-0.00775266,0.0670785,0.00435015,-0.0552747,-0.077302,-0.00777562,-0.0443689,0.0805494,-0.0340706,0.091132,0.00611653,-0.0685868,0.0810494,-0.00975072,-0.0576025,-0.0246867,0.0181413,0.0633962,0.0362511,-0.00661177,-0.0185459,-0.00165311,0.0667931,0.0456468,0.0183729,0.0436466,-0.0857443,0.00824718,-0.00303289,0.0664918,0.0519981,0.0119876,-0.0669584,0.00448966,-0.0306252,-0.0102961,-0.0466841,0.0215342,0.0791944,0.0712202,0.0270091,-0.0567734,-0.0248526,0.0205372,-0.0154103,-0.0270272,-0.0241603,0.0170377,-0.0582794,-0.0690346,0.0631852,0.0481453,0.0145817,-0.0380624,0.0577217,-0.0294878,-0.0601546,-0.0590843,-0.0668171,-0.0673464,0.0584195,-0.0451098,-0.0853104,-0.0168044,0.00460561,-0.0839443,-0.0311713,-0.0134643,0.00879242,0.0349551,0.0161399,0.00502947,-0.0325766,-0.037462,0.0144842,-0.0663731,0.0596686,-0.0257887,0.055353,-0.0689425,-0.0517321,0.0646728,-0.070289,-0.0376598,-0.00211883,-0.0230712,-0.0171004,0.0617734,0.071741,0.0232855,0.0103682,0.0517333,-0.0848603,0.0283037,
-0.0629579,-0.0684801,-0.0463568,-0.0573541,-0.0227437,0.0255062,0.0428322,0.0525504,0.00630633,-0.0297707,0.0680371,0.0696582,-0.0308845,-0.00219175,-0.0334031,-0.00037639,-0.0439393,0.0593467,-0.04959,-0.064102,-0.0589397,0.0596597,0.0138376,-0.0127694,0.046471,-0.0501818,0.0698761,0.0616824,0.0598813,-0.0651138,-0.0543353,0.0324149,0.0144212,0.0228623,0.000909543,0.0345374,0.0918764,-0.0205549,-0.0595168,-0.0421373,0.034118,0.0343665,-0.0396439,-0.0384332,0.00555885,-0.0397356,0.0643818,-0.0482083,0.0398749,0.0670009,0.05892,0.0140379,0.057978,-0.0467191,0.0306428,0.0214093,0.0589049,-0.0323226,-0.0455293,0.0341658,-0.0551621,-0.00349926,-0.0648502,0.0902619,0.00727034,-0.0702835,0.014776,0.0190343,-0.0460541,0.00532039,-0.0784359,-0.0657091,0.0225269,-0.0166048,-0.0374876,0.0783277,-0.0766698,0.0785615,0.0629406,-0.0893514,-0.0461938,0.040825,-0.0434971,0.0287869,0.0572435,-0.0688509,0.0510715,-0.0894035,0.00555008,-0.0587265,0.0319466,-0.0124969,-0.0691026,0.0527754,-0.0134787,-0.0777193,-0.0432743,-0.0254373,0.0318079,0.0350333,-0.0314975,0.0199211,-0.0267267,0.0361982,0.0152673,0.0726698,-0.0534769,-0.0485,0.0737066,-0.0277768,0.0479023,0.0566741,0.0648685,-0.0378082,0.0613592,0.0586486,-0.0143163,-0.0280689,-0.000131661,-0.0357575,-0.00470191,0.0626978,0.0642403,0.0176388,-0.00109696,-0.0760298,0.0245461,0.0767805,-0.0629579,-0.0684801,-0.0463568,-0.0573541,-0.0227437,0.0255062,0.0428322,0.0525504,0.00630633,-0.0297707,0.0680371,0.0696582,-0.0308845,-0.00219175,-0.0334031,-0.00037639,-0.0439393,0.0593467,-0.04959,-0.064102,-0.0589397,0.0596597,0.0138376,-0.0127694,0.046471,-0.0501818,0.0698761,0.0616824,0.0598813,-0.0651138,-0.0543353,0.0324149,0.0144212,0.0228623,0.000909543,0.0345374,0.0918764,-0.0205549,-0.0595168,-0.0421373,0.034118,0.0343665,-0.0396439,-0.0384332,0.00555885,-0.0397356,0.0643818,-0.0482083,0.0398749,0.0670009,0.05892,0.0140379,0.057978,-0.0467191,0.0306428,0.0214093,0.0589049,-0.0323226,-0.0455293,0.0341658,-0.0551621,-0.00349926,-0.0648502,0.0902619,0.00727034,-0.0702835,0.014776,0.0190343,-0.0460541,0.00532039,-0.0784359,-0.0657091,0.0225269,-0.0166048,-0.0374876,0.0783277,-0.0766698,0.0785615,0.0629406,-0.0893514,-0.0461938,0.040825,-0.0434971,0.0287869,0.0572435,-0.0688509,0.0510715,-0.0894035,0.00555008,-0.0587265,0.0319466,-0.0124969,-0.0691026,0.0527754,-0.0134787,-0.0777193,-0.0432743,-0.0254373,0.0318079,0.0350333,-0.0314975,0.0199211,-0.0267267,0.0361982,0.0152673,0.0726698,-0.0534769,-0.0485,0.0737066,-0.0277768,0.0479023,0.0566741,0.0648685,-0.0378082,0.0613592,0.0586486,-0.0143163,-0.0280689,-0.000131661,-0.0357575,-0.00470191,0.0626978,0.0642403,0.0176388,-0.00109696,-0.0760298,0.0245461,0.0767805,
0.00477434,0.00260593,-0.0366706,0.0459184,-0.0385965,0.0383468,-0.00693763,-0.0517078,-0.0787091,-0.0188234,0.0618711,-0.0758077,0.0464959,0.0596664,0.0451558,-0.0441711,-0.0160068,0.0942696,0.0682954,-0.0691606,0.068647,0.0548947,-0.0529965,0.0492704,-0.0542964,-0.0825247,0.0335124,0.0120062,-0.084627,0.0692154,-0.0664388,-0.0810015,0.0467741,0.0722289,-0.0845138,0.0177497,0.0743179,-0.0659016,0.0505752,0.0328606,0.058241,0.0282264,0.0379211,-0.00395025,0.00988693,0.020332,0.0783237,0.010983,0.0749033,0.0712125,0.0842585,0.0530298,0.0715447,-0.0726753,0.0906343,-0.077512,-0.00349465,0.0702007,0.0116998,-0.0639197,-0.0290224,0.0457198,-0.0359791,-0.0648844,0.0620793,0.0385287,-0.0578878,-0.0882914,0.0856851,0.0498118,0.0227242,-0.0663384,-0.0454164,0.0384914,0.0193204,-0.0133388,0.0882896,-0.0167534,-0.0861483,-0.0533392,-0.0481164,0.053358,0.00137358,-0.0776802,0.0461071,0.0335319,-0.0627596,0.0641717,0.0346532,-0.0839573,0.0449012,0.017349,0.041214,0.0448291,-0.0255728,0.0507203,-0.0570309,-0.0707149,-0.0310589,-0.0112718,0.0653315,-0.0396462,0.0360606,-0.00447606,-0.0519555,-0.0573541,0.0605013,-0.0234885,-0.0276831,0.0850382,0.0795836,-0.0226852,-0.0564278,0.0438757,-0.0113939,-0.0415174,0.0216283,0.0279619,-0.0796987,-0.0801886,-0.0898394,0.03156,0.073948,-0.0413929,0.0456799,-0.0486224,-0.0601088,0.037513,0.00477434,0.00260593,-0.0366706,0.0459184,-0.0385965,0.0383468,-0.00693763,-0.0517078,-0.0787091,-0.0188234,0.0618711,-0.0758077,0.0464959,0.0596664,0.0451558,-0.0441711,-0.0160068,0.0942696,0.0682954,-0.0691606,0.068647,0.0548947,-0.0529965,0.0492704,-0.0542964,-0.0825247,0.0335124,0.0120062,-0.084627,0.0692154,-0.0664388,-0.0810015,0.0467741,0.0722289,-0.0845138,0.0177497,0.0743179,-0.0659016,0.0505752,0.0328606,0.058241,0.0282264,0.0379211,-0.00395025,0.00988693,0.020332,0.0783237,0.010983,0.0749033,0.0712125,0.0842585,0.0530298,0.0715447,-0.0726753,0.0906343,-0.077512,-0.00349465,0.0702007,0.0116998,-0.0639197,-0.0290224,0.0457198,-0.0359791,-0.0648844,0.0620793,0.0385287,-0.0578878,-0.0882914,0.0856851,0.0498118,0.0227242,-0.0663384,-0.0454164,0.0384914,0.0193204,-0.0133388,0.0882896,-0.0167534,-0.0861483,-0.0533392,-0.0481164,0.053358,0.00137358,-0.0776802,0.0461071,0.0335319,-0.0627596,0.0641717,0.0346532,-0.0839573,0.0449012,0.017349,0.041214,0.0448291,-0.0255728,0.0507203,-0.0570309,-0.0707149,-0.0310589,-0.0112718,0.0653315,-0.0396462,0.0360606,-0.00447606,-0.0519555,-0.0573541,0.0605013,-0.0234885,-0.0276831,0.0850382,0.0795836,-0.0226852,-0.0564278,0.0438757,-0.0113939,-0.0415174,0.0216283,0.0279619,-0.0796987,-0.0801886,-0.0898394,0.03156,0.073948,-0.0413929,0.0456799,-0.0486224,-0.0601088,0.037513,
-0.0455754,0.0072776,-0.0305479,-0.0870884,-0.0481713,0.0777491,0.0776546,-0.00110936,0.0594701,-0.0751834,0.0679421,0.0630377,-0.0244779,0.0603262,-0.0617225,-0.0239611,-0.0628452,-0.0748498,-0.0159753,0.0170677,0.0777371,0.0374205,0.0796627,-1.26675e-05,-0.089093,-0.0120985,0.0843427,0.0650113,-0.0407293,0.00604923,0.0425312,0.0522067,0.0651682,0.0315663,-0.0326848,-0.0746404,0.0705267,0.00225249,-0.0110915,0.0316506,0.0408487,0.0721848,-0.00234896,0.0698337,0.0327151,-0.0204552,-0.0655817,0.0275079,-0.0805084,0.070502,0.0863207,0.0513507,-0.00304233,0.0327323,0.0370372,-0.0486761,0.0262833,0.0446637,-0.0195077,0.0132014,-0.0147474,-0.047701,-0.02071,-0.0871574,-0.0401497,0.0744462,-0.0708678,0.0249829,-0.0218709,-0.042903,0.0193104,-0.00274268,0.042596,0.00295798,0.0583917,-0.0646981,0.0746147,-0.0209432,0.0068986,0.00437015,-0.0877057,-0.0341095,0.085257,0.0804819,-0.0533089,-0.0683386,0.0794657,0.0110444,-0.0398526,0.0161872,-0.0517209,-0.0715149,0.0651489,0.0396538,0.0350152,-0.0549272,-0.0715346,0.0810371,0.0141495,-0.0187765,0.0514877,0.072138,0.0463286,0.0921667,-0.0079981,0.078133,-0.0307264,-0.0424562,0.0206688,-0.0047649,-0.0269323,-0.040442,-0.0337056,-0.0195915,0.0287813,-0.0839916,-0.0125965,-0.0810833,0.0588959,-0.00129106,0.0265964,-0.0586584,0.0859322,0.0203217,-0.0865569,0.0822924,0.0820305,0.0763471,-0.0455754,0.0072776,-0.0305479,-0.0870884,-0.0481713,0.0777491,0.0776546,-0.00110936,0.0594701,-0.0751834,0.0679421,0.0630377,-0.0244779,0.0603262,-0.0617225,-0.0239611,-0.0628452,-0.0748498,-0.0159753,0.0170677,0.0777371,0.0374205,0.0796627,-1.26675e-05,-0.089093,-0.0120985,0.0843427,0.0650113,-0.0407293,0.00604923,0.0425312,0.0522067,0.0651682,0.0315663,-0.0326848,-0.0746404,0.0705267,0.00225249,-0.0110915,0.0316506,0.0408487,0.0721848,-0.00234896,0.0698337,0.0327151,-0.0204552,-0.0655817,0.0275079,-0.0805084,0.070502,0.0863207,0.0513507,-0.00304233,0.0327323,0.0370372,-0.0486761,0.0262833,0.0446637,-0.0195077,0.0132014,-0.0147474,-0.047701,-0.02071,-0.0871574,-0.0401497,0.0744462,-0.0708678,0.0249829,-0.0218709,-0.042903,0.0193104,-0.00274268,0.042596,0.00295798,0.0583917,-0.0646981,0.0746147,-0.0209432,0.0068986,0.00437015,-0.0877057,-0.0341095,0.085257,0.0804819,-0.0533089,-0.0683386,0.0794657,0.0110444,-0.0398526,0.0161872,-0.0517209,-0.0715149,0.0651489,0.0396538,0.0350152,-0.0549272,-0.0715346,0.0810371,0.0141495,-0.0187765,0.0514877,0.072138,0.0463286,0.0921667,-0.0079981,0.078133,-0.0307264,-0.0424562,0.0206688,-0.0047649,-0.0269323,-0.040442,-0.0337056,-0.0195915,0.0287813,-0.0839916,-0.0125965,-0.0810833,0.0588959,-0.00129106,0.0265964,-0.0586584,0.0859322,0.0203217,-0.0865569,0.0822924,0.0820305,0.0763471,
0.0188675,-0.0618377,0.02199,-0.0794026,0.0367695,0.0935868,0.0319496,-0.0117727,0.0835134,0.00490656,0.0255214,-0.00572348,0.0455034,0.0494554,-0.0104513,-0.0311665,0.0691322,-0.0309476,0.0349253,0.0758258,0.0731708,0.0066893,0.0620018,-0.0688523,-0.0137192,-0.014535,-0.0245986,-0.00901533,-0.0113058,0.0163611,0.0779585,-0.0269434,0.0759533,0.0684884,0.0537099,0.0117176,-0.0473236,-0.00263208,-0.0746327,0.0131862,0.0362526,0.0178235,0.0677007,-0.00365607,-0.0750239,0.086038,-0.0551179,0.0409891,0.0148548,-0.0240668,-0.0171277,-0.0207415,-0.0227957,-0.0550127,0.0882073,0.038042,0.0714645,0.0612133,-0.0479953,0.0305055,-0.0281788,-0.0400446,0.0624956,0.0874743,-0.00346954,0.0313299,0.00829362,0.020819,0.0516936,-0.0143209,0.0228473,0.0820063,-0.0416439,-0.012004,-0.0102486,0.0740882,0.0282439,0.0548613,-0.0303611,-0.000180649,-0.0318629,-0.024885,0.0353358,-0.00498754,0.00249752,-0.0017006,-0.0636502,-0.0386561,-0.0274098,-0.0216897,0.00518949,-0.0768015,-0.0708244,0.0162187,0.00134084,0.0355104,0.0648606,-0.00394773,0.0587877,0.0344323,0.0518485,0.0567573,0.0228115,-0.0352874,0.0404986,0.00558099,-0.00532241,-0.0728624,0.0788135,-0.00304313,-0.0467596,0.0848936,-0.0520649,-0.0095021,0.0881807,0.0216321,-0.00887146,-0.0382676,-0.025048,-0.0160166,-0.075853,0.0575156,-0.0773197,-0.0329545,0.062618,0.0527865,0.0388883,-0.0490283,0.0188675,-0.0618377,0.02199,-0.0794026,0.0367695,0.0935868,0.0319496,-0.0117727,0.0835134,0.00490656,0.0255214,-0.00572348,0.0455034,0.0494554,-0.0104513,-0.0311665,0.0691322,-0.0309476,0.0349253,0.0758258,0.0731708,0.0066893,0.0620018,-0.0688523,-0.0137192,-0.014535,-0.0245986,-0.00901533,-0.0113058,0.0163611,0.0779585,-0.0269434,0.0759533,0.0684884,0.0537099,0.0117176,-0.0473236,-0.00263208,-0.0746327,0.0131862,0.0362526,0.0178235,0.0677007,-0.00365607,-0.0750239,0.086038,-0.0551179,0.0409891,0.0148548,-0.0240668,-0.0171277,-0.0207415,-0.0227957,-0.0550127,0.0882073,0.038042,0.0714645,0.0612133,-0.0479953,0.0305055,-0.0281788,-0.0400446,0.0624956,0.0874743,-0.00346954,0.0313299,0.00829362,0.020819,0.0516936,-0.0143209,0.0228473,0.0820063,-0.0416439,-0.012004,-0.0102486,0.0740882,0.0282439,0.0548613,-0.0303611,-0.000180649,-0.0318629,-0.024885,0.0353358,-0.00498754,0.00249752,-0.0017006,-0.0636502,-0.0386561,-0.0274098,-0.0216897,0.00518949,-0.0768015,-0.0708244,0.0162187,0.00134084,0.0355104,0.0648606,-0.00394773,0.0587877,0.0344323,0.0518485,0.0567573,0.0228115,-0.0352874,0.0404986,0.00558099,-0.00532241,-0.0728624,0.0788135,-0.00304313,-0.0467596,0.0848936,-0.0520649,-0.0095021,0.0881807,0.0216321,-0.00887146,-0.0382676,-0.025048,-0.0160166,-0.075853,0.0575156,-0.0773197,-0.0329545,0.062618,0.0527865,0.0388883,-0.0490283,
0.0113755,0.0491842,-0.0498384,0.0326104,0.00866312,0.0842718,0.0214148,0.00489861,-0.0764747,-0.00914516,0.00389207,-0.0389688,-0.00451829,0.0748515,-0.0837967,0.0872519,-0.0215772,-0.00942977,-0.0158373,-0.0100975,0.0166139,-0.0404059,-0.0271214,0.0528772,0.0385349,-0.0442284,-0.0483997,-0.0798851,0.007929,-0.0435321,0.0658165,0.0875157,-0.0121444,0.0175655,-0.00277751,-0.0705524,-0.0810929,0.0839693,0.0387484,-0.0601745,-0.0850993,0.064371,-0.04589,-0.0286432,0.041156,0.0495346,0.0157322,-0.0509234,0.0541382,-0.0248008,0.0105268,-0.0295498,-0.0167158,0.0854479,0.0777732,0.0256417,0.0696067,-0.0705621,0.0496289,-0.00935078,0.0363791,0.0175345,-0.00863203,-0.0772361,0.0282987,0.0498296,-0.0361122,-0.0220975,-0.0386408,0.0341324,-0.074161,0.0600565,-0.0938306,0.0819647,0.0053862,-0.0276914,-0.0254356,0.0559792,-0.0293295,-0.00795686,-0.0419536,0.0633049,0.0121815,0.0788855,-0.0589005,0.0307758,0.00508666,0.0285802,-0.000867262,-0.0616963,0.0442995,-0.068128,0.0705448,-0.0395552,0.00328795,0.0772246,-0.0157503,-0.0711857,0.0377469,0.0825204,0.0859441,-0.0588999,0.0490537,0.0759308,-0.0754687,-0.0320748,-0.0532294,0.0416445,-0.0369115,-0.0861544,-0.0202727,-0.0389503,-0.0029784,0.00877226,-0.0383427,0.00625113,0.00602282,0.0364385,-0.0234987,0.00991694,-0.061012,0.0654453,0.0637444,-0.0217084,-0.00697151,-0.0612834,0.0285873,-0.0909291,0.0113755,0.0491842,-0.0498384,0.0326104,0.00866312,0.0842718,0.0214148,0.00489861,-0.0764747,-0.00914516,0.00389207,-0.0389688,-0.00451829,0.0748515,-0.0837967,0.0872519,-0.0215772,-0.00942977,-0.0158373,-0.0100975,0.0166139,-0.0404059,-0.0271214,0.0528772,0.0385349,-0.0442284,-0.0483997,-0.0798851,0.007929,-0.0435321,0.0658165,0.0875157,-0.0121444,0.0175655,-0.00277751,-0.0705524,-0.0810929,0.0839693,0.0387484,-0.0601745,-0.0850993,0.064371,-0.04589,-0.0286432,0.041156,0.0495346,0.0157322,-0.0509234,0.0541382,-0.0248008,0.0105268,-0.0295498,-0.0167158,0.0854479,0.0777732,0.0256417,0.0696067,-0.0705621,0.0496289,-0.00935078,0.0363791,0.0175345,-0.00863203,-0.0772361,0.0282987,0.0498296,-0.0361122,-0.0220975,-0.0386408,0.0341324,-0.074161,0.0600565,-0.0938306,0.0819647,0.0053862,-0.0276914,-0.0254356,0.0559792,-0.0293295,-0.00795686,-0.0419536,0.0633049,0.0121815,0.0788855,-0.0589005,0.0307758,0.00508666,0.0285802,-0.000867262,-0.0616963,0.0442995,-0.068128,0.0705448,-0.0395552,0.00328795,0.0772246,-0.0157503,-0.0711857,0.0377469,0.0825204,0.0859441,-0.0588999,0.0490537,0.0759308,-0.0754687,-0.0320748,-0.0532294,0.0416445,-0.0369115,-0.0861544,-0.0202727,-0.0389503,-0.0029784,0.00877226,-0.0383427,0.00625113,0.00602282,0.0364385,-0.0234987,0.00991694,-0.061012,0.0654453,0.0637444,-0.0217084,-0.00697151,-0.0612834,0.0285873,-0.0909291,
-0.0831551,-0.00997988,-0.0735575,0.025047,0.0125472,-0.0831194,0.0905695,0.00506952,-0.0591318,0.0626738,0.0821042,-0.0288841,0.0290442,0.00791252,-0.0343178,-0.0490799,-0.0774935,0.0426368,0.0207215,0.0563886,0.00786296,0.0358821,-0.0337762,0.0673354,0.0795138,-0.0783825,0.0797811,-0.0868987,0.0101205,-0.0425545,0.0811447,-0.0807984,0.0846167,0.01119,-0.0249943,-0.035191,0.0358465,-0.0773795,0.0545311,0.0582808,0.0440807,0.0152806,0.0442354,0.066774,0.0444512,0.0382207,-0.0130388,0.0178927,0.0109058,0.0427309,0.070485,0.050307,-0.0428874,0.0196055,0.0520565,-0.0109794,0.0715327,-0.0738379,-0.0852267,-0.0159786,-0.0611212,-0.0923823,-0.0659169,0.0741987,0.0120167,-0.0165029,0.0186531,-0.0306961,-0.0343061,-0.00453812,-0.0274518,0.0282065,-0.0823357,0.0472959,-0.0380337,-0.00789795,0.0747659,0.00668145,0.0225689,-0.0419694,-0.0640916,-0.0826612,0.0535915,0.0298555,-0.0690769,-0.0169202,0.0185949,0.0632586,-0.0324397,-0.0723111,0.0928458,-0.0435402,-0.0205288,0.0388119,-0.00786579,-0.0283141,-0.0594093,0.00229262,0.00651354,0.0224661,0.0221477,0.0314368,-0.0714151,-0.026686,0.0477047,-0.00387763,-0.0330997,-0.0367152,0.0480825,-0.0804719,-0.0436961,-0.00273931,-0.0695445,0.0769611,-0.0862501,-0.0146388,-0.0806032,0.0413225,-0.0155544,-0.0374003,-0.00544048,0.0528284,0.048536,-0.021319,-0.0513975,0.0800453,-0.037157,-0.0747019,-0.0831551,-0.00997988,-0.0735575,0.025047,0.0125472,-0.0831194,0.0905695,0.00506952,-0.0591318,0.0626738,0.0821042,-0.0288841,0.0290442,0.00791252,-0.0343178,-0.0490799,-0.0774935,0.0426368,0.0207215,0.0563886,0.00786296,0.0358821,-0.0337762,0.0673354,0.0795138,-0.0783825,0.0797811,-0.0868987,0.0101205,-0.0425545,0.0811447,-0.0807984,0.0846167,0.01119,-0.0249943,-0.035191,0.0358465,-0.0773795,0.0545311,0.0582808,0.0440807,0.0152806,0.0442354,0.066774,0.0444512,0.0382207,-0.0130388,0.0178927,0.0109058,0.0427309,0.070485,0.050307,-0.0428874,0.0196055,0.0520565,-0.0109794,0.0715327,-0.0738379,-0.0852267,-0.0159786,-0.0611212,-0.0923823,-0.0659169,0.0741987,0.0120167,-0.0165029,0.0186531,-0.0306961,-0.0343061,-0.00453812,-0.0274518,0.0282065,-0.0823357,0.0472959,-0.0380337,-0.00789795,0.0747659,0.00668145,0.0225689,-0.0419694,-0.0640916,-0.0826612,0.0535915,0.0298555,-0.0690769,-0.0169202,0.0185949,0.0632586,-0.0324397,-0.0723111,0.0928458,-0.0435402,-0.0205288,0.0388119,-0.00786579,-0.0283141,-0.0594093,0.00229262,0.00651354,0.0224661,0.0221477,0.0314368,-0.0714151,-0.026686,0.0477047,-0.00387763,-0.0330997,-0.0367152,0.0480825,-0.0804719,-0.0436961,-0.00273931,-0.0695445,0.0769611,-0.0862501,-0.0146388,-0.0806032,0.0413225,-0.0155544,-0.0374003,-0.00544048,0.0528284,0.048536,-0.021319,-0.0513975,0.0800453,-0.037157,-0.0747019,
-0.0301046,-0.0449948,-0.00551232,0.0423994,-0.0483032,0.0405875,0.0505405,0.0450916,0.0774537,0.0270793,0.0351124,-0.0772365,0.0330601,-0.0688284,0.036397,-0.00914779,0.0391413,0.0623026,0.00159033,-0.0159118,0.0844198,-0.095075,-0.00253113,0.00196535,0.0172481,-0.00598942,0.0760056,-0.0629372,0.085967,-0.00446645,0.00979817,0.0303728,-0.0493206,0.00814601,0.0707771,0.0795142,-0.0349382,-0.0133014,0.0860464,-0.0204032,-0.0553657,-0.0109888,-0.00420382,0.0503064,0.00583895,0.00241821,0.0251436,0.0841029,-0.0174323,-0.0440206,-0.0768628,0.00904342,0.0583141,-0.0266272,-0.0458254,0.0539639,-0.0648652,-0.0656844,0.0175061,0.0357177,-0.0724332,-0.0239982,-0.0252176,0.0871549,-0.0202206,0.0579285,0.0184324,-0.0370585,0.0259134,0.00423331,-0.0300668,-0.0778657,0.067898,0.0069793,0.0743758,-0.0098118,0.0823367,0.0742518,0.0529782,0.0713299,0.00824056,0.0531635,0.0543551,0.00205479,0.00987381,0.0205229,-0.0776057,0.0670266,0.0802378,-0.0433357,-0.0576552,0.0519685,-0.0843343,0.00704919,-0.00210542,-0.0592262,-0.00495193,0.0288551,-0.0703105,0.0785848,0.0843308,0.0757678,-0.0762281,0.0280147,0.0370977,0.0331067,-0.0111094,0.0502757,-0.0180293,0.0235445,-0.0641338,0.0062633,0.044375,0.0538736,0.058687,-0.0667553,0.0792773,0.0636092,-0.0152151,0.0503369,-0.0567165,0.0364478,0.0192792,0.0242704,-0.0612372,0.0164101,-0.0182456,0.0820798,-0.0301046,-0.0449948,-0.00551232,0.0423994,-0.0483032,0.0405875,0.0505405,0.0450916,0.0774537,0.0270793,0.0351124,-0.0772365,0.0330601,-0.0688284,0.036397,-0.00914779,0.0391413,0.0623026,0.00159033,-0.0159118,0.0844198,-0.095075,-0.00253113,0.00196535,0.0172481,-0.00598942,0.0760056,-0.0629372,0.085967,-0.00446645,0.00979817,0.0303728,-0.0493206,0.00814601,0.0707771,0.0795142,-0.0349382,-0.0133014,0.0860464,-0.0204032,-0.0553657,-0.0109888,-0.00420382,0.0503064,0.00583895,0.00241821,0.0251436,0.0841029,-0.0174323,-0.0440206,-0.0768628,0.00904342,0.0583141,-0.0266272,-0.0458254,0.0539639,-0.0648652,-0.0656844,0.0175061,0.0357177,-0.0724332,-0.0239982,-0.0252176,0.0871549,-0.0202206,0.0579285,0.0184324,-0.0370585,0.0259134,0.00423331,-0.0300668,-0.0778657,0.067898,0.0069793,0.0743758,-0.0098118,0.0823367,0.0742518,0.0529782,0.0713299,0.00824056,0.0531635,0.0543551,0.00205479,0.00987381,0.0205229,-0.0776057,0.0670266,0.0802378,-0.0433357,-0.0576552,0.0519685,-0.0843343,0.00704919,-0.00210542,-0.0592262,-0.00495193,0.0288551,-0.0703105,0.0785848,0.0843308,0.0757678,-0.0762281,0.0280147,0.0370977,0.0331067,-0.0111094,0.0502757,-0.0180293,0.0235445,-0.0641338,0.0062633,0.044375,0.0538736,0.058687,-0.0667553,0.0792773,0.0636092,-0.0152151,0.0503369,-0.0567165,0.0364478,0.0192792,0.0242704,-0.0612372,0.0164101,-0.0182456,0.0820798,
-0.0294563,0.0186144,0.000370516,0.0108492,0.0456359,-0.089884,-0.0536584,0.0328374,0.0654634,-0.0854823,-0.0572863,-0.00799994,0.0426843,0.0364305,0.00845258,0.0149515,-0.0479902,-0.0597675,-0.0018649,0.042046,-0.0399183,-0.0511056,0.0528925,0.0827329,-0.0515754,0.0232869,0.0155089,0.0361167,0.0292162,-0.0639436,-0.0185652,0.0726186,0.0300605,-0.0445282,-0.00828759,-0.0805225,-0.0458156,0.089109,0.00193333,-0.023468,-0.0682304,0.026063,-0.00674553,-0.0784207,-0.0526053,0.0796235,-0.0585427,0.0565455,0.0646179,0.0758907,0.0337383,-0.0496822,0.045056,-0.0425841,0.00894385,0.0127773,-0.0280629,0.0492264,-0.0249342,0.0560679,0.0738722,0.0292471,0.00514038,-0.0367103,0.00571245,0.0789182,-0.00890112,0.0645047,0.0138507,0.0135132,-0.0794997,-0.00548402,0.00646952,-0.0644536,0.0353811,0.0573873,-0.0450239,-0.0116052,-0.0082809,0.0625765,8.04302e-05,0.0477612,-0.0809162,-0.0829915,0.0657476,0.0190453,-0.0853477,-0.0454888,-0.000222983,0.00626308,-0.00578864,-0.0849105,-0.0315429,-0.00578134,0.0772119,0.0747572,-0.0170144,-0.0644771,-0.00524953,-0.0304144,-0.0228217,0.0621195,-0.0491503,-0.0222092,-0.0361342,-0.00153277,0.0435714,-0.0464826,0.0138365,0.0100633,0.00719056,-0.0578429,0.078691,0.0513257,0.0730308,0.0880989,0.0583504,-0.0663073,-0.00929903,-0.060334,-0.0343589,-0.0766864,0.0184807,0.0444435,-0.0725405,0.0808564,0.0548423,-0.0822342,-0.0294563,0.0186144,0.000370516,0.0108492,0.0456359,-0.089884,-0.0536584,0.0328374,0.0654634,-0.0854823,-0.0572863,-0.00799994,0.0426843,0.0364305,0.00845258,0.0149515,-0.0479902,-0.0597675,-0.0018649,0.042046,-0.0399183,-0.0511056,0.0528925,0.0827329,-0.0515754,0.0232869,0.0155089,0.0361167,0.0292162,-0.0639436,-0.0185652,0.0726186,0.0300605,-0.0445282,-0.00828759,-0.0805225,-0.0458156,0.089109,0.00193333,-0.023468,-0.0682304,0.026063,-0.00674553,-0.0784207,-0.0526053,0.0796235,-0.0585427,0.0565455,0.0646179,0.0758907,0.0337383,-0.0496822,0.045056,-0.0425841,0.00894385,0.0127773,-0.0280629,0.0492264,-0.0249342,0.0560679,0.0738722,0.0292471,0.00514038,-0.0367103,0.00571245,0.0789182,-0.00890112,0.0645047,0.0138507,0.0135132,-0.0794997,-0.00548402,0.00646952,-0.0644536,0.0353811,0.0573873,-0.0450239,-0.0116052,-0.0082809,0.0625765,8.04302e-05,0.0477612,-0.0809162,-0.0829915,0.0657476,0.0190453,-0.0853477,-0.0454888,-0.000222983,0.00626308,-0.00578864,-0.0849105,-0.0315429,-0.00578134,0.0772119,0.0747572,-0.0170144,-0.0644771,-0.00524953,-0.0304144,-0.0228217,0.0621195,-0.0491503,-0.0222092,-0.0361342,-0.00153277,0.0435714,-0.0464826,0.0138365,0.0100633,0.00719056,-0.0578429,0.078691,0.0513257,0.0730308,0.0880989,0.0583504,-0.0663073,-0.00929903,-0.060334,-0.0343589,-0.0766864,0.0184807,0.0444435,-0.0725405,0.0808564,0.0548423,-0.0822342,
-0.0225749,-0.0222683,-0.0777217,0.0825118,0.0480179,0.0297631,0.0514551,-0.0721818,-0.050226,-0.0917683,0.0250427,-0.0551976,0.0447066,-0.0727573,0.0186669,-0.014162,0.0266289,-0.0625564,-0.0439094,0.0188,-0.00325866,0.0043016,-0.0432492,0.0615442,0.0845061,-0.0136296,-0.0776886,-0.0208294,-0.0778169,-0.0425549,0.0407666,-0.0558922,-0.0419905,-0.0699445,-0.0478144,-0.0227135,-0.0876691,-0.0772824,-0.00887396,-0.0632048,-0.0663823,0.0815545,0.0297162,0.020874,0.0247336,-0.0286475,-0.0880255,-0.0522065,0.0145379,-0.0180104,-0.00394012,0.0574558,0.0935792,-0.0571293,0.0414366,-0.0476083,-0.0692855,-0.0565565,0.0890728,-0.0744936,-0.0113422,-0.0043764,-0.0869067,0.0532318,0.0852486,0.055695,-0.0956034,0.0749933,0.00375969,-0.062233,0.0391572,-0.0062266,0.0615478,0.0200188,-0.029553,0.058066,0.0113641,-0.0387425,0.0556104,0.0722958,0.0637882,-0.0142493,0.00695002,0.0661579,0.0552898,-0.0527202,0.0763706,-0.0379267,0.0921554,0.0249728,-0.00467062,0.00574045,-0.0754607,0.0119323,-0.0797934,-0.00555505,0.031766,-0.0346364,0.0704792,-0.0701733,0.0600896,0.0442632,0.0186088,-0.0488787,0.00775021,-0.0526065,0.020389,-0.0329467,-0.0676164,0.0184461,-0.0541977,-0.00912839,-0.0497619,-0.052644,0.0184192,0.0650103,0.000366034,0.0173901,0.0748885,0.0652304,0.0988187,0.0626712,-0.0798809,0.0738515,0.0667098,-0.0375682,-0.0506727,0.0681537,-0.0225749,-0.0222683,-0.0777217,0.0825118,0.0480179,0.0297631,0.0514551,-0.0721818,-0.050226,-0.0917683,0.0250427,-0.0551976,0.0447066,-0.0727573,0.0186669,-0.014162,0.0266289,-0.0625564,-0.0439094,0.0188,-0.00325866,0.0043016,-0.0432492,0.0615442,0.0845061,-0.0136296,-0.0776886,-0.0208294,-0.0778169,-0.0425549,0.0407666,-0.0558922,-0.0419905,-0.0699445,-0.0478144,-0.0227135,-0.0876691,-0.0772824,-0.00887396,-0.0632048,-0.0663823,0.0815545,0.0297162,0.020874,0.0247336,-0.0286475,-0.0880255,-0.0522065,0.0145379,-0.0180104,-0.00394012,0.0574558,0.0935792,-0.0571293,0.0414366,-0.0476083,-0.0692855,-0.0565565,0.0890728,-0.0744936,-0.0113422,-0.0043764,-0.0869067,0.0532318,0.0852486,0.055695,-0.0956034,0.0749933,0.00375969,-0.062233,0.0391572,-0.0062266,0.0615478,0.0200188,-0.029553,0.058066,0.0113641,-0.0387425,0.0556104,0.0722958,0.0637882,-0.0142493,0.00695002,0.0661579,0.0552898,-0.0527202,0.0763706,-0.0379267,0.0921554,0.0249728,-0.00467062,0.00574045,-0.0754607,0.0119323,-0.0797934,-0.00555505,0.031766,-0.0346364,0.0704792,-0.0701733,0.0600896,0.0442632,0.0186088,-0.0488787,0.00775021,-0.0526065,0.020389,-0.0329467,-0.0676164,0.0184461,-0.0541977,-0.00912839,-0.0497619,-0.052644,0.0184192,0.0650103,0.000366034,0.0173901,0.0748885,0.0652304,0.0988187,0.0626712,-0.0798809,0.0738515,0.0667098,-0.0375682,-0.0506727,0.0681537,
0.00430175,-0.057134,-0.014398,-0.0330508,-0.0586944,-0.000954132,0.0230613,0.0544914,-0.00950644,-0.0663682,-0.0387241,0.0248669,-0.0593285,0.0104537,0.0155827,0.0679943,0.0264413,-0.0213805,0.0631341,-0.0323377,-0.0817213,0.0375424,-0.0701767,0.0533546,0.0726931,0.0149662,-0.0758296,0.00139173,-0.0235826,-0.00849323,0.0124856,0.00783581,0.0432575,0.0469842,-0.0846283,0.0255967,-0.0421479,0.0449732,0.073641,-0.0286351,-0.0460035,0.0307371,-0.0837211,0.00768148,0.0226253,0.00469956,-0.0554786,-0.0669843,-0.0284861,0.0730241,0.00678644,-0.0221934,0.0114523,0.0716813,0.058873,-0.0562178,-0.0255395,0.0228887,0.0559424,0.0292709,0.0159487,-0.02503,0.0150448,0.0696869,-0.000598341,0.0767652,0.0469801,-0.024452,-0.0768344,0.0450649,0.0383287,0.0356241,-0.00117335,0.0940688,-0.0773136,-0.0395669,0.0363244,0.0448097,-0.0472615,-0.046951,0.0519135,-0.0908158,-0.0409039,-0.00388123,0.00960064,-0.0146062,0.0880458,-0.0763612,-0.0389739,-0.0297173,0.0685516,-0.0569068,0.0101456,0.0673353,-0.0521927,0.0159423,0.0382614,-0.0144805,-0.0468181,-0.0224012,-0.0242696,0.0212488,-0.0536174,0.0594935,-0.040067,0.0672921,0.0719424,0.0477909,0.0478045,-0.0901396,0.0076205,-0.0354666,0.0401277,0.072315,-0.0425808,0.0586756,0.0522951,-0.0234503,0.0549362,0.0617968,0.0516511,0.063473,0.0815423,0.0759829,-0.0367304,0.0482028,0.00791638,-0.0535032,0.00430175,-0.057134,-0.014398,-0.0330508,-0.0586944,-0.000954132,0.0230613,0.0544914,-0.00950644,-0.0663682,-0.0387241,0.0248669,-0.0593285,0.0104537,0.0155827,0.0679943,0.0264413,-0.0213805,0.0631341,-0.0323377,-0.0817213,0.0375424,-0.0701767,0.0533546,0.0726931,0.0149662,-0.0758296,0.00139173,-0.0235826,-0.00849323,0.0124856,0.00783581,0.0432575,0.0469842,-0.0846283,0.0255967,-0.0421479,0.0449732,0.073641,-0.0286351,-0.0460035,0.0307371,-0.0837211,0.00768148,0.0226253,0.00469956,-0.0554786,-0.0669843,-0.0284861,0.0730241,0.00678644,-0.0221934,0.0114523,0.0716813,0.058873,-0.0562178,-0.0255395,0.0228887,0.0559424,0.0292709,0.0159487,-0.02503,0.0150448,0.0696869,-0.000598341,0.0767652,0.0469801,-0.024452,-0.0768344,0.0450649,0.0383287,0.0356241,-0.00117335,0.0940688,-0.0773136,-0.0395669,0.0363244,0.0448097,-0.0472615,-0.046951,0.0519135,-0.0908158,-0.0409039,-0.00388123,0.00960064,-0.0146062,0.0880458,-0.0763612,-0.0389739,-0.0297173,0.0685516,-0.0569068,0.0101456,0.0673353,-0.0521927,0.0159423,0.0382614,-0.0144805,-0.0468181,-0.0224012,-0.0242696,0.0212488,-0.0536174,0.0594935,-0.040067,0.0672921,0.0719424,0.0477909,0.0478045,-0.0901396,0.0076205,-0.0354666,0.0401277,0.072315,-0.0425808,0.0586756,0.0522951,-0.0234503,0.0549362,0.0617968,0.0516511,0.063473,0.0815423,0.0759829,-0.0367304,0.0482028,0.00791638,-0.0535032,
0.0232275,-0.0206947,-0.0416273,-0.0570931,0.0110449,0.0444008,0.00942248,0.0106891,0.0102273,-0.0583539,-0.06971,0.0702315,-0.0513339,-0.0242738,0.0561597,-0.0856667,-0.0246317,-0.00154942,0.0101769,0.023579,-0.0115707,-0.0279012,-0.0769855,-0.034994,-0.0477779,0.0859488,0.073628,0.0177892,0.0586249,0.0714303,0.00725343,0.0449874,0.0860959,-0.0467105,0.0719549,-0.00795189,-0.0463904,0.0851329,-0.0665795,-0.0459733,0.0104883,0.0729608,0.0363361,0.0176295,-0.0338617,-0.0266326,-0.00805457,-0.0353092,0.0631286,-0.055288,0.0777456,0.00157363,0.029247,0.00557242,0.00774941,0.025247,-0.0911838,-0.0252999,-0.0689568,0.0126202,-0.0718842,0.076664,-0.0159876,-0.0620301,-0.0459788,0.0311692,0.0373687,-0.0467813,0.0394792,-0.0608355,-0.0766329,0.00805481,0.0307927,0.0140982,-0.00739682,-0.0818976,-0.0767144,0.022054,0.0754454,-0.0344089,-0.0534912,-0.0521157,0.0864294,-0.000312784,0.0771563,-0.0500912,0.0191094,0.0258871,0.0642894,0.0436853,0.0796899,-0.0658315,-0.0629311,-0.0755278,0.0784399,0.0247832,-0.0872044,0.0372565,-0.0139672,0.0380664,-0.0754135,0.0216794,-0.0841379,-0.0243726,-0.0454351,0.0285998,-0.00772957,0.00652572,0.0471297,0.0645001,-0.0548044,0.0774042,0.0838068,0.0455274,0.0699063,0.0011357,0.0643141,0.0438489,-0.02711,0.0265534,0.0746534,0.0626399,-0.0736583,-0.0512097,0.0328572,0.0216835,0.0604062,-0.0529515,0.0232275,-0.0206947,-0.0416273,-0.0570931,0.0110449,0.0444008,0.00942248,0.0106891,0.0102273,-0.0583539,-0.06971,0.0702315,-0.0513339,-0.0242738,0.0561597,-0.0856667,-0.0246317,-0.00154942,0.0101769,0.023579,-0.0115707,-0.0279012,-0.0769855,-0.034994,-0.0477779,0.0859488,0.073628,0.0177892,0.0586249,0.0714303,0.00725343,0.0449874,0.0860959,-0.0467105,0.0719549,-0.00795189,-0.0463904,0.0851329,-0.0665795,-0.0459733,0.0104883,0.0729608,0.0363361,0.0176295,-0.0338617,-0.0266326,-0.00805457,-0.0353092,0.0631286,-0.055288,0.0777456,0.00157363,0.029247,0.00557242,0.00774941,0.025247,-0.0911838,-0.0252999,-0.0689568,0.0126202,-0.0718842,0.076664,-0.0159876,-0.0620301,-0.0459788,0.0311692,0.0373687,-0.0467813,0.0394792,-0.0608355,-0.0766329,0.00805481,0.0307927,0.0140982,-0.00739682,-0.0818976,-0.0767144,0.022054,0.0754454,-0.0344089,-0.0534912,-0.0521157,0.0864294,-0.000312784,0.0771563,-0.0500912,0.0191094,0.0258871,0.0642894,0.0436853,0.0796899,-0.0658315,-0.0629311,-0.0755278,0.0784399,0.0247832,-0.0872044,0.0372565,-0.0139672,0.0380664,-0.0754135,0.0216794,-0.0841379,-0.0243726,-0.0454351,0.0285998,-0.00772957,0.00652572,0.0471297,0.0645001,-0.0548044,0.0774042,0.0838068,0.0455274,0.0699063,0.0011357,0.0643141,0.0438489,-0.02711,0.0265534,0.0746534,0.0626399,-0.0736583,-0.0512097,0.0328572,0.0216835,0.0604062,-0.0529515,
0.0590579,0.0813864,-0.0165446,0.0312054,0.0215808,-0.0324253,0.041975,0.0607275,0.075239,-0.054597,-0.0311895,-0.0398738,-0.00456622,0.0887304,-0.0367604,-0.0598856,0.0688258,-0.0816621,0.0256562,-0.0542405,0.000515378,-0.0271628,-0.00842301,0.0240996,0.0344436,0.0866953,0.00508275,0.0754972,-0.0920795,-0.00574656,0.0286359,0.0799284,0.0743417,-0.0375297,0.00399127,-0.000140153,0.0256965,0.050227,-0.00960001,-0.0641627,-0.0754638,0.0801254,-0.0489291,-0.0398251,0.0274226,-0.0538766,0.0393806,-0.0244291,-0.0167922,0.0772828,0.0137279,0.0195852,0.031451,0.0156716,-0.0552612,-0.0217096,0.0261284,0.00364776,-0.0441759,0.0711304,0.0714862,-0.0534067,0.0339006,0.00627583,0.0826616,0.0689448,-0.0869073,0.0628632,0.0264863,-0.05016,-0.0123873,-0.0513964,-0.0252286,0.0690793,-0.0301158,0.0502086,0.0404725,0.0617393,0.0520034,0.0758226,-0.0327538,0.0877016,0.0349099,-0.0702291,-0.0277315,-0.0470019,0.00561869,0.0132112,-0.00709567,-0.0809934,-0.0266186,-0.0681159,-0.0121941,0.0546196,0.0109265,0.0365131,-0.00249347,0.0471181,0.00638168,0.067973,-0.0526963,-0.0296628,0.0617951,0.00331826,0.0864414,-0.0556392,0.0450985,0.083551,0.0328819,0.00732586,-0.0650851,-0.0406018,-0.00818721,-0.0567019,-0.03147,0.00435503,-0.073601,0.0341767,-0.0253926,-0.0224397,0.0191651,-0.0361595,0.0638245,-0.0138945,0.0506357,0.0242833,-0.0741124,0.0779902,0.0590579,0.0813864,-0.0165446,0.0312054,0.0215808,-0.0324253,0.041975,0.0607275,0.075239,-0.054597,-0.0311895,-0.0398738,-0.00456622,0.0887304,-0.0367604,-0.0598856,0.0688258,-0.0816621,0.0256562,-0.0542405,0.000515378,-0.0271628,-0.00842301,0.0240996,0.0344436,0.0866953,0.00508275,0.0754972,-0.0920795,-0.00574656,0.0286359,0.0799284,0.0743417,-0.0375297,0.00399127,-0.000140153,0.0256965,0.050227,-0.00960001,-0.0641627,-0.0754638,0.0801254,-0.0489291,-0.0398251,0.0274226,-0.0538766,0.0393806,-0.0244291,-0.0167922,0.0772828,0.0137279,0.0195852,0.031451,0.0156716,-0.0552612,-0.0217096,0.0261284,0.00364776,-0.0441759,0.0711304,0.0714862,-0.0534067,0.0339006,0.00627583,0.0826616,0.0689448,-0.0869073,0.0628632,0.0264863,-0.05016,-0.0123873,-0.0513964,-0.0252286,0.0690793,-0.0301158,0.0502086,0.0404725,0.0617393,0.0520034,0.0758226,-0.0327538,0.0877016,0.0349099,-0.0702291,-0.0277315,-0.0470019,0.00561869,0.0132112,-0.00709567,-0.0809934,-0.0266186,-0.0681159,-0.0121941,0.0546196,0.0109265,0.0365131,-0.00249347,0.0471181,0.00638168,0.067973,-0.0526963,-0.0296628,0.0617951,0.00331826,0.0864414,-0.0556392,0.0450985,0.083551,0.0328819,0.00732586,-0.0650851,-0.0406018,-0.00818721,-0.0567019,-0.03147,0.00435503,-0.073601,0.0341767,-0.0253926,-0.0224397,0.0191651,-0.0361595,0.0638245,-0.0138945,0.0506357,0.0242833,-0.0741124,0.0779902,
-0.0555785,0.0481002,0.0349455,0.0663176,0.00520183,0.0738647,-0.0398675,-0.0642179,0.0516829,0.0817308,0.0515376,0.0318281,-0.00531816,-0.00107158,0.00649211,0.0085001,-0.0173923,-0.0862503,0.041456,-0.0126768,-0.0378206,0.0410481,-0.0641624,-0.084562,-0.0657801,-0.0336308,-0.0764477,-0.0313031,-0.0729501,-0.0176147,-0.00859374,-0.0688469,0.0466794,0.0564696,0.0437619,-0.0200519,-0.0381291,-0.077325,-0.010067,-0.0134778,0.0821674,0.0811032,-0.0861,0.0299551,-0.0288391,0.00322296,-0.0365059,0.0657757,0.0645748,-0.08659,0.0161394,-0.0466774,0.0753874,0.00881534,-0.0655155,0.00615541,0.00107718,0.0584823,0.0763128,-0.0186471,0.0468349,-0.0267468,0.0428393,-0.0856536,-0.0713371,0.0814175,-0.0859609,-0.0437612,0.0667831,-0.0163896,-0.0441741,-0.00392078,0.0343062,0.0597472,-0.0455282,-0.00336303,-0.0513432,-0.0101884,-0.0556549,0.0834529,0.0105867,0.0529755,0.0871403,-0.00518154,0.0521587,-0.00200765,-0.0697996,-0.0585322,0.0470089,-0.0476461,0.0909703,-0.0457018,-0.0822898,0.0828557,-0.0109996,0.0577969,0.0791916,-0.0416779,-0.0496995,0.0162083,0.0301652,0.0361924,-0.00727309,-0.0210932,-0.079818,0.0146305,-0.079987,0.0214103,-0.0519552,-0.0254488,0.0793898,-0.0255527,-0.031085,-0.0393596,-0.0289212,-0.00899836,-0.0591485,-0.0203445,-0.0923438,0.063914,0.0225245,0.0264763,0.00840036,0.0826751,0.0445162,0.0254111,-0.00706777,-0.0863343,-0.0555785,0.0481002,0.0349455,0.0663176,0.00520183,0.0738647,-0.0398675,-0.0642179,0.0516829,0.0817308,0.0515376,0.0318281,-0.00531816,-0.00107158,0.00649211,0.0085001,-0.0173923,-0.0862503,0.041456,-0.0126768,-0.0378206,0.0410481,-0.0641624,-0.084562,-0.0657801,-0.0336308,-0.0764477,-0.0313031,-0.0729501,-0.0176147,-0.00859374,-0.0688469,0.0466794,0.0564696,0.0437619,-0.0200519,-0.0381291,-0.077325,-0.010067,-0.0134778,0.0821674,0.0811032,-0.0861,0.0299551,-0.0288391,0.00322296,-0.0365059,0.0657757,0.0645748,-0.08659,0.0161394,-0.0466774,0.0753874,0.00881534,-0.0655155,0.00615541,0.00107718,0.0584823,0.0763128,-0.0186471,0.0468349,-0.0267468,0.0428393,-0.0856536,-0.0713371,0.0814175,-0.0859609,-0.0437612,0.0667831,-0.0163896,-0.0441741,-0.00392078,0.0343062,0.0597472,-0.0455282,-0.00336303,-0.0513432,-0.0101884,-0.0556549,0.0834529,0.0105867,0.0529755,0.0871403,-0.00518154,0.0521587,-0.00200765,-0.0697996,-0.0585322,0.0470089,-0.0476461,0.0909703,-0.0457018,-0.0822898,0.0828557,-0.0109996,0.0577969,0.0791916,-0.0416779,-0.0496995,0.0162083,0.0301652,0.0361924,-0.00727309,-0.0210932,-0.079818,0.0146305,-0.079987,0.0214103,-0.0519552,-0.0254488,0.0793898,-0.0255527,-0.031085,-0.0393596,-0.0289212,-0.00899836,-0.0591485,-0.0203445,-0.0923438,0.063914,0.0225245,0.0264763,0.00840036,0.0826751,0.0445162,0.0254111,-0.00706777,-0.0863343,
0.0484284,0.0647587,-0.0867523,-0.0859073,0.0179067,0.059312,0.0524512,0.0184615,0.0339191,-0.0405648,-0.0847343,0.0494229,-0.00209197,0.0445606,0.0554817,0.0353089,-0.025697,-0.00286662,0.0191636,0.0097766,0.0629967,-0.0252391,0.00611812,0.0843378,0.0735392,0.0566174,-0.0463006,0.0160002,0.0426437,-0.000376854,-0.0281522,0.0286556,-0.0489475,-0.0484591,0.0146673,0.0133358,0.0749861,0.0590828,0.0122263,0.0743931,0.0422366,0.0257967,0.0295714,-0.0499613,0.00531972,-0.025489,0.0650342,-0.0514378,0.0721548,-0.000652197,0.0714904,0.0112047,0.0100399,0.0738112,-0.015264,0.00669687,-0.00325894,0.0561854,-0.0662277,-0.0741558,0.0882128,0.0898342,0.0525366,-0.0747663,0.0116872,0.0873027,0.0615497,0.0798768,0.054337,-0.0622956,0.0456866,-0.000601081,0.0344401,0.0692277,0.0652777,0.0669693,0.0885748,0.0319656,-0.0429507,-0.0646302,-0.0109416,0.0461331,-0.0294128,0.00862271,-0.0062974,-0.0693925,0.0737685,0.0469616,0.0567261,0.077573,-0.0764754,-0.0539899,0.01506,0.0157624,0.0280193,0.0228873,-0.054597,-0.0655762,-0.000526009,0.065981,0.012614,-0.0418498,0.0358893,0.0231101,0.0706596,-0.0919959,-0.0381062,0.0374046,-0.0285507,0.0333821,-0.00663512,0.00209418,0.0326729,-0.0685807,0.0275578,-0.0406975,-0.0816664,-0.0792821,-0.0398749,0.00201805,-0.0877482,-0.0361072,0.0555677,-0.0437499,-0.0734274,-0.0519807,-0.00878682,0.075351,0.0484284,0.0647587,-0.0867523,-0.0859073,0.0179067,0.059312,0.0524512,0.0184615,0.0339191,-0.0405648,-0.0847343,0.0494229,-0.00209197,0.0445606,0.0554817,0.0353089,-0.025697,-0.00286662,0.0191636,0.0097766,0.0629967,-0.0252391,0.00611812,0.0843378,0.0735392,0.0566174,-0.0463006,0.0160002,0.0426437,-0.000376854,-0.0281522,0.0286556,-0.0489475,-0.0484591,0.0146673,0.0133358,0.0749861,0.0590828,0.0122263,0.0743931,0.0422366,0.0257967,0.0295714,-0.0499613,0.00531972,-0.025489,0.0650342,-0.0514378,0.0721548,-0.000652197,0.0714904,0.0112047,0.0100399,0.0738112,-0.015264,0.00669687,-0.00325894,0.0561854,-0.0662277,-0.0741558,0.0882128,0.0898342,0.0525366,-0.0747663,0.0116872,0.0873027,0.0615497,0.0798768,0.054337,-0.0622956,0.0456866,-0.000601081,0.0344401,0.0692277,0.0652777,0.0669693,0.0885748,0.0319656,-0.0429507,-0.0646302,-0.0109416,0.0461331,-0.0294128,0.00862271,-0.0062974,-0.0693925,0.0737685,0.0469616,0.0567261,0.077573,-0.0764754,-0.0539899,0.01506,0.0157624,0.0280193,0.0228873,-0.054597,-0.0655762,-0.000526009,0.065981,0.012614,-0.0418498,0.0358893,0.0231101,0.0706596,-0.0919959,-0.0381062,0.0374046,-0.0285507,0.0333821,-0.00663512,0.00209418,0.0326729,-0.0685807,0.0275578,-0.0406975,-0.0816664,-0.0792821,-0.0398749,0.00201805,-0.0877482,-0.0361072,0.0555677,-0.0437499,-0.0734274,-0.0519807,-0.00878682,0.075351,
-0.0165461,0.0816656,-0.0164289,0.0829304,0.0373441,-0.0119397,-0.021992,0.00590095,0.0888049,0.00521295,-0.0134194,0.0451196,0.024409,-0.0539754,-0.0198313,-0.0666979,-0.0263292,-0.0185816,-0.0157985,0.0144172,0.0127836,-0.00282891,0.0181394,0.0663937,0.0043679,0.062418,-0.00259028,0.0603824,0.020771,-0.074218,0.088385,-0.0427599,0.0205029,0.0860861,0.075372,0.069619,-0.0652859,-0.0761888,0.0548464,-0.0683481,-0.0678875,0.0809035,0.0358187,-0.0113281,-0.0432497,-0.0507886,-0.0205223,-0.00375955,-0.037144,0.0743733,-0.0693112,-0.0684233,0.0632676,-0.0130252,0.0736652,0.0324017,-0.034406,0.0684675,-0.0683594,0.00798356,0.0595696,-0.0653619,-0.00902834,-0.0629672,0.0111028,-0.0511633,0.0651104,0.037134,0.0664605,0.0808154,0.0606363,-0.042377,0.00478774,0.0220308,-0.0639367,0.0678169,0.0671801,0.00130205,0.0704109,0.0515007,-0.072478,-0.0118345,-0.0443161,0.001832,-0.00125178,-0.0147043,-0.0216582,-0.0642965,-0.0939241,0.073119,-0.0828388,-0.0643157,-0.0566209,0.018227,-0.012412,-0.0364608,-0.0814908,0.0782807,0.0728117,-0.0177792,0.0761447,0.0777618,0.0740437,-0.0913513,0.073498,-0.0717008,0.0701428,-0.0648593,0.0625153,-0.00600848,0.0496579,0.0673988,-0.0440666,-0.0654523,0.0669352,-0.0112924,-0.00951156,0.0814132,0.0714344,0.00761573,0.0524866,-0.0744997,0.0851515,-0.0326064,-0.0353774,0.00653328,0.0233737,0.0855703,-0.0165461,0.0816656,-0.0164289,0.0829304,0.0373441,-0.0119397,-0.021992,0.00590095,0.0888049,0.00521295,-0.0134194,0.0451196,0.024409,-0.0539754,-0.0198313,-0.0666979,-0.0263292,-0.0185816,-0.0157985,0.0144172,0.0127836,-0.00282891,0.0181394,0.0663937,0.0043679,0.062418,-0.00259028,0.0603824,0.020771,-0.074218,0.088385,-0.0427599,0.0205029,0.0860861,0.075372,0.069619,-0.0652859,-0.0761888,0.0548464,-0.0683481,-0.0678875,0.0809035,0.0358187,-0.0113281,-0.0432497,-0.0507886,-0.0205223,-0.00375955,-0.037144,0.0743733,-0.0693112,-0.0684233,0.0632676,-0.0130252,0.0736652,0.0324017,-0.034406,0.0684675,-0.0683594,0.00798356,0.0595696,-0.0653619,-0.00902834,-0.0629672,0.0111028,-0.0511633,0.0651104,0.037134,0.0664605,0.0808154,0.0606363,-0.042377,0.00478774,0.0220308,-0.0639367,0.0678169,0.0671801,0.00130205,0.0704109,0.0515007,-0.072478,-0.0118345,-0.0443161,0.001832,-0.00125178,-0.0147043,-0.0216582,-0.0642965,-0.0939241,0.073119,-0.0828388,-0.0643157,-0.0566209,0.018227,-0.012412,-0.0364608,-0.0814908,0.0782807,0.0728117,-0.0177792,0.0761447,0.0777618,0.0740437,-0.0913513,0.073498,-0.0717008,0.0701428,-0.0648593,0.0625153,-0.00600848,0.0496579,0.0673988,-0.0440666,-0.0654523,0.0669352,-0.0112924,-0.00951156,0.0814132,0.0714344,0.00761573,0.0524866,-0.0744997,0.0851515,-0.0326064,-0.0353774,0.00653328,0.0233737,0.0855703,
-0.0306359,-0.0759055,-0.0853933,0.005927,0.0270133,0.0522284,0.0775366,0.0740371,0.0259612,-0.0120345,0.00478806,0.0581585,0.0591411,-0.0207523,-0.0158435,0.0627681,0.0131768,-0.0756622,0.00548578,0.0297085,-0.0789459,0.0136224,0.0102367,0.00345808,-0.0533642,-0.0471071,0.0713577,-0.00869836,0.011954,-0.00498251,0.00864779,-0.00511237,0.0155444,0.0410609,-0.02588,-0.0639014,-0.0560483,-0.0187476,-0.038754,0.0648359,-0.0160616,0.0442784,-0.0732336,-0.00258207,0.00669687,-0.00514977,-0.0205291,0.000689481,0.0516542,0.0452124,-0.0780106,0.0803044,0.0651105,-0.00303866,0.0193255,-0.0603258,0.0819163,-0.0316619,0.072977,0.0127345,0.0572705,-0.0279928,0.0171585,0.073512,-0.0805588,-0.0834813,0.0701562,-0.0464152,0.039461,0.053388,-0.075787,0.0369596,0.0650025,0.0482848,0.0552174,-0.0786919,-0.0758552,-0.0528764,0.0350566,-0.0715319,0.0527007,0.0693666,-0.0113923,0.0775957,-0.0455477,0.0548573,0.0415587,0.082272,0.0560501,-0.0816746,-0.0151155,0.0510873,-0.0163062,-0.0596776,0.0660383,-0.0351711,-0.0253137,-0.0613628,0.0349432,-0.026423,-0.0760117,-0.0408407,0.054225,-0.0288292,0.0670619,-0.0708242,-0.0514185,-0.0786203,-0.0293136,-0.0484218,0.076377,-0.0508592,0.0197933,0.0907903,0.0136836,0.0831046,0.0709414,0.00776613,-0.0159745,0.0834658,0.0313102,-0.0677287,-0.0592377,-0.00926868,0.0780365,0.0138601,-0.0801836,-0.0867954,-0.0306359,-0.0759055,-0.0853933,0.005927,0.0270133,0.0522284,0.0775366,0.0740371,0.0259612,-0.0120345,0.00478806,0.0581585,0.0591411,-0.0207523,-0.0158435,0.0627681,0.0131768,-0.0756622,0.00548578,0.0297085,-0.0789459,0.0136224,0.0102367,0.00345808,-0.0533642,-0.0471071,0.0713577,-0.00869836,0.011954,-0.00498251,0.00864779,-0.00511237,0.0155444,0.0410609,-0.02588,-0.0639014,-0.0560483,-0.0187476,-0.038754,0.0648359,-0.0160616,0.0442784,-0.0732336,-0.00258207,0.00669687,-0.00514977,-0.0205291,0.000689481,0.0516542,0.0452124,-0.0780106,0.0803044,0.0651105,-0.00303866,0.0193255,-0.0603258,0.0819163,-0.0316619,0.072977,0.0127345,0.0572705,-0.0279928,0.0171585,0.073512,-0.0805588,-0.0834813,0.0701562,-0.0464152,0.039461,0.053388,-0.075787,0.0369596,0.0650025,0.0482848,0.0552174,-0.0786919,-0.0758552,-0.0528764,0.0350566,-0.0715319,0.0527007,0.0693666,-0.0113923,0.0775957,-0.0455477,0.0548573,0.0415587,0.082272,0.0560501,-0.0816746,-0.0151155,0.0510873,-0.0163062,-0.0596776,0.0660383,-0.0351711,-0.0253137,-0.0613628,0.0349432,-0.026423,-0.0760117,-0.0408407,0.054225,-0.0288292,0.0670619,-0.0708242,-0.0514185,-0.0786203,-0.0293136,-0.0484218,0.076377,-0.0508592,0.0197933,0.0907903,0.0136836,0.0831046,0.0709414,0.00776613,-0.0159745,0.0834658,0.0313102,-0.0677287,-0.0592377,-0.00926868,0.0780365,0.0138601,-0.0801836,-0.0867954,
0.036309,-0.0372802,-0.0419175,-0.0528841,0.0493808,0.0278636,0.0504631,-0.0811823,-0.0912913,0.0222627,-8.4969e-05,0.0176724,0.0700295,0.0292647,0.0219738,0.0645449,0.00793925,-0.0311785,0.0539812,0.0615969,0.0837451,0.0733802,0.0391693,0.00245523,-0.00833086,0.0822976,0.0467274,-0.031818,0.0516234,-0.0803614,0.0471054,-0.0192201,0.0015822,-0.0438497,-0.0179614,-0.0302903,-0.0733294,-0.0739664,0.0686752,-0.0516272,-0.00408245,-0.0746146,0.0357464,0.0283841,-0.0117888,-0.0685175,0.0445342,0.0259569,0.0722704,-0.083002,0.0514939,-0.0280158,0.00753627,0.0685184,-0.0460954,-0.0705283,0.0109544,0.0729135,0.0269962,0.0367517,-0.052436,-0.0728241,-0.0613592,0.00980509,-0.0714049,0.00753209,0.0456969,-0.0500981,0.0571949,-0.024581,-0.00698384,-0.0113646,-0.0435182,-0.0324159,0.00667528,0.0711303,-0.0437976,0.025354,0.0169973,-0.0226064,-0.0252567,-0.00405343,-0.0180874,0.0166559,0.00882987,0.0876858,0.0133782,0.0775063,0.057167,0.0474666,0.0651153,-0.0283098,-0.0581869,0.0922863,0.0778061,-0.0226959,-0.029302,-0.061661,-0.0713876,0.00921257,0.0756723,0.0518764,0.0201269,0.0162039,-0.0257336,0.0303604,-0.0206372,0.0920499,0.0574164,-0.0670931,0.0310594,0.0517937,-0.0334929,-0.0389264,0.0579301,-0.0066651,0.0426437,-0.0810266,-0.0179994,-0.0385325,-0.0674211,0.0890362,0.0525578,0.0622878,0.0258876,0.0886939,-0.0574545,-0.0868923,0.036309,-0.0372802,-0.0419175,-0.0528841,0.0493808,0.0278636,0.0504631,-0.0811823,-0.0912913,0.0222627,-8.4969e-05,0.0176724,0.0700295,0.0292647,0.0219738,0.0645449,0.00793925,-0.0311785,0.0539812,0.0615969,0.0837451,0.0733802,0.0391693,0.00245523,-0.00833086,0.0822976,0.0467274,-0.031818,0.0516234,-0.0803614,0.0471054,-0.0192201,0.0015822,-0.0438497,-0.0179614,-0.0302903,-0.0733294,-0.0739664,0.0686752,-0.0516272,-0.00408245,-0.0746146,0.0357464,0.0283841,-0.0117888,-0.0685175,0.0445342,0.0259569,0.0722704,-0.083002,0.0514939,-0.0280158,0.00753627,0.0685184,-0.0460954,-0.0705283,0.0109544,0.0729135,0.0269962,0.0367517,-0.052436,-0.0728241,-0.0613592,0.00980509,-0.0714049,0.00753209,0.0456969,-0.0500981,0.0571949,-0.024581,-0.00698384,-0.0113646,-0.0435182,-0.0324159,0.00667528,0.0711303,-0.0437976,0.025354,0.0169973,-0.0226064,-0.0252567,-0.00405343,-0.0180874,0.0166559,0.00882987,0.0876858,0.0133782,0.0775063,0.057167,0.0474666,0.0651153,-0.0283098,-0.0581869,0.0922863,0.0778061,-0.0226959,-0.029302,-0.061661,-0.0713876,0.00921257,0.0756723,0.0518764,0.0201269,0.0162039,-0.0257336,0.0303604,-0.0206372,0.0920499,0.0574164,-0.0670931,0.0310594,0.0517937,-0.0334929,-0.0389264,0.0579301,-0.0066651,0.0426437,-0.0810266,-0.0179994,-0.0385325,-0.0674211,0.0890362,0.0525578,0.0622878,0.0258876,0.0886939,-0.0574545,-0.0868923,
-0.0136952,0.0639305,0.064622,-0.0804479,0.0613413,-0.00236662,0.0370956,0.000491017,-0.040201,0.0223699,-0.0785228,0.0394973,-0.0670801,0.0147708,-0.00602519,0.0487134,0.0113718,-0.0496502,0.012183,0.0247528,-0.0755548,-0.0469387,-0.0652111,-0.0156858,-0.0526659,0.0686566,-0.0291926,0.0288352,0.0130519,0.065041,0.086738,0.017861,-0.084069,-0.0552887,-0.0260114,-0.0246529,0.0520515,-0.0007749,-0.0263857,-0.0125619,0.0046888,-0.0153879,0.0210825,-0.022498,-0.0320339,0.016714,0.0103539,0.0301635,-0.0775838,0.0308492,-0.0346348,0.046095,-0.00512599,0.0494963,0.0429393,0.0276715,-0.00426217,-0.0511571,0.0544943,-0.0432853,-0.0706088,-0.015116,-0.0831128,0.0282582,0.0332997,0.0768815,0.0146128,0.0916709,-0.031879,-7.78946e-06,-0.00828397,0.0548518,-0.0627969,0.0280277,0.0107637,-0.0297543,0.0609985,-0.0589216,-0.0113884,0.0780771,-0.022709,0.0365602,-0.073751,0.0789585,0.0813522,0.0663255,-0.0390872,0.0250792,-0.0164156,0.0746983,-0.00932046,-0.00511944,0.076785,-0.077216,0.0798601,-0.0347028,0.00155211,-0.0263871,0.0843072,0.0300676,-0.0463803,0.04178,-0.0609641,-7.64957e-05,-0.0198535,0.0816048,-0.0710702,-0.0167916,-0.0186395,0.0274885,-0.0538332,0.0166287,-0.0831871,-0.0608373,-0.00795663,-0.0852823,-0.0826767,0.0315029,-0.000844332,0.0228893,0.0742976,0.0603228,-0.0742549,0.0160757,-0.0712756,0.0172645,0.0476929,-0.0465138,-0.0136952,0.0639305,0.064622,-0.0804479,0.0613413,-0.00236662,0.0370956,0.000491017,-0.040201,0.0223699,-0.0785228,0.0394973,-0.0670801,0.0147708,-0.00602519,0.0487134,0.0113718,-0.0496502,0.012183,0.0247528,-0.0755548,-0.0469387,-0.0652111,-0.0156858,-0.0526659,0.0686566,-0.0291926,0.0288352,0.0130519,0.065041,0.086738,0.017861,-0.084069,-0.0552887,-0.0260114,-0.0246529,0.0520515,-0.0007749,-0.0263857,-0.0125619,0.0046888,-0.0153879,0.0210825,-0.022498,-0.0320339,0.016714,0.0103539,0.0301635,-0.0775838,0.0308492,-0.0346348,0.046095,-0.00512599,0.0494963,0.0429393,0.0276715,-0.00426217,-0.0511571,0.0544943,-0.0432853,-0.0706088,-0.015116,-0.0831128,0.0282582,0.0332997,0.0768815,0.0146128,0.0916709,-0.031879,-7.78946e-06,-0.00828397,0.0548518,-0.0627969,0.0280277,0.0107637,-0.0297543,0.0609985,-0.0589216,-0.0113884,0.0780771,-0.022709,0.0365602,-0.073751,0.0789585,0.0813522,0.0663255,-0.0390872,0.0250792,-0.0164156,0.0746983,-0.00932046,-0.00511944,0.076785,-0.077216,0.0798601,-0.0347028,0.00155211,-0.0263871,0.0843072,0.0300676,-0.0463803,0.04178,-0.0609641,-7.64957e-05,-0.0198535,0.0816048,-0.0710702,-0.0167916,-0.0186395,0.0274885,-0.0538332,0.0166287,-0.0831871,-0.0608373,-0.00795663,-0.0852823,-0.0826767,0.0315029,-0.000844332,0.0228893,0.0742976,0.0603228,-0.0742549,0.0160757,-0.0712756,0.0172645,0.0476929,-0.0465138,
-0.0378825,0.0134486,0.0113359,-0.0298347,-0.0745712,0.0338402,0.00317577,-0.0430248,-0.00535423,-0.027788,-0.0251035,-0.0358455,0.0154776,0.0446433,0.0462587,-0.0626678,0.0559195,-0.0501166,-0.0608587,-0.0624011,0.00820603,0.0639083,0.0128199,-0.0754393,-0.0401422,0.0534326,-0.0657019,-0.0528063,-0.0528505,0.0715897,0.0167311,-0.0551199,-0.0791078,0.00253995,-0.0860669,0.0190616,0.0787542,-0.038097,0.0039786,0.023492,0.0212677,-0.0125662,0.00816652,0.0416325,0.0374624,-0.0024995,-0.00788043,0.0414706,-0.0020402,-0.0702443,-0.0434856,0.0618593,0.0730603,0.000883409,-0.0222535,0.0373397,0.0663239,-0.0307608,-0.0163102,0.0266428,-0.0853917,-0.0787801,0.018225,0.0783445,0.0660063,0.0490203,0.0241677,-0.0860083,0.0505123,0.0112115,0.031725,0.014805,-0.0190941,0.0612407,-0.0204947,-0.04519,-0.000591812,0.077372,-0.0771378,0.00524843,-0.0719565,-0.0717178,0.0209014,0.0280427,0.0544451,-0.0136912,-0.0215767,0.0753669,0.0382237,0.0636041,0.042482,0.0841327,0.0707728,0.0826162,-0.0858193,0.0663852,-0.0134663,0.0702925,0.0483001,0.0430864,-0.0763273,0.0686806,-0.0141905,0.0460739,0.0615783,0.0724315,4.45872e-05,0.0397403,0.0702775,-0.075173,0.0719825,-0.0232662,-0.00334265,0.0407374,0.0425546,0.0794643,0.000590526,0.0183348,-0.0613118,-0.0804491,0.0183353,-0.0310237,0.0755334,0.0372444,0.0550141,-0.0478682,0.0518601,-0.074048,-0.0378825,0.0134486,0.0113359,-0.0298347,-0.0745712,0.0338402,0.00317577,-0.0430248,-0.00535423,-0.027788,-0.0251035,-0.0358455,0.0154776,0.0446433,0.0462587,-0.0626678,0.0559195,-0.0501166,-0.0608587,-0.0624011,0.00820603,0.0639083,0.0128199,-0.0754393,-0.0401422,0.0534326,-0.0657019,-0.0528063,-0.0528505,0.0715897,0.0167311,-0.0551199,-0.0791078,0.00253995,-0.0860669,0.0190616,0.0787542,-0.038097,0.0039786,0.023492,0.0212677,-0.0125662,0.00816652,0.0416325,0.0374624,-0.0024995,-0.00788043,0.0414706,-0.0020402,-0.0702443,-0.0434856,0.0618593,0.0730603,0.000883409,-0.0222535,0.0373397,0.0663239,-0.0307608,-0.0163102,0.0266428,-0.0853917,-0.0787801,0.018225,0.0783445,0.0660063,0.0490203,0.0241677,-0.0860083,0.0505123,0.0112115,0.031725,0.014805,-0.0190941,0.0612407,-0.0204947,-0.04519,-0.000591812,0.077372,-0.0771378,0.00524843,-0.0719565,-0.0717178,0.0209014,0.0280427,0.0544451,-0.0136912,-0.0215767,0.0753669,0.0382237,0.0636041,0.042482,0.0841327,0.0707728,0.0826162,-0.0858193,0.0663852,-0.0134663,0.0702925,0.0483001,0.0430864,-0.0763273,0.0686806,-0.0141905,0.0460739,0.0615783,0.0724315,4.45872e-05,0.0397403,0.0702775,-0.075173,0.0719825,-0.0232662,-0.00334265,0.0407374,0.0425546,0.0794643,0.000590526,0.0183348,-0.0613118,-0.0804491,0.0183353,-0.0310237,0.0755334,0.0372444,0.0550141,-0.0478682,0.0518601,-0.074048,
-0.0204956,0.0550432,-0.00458668,0.00421039,-0.0791027,-0.025279,-0.0398626,-0.0900986,-0.00246649,-0.0247637,0.0537015,-0.0157849,-0.0122074,0.0598773,-0.078593,0.0739905,-0.0810341,0.0303725,-0.0739273,0.093352,0.0142986,0.0798398,-0.0120739,0.0291312,0.0292447,-0.020208,-0.00972201,0.0349984,0.0851099,0.0309216,0.0285066,0.00180145,-0.0262841,-0.0646347,0.0510072,-0.00157342,-0.0236888,0.0122066,0.00059687,0.0823137,-0.0355546,-0.0608068,-0.0530372,0.01047,-0.020141,-0.0847212,-0.0737922,0.0877059,0.0182379,-0.0654728,-0.0578435,0.0532861,0.0289467,-0.0150503,-0.00667378,0.0677129,-0.0522596,-0.0275389,-0.00199217,-0.0671189,0.043294,0.0161356,-3.69993e-06,-0.0455,-0.0758754,-0.0508546,-0.0348348,0.0528386,-0.000123779,-0.0123734,0.00885995,-0.012289,-0.042556,0.0420038,-0.0578338,0.00396038,0.0493196,-0.0548123,-0.0315724,0.00274929,0.0635163,-0.0541724,0.0473961,0.0355021,0.0231318,-0.0535465,-0.025856,-0.0580415,0.00740784,-0.0281636,0.082915,-0.0318299,-0.0390374,-0.0410265,-0.00890718,-0.0101293,0.019914,-0.0760482,-0.0732815,-0.0103587,-0.0543091,-0.0724614,-0.0660662,0.019416,0.0355025,0.05362,0.0706111,0.0897944,-0.0660081,0.00416876,-0.078992,-0.0807181,-0.0134968,-0.0304037,-0.00394829,-0.004728,-0.0706414,0.0629318,0.0482615,0.0311795,0.0879145,0.0329605,0.0490216,-0.0729099,0.0790625,-0.0475375,-0.0546814,0.083647,-0.0204956,0.0550432,-0.00458668,0.00421039,-0.0791027,-0.025279,-0.0398626,-0.0900986,-0.00246649,-0.0247637,0.0537015,-0.0157849,-0.0122074,0.0598773,-0.078593,0.0739905,-0.0810341,0.0303725,-0.0739273,0.093352,0.0142986,0.0798398,-0.0120739,0.0291312,0.0292447,-0.020208,-0.00972201,0.0349984,0.0851099,0.0309216,0.0285066,0.00180145,-0.0262841,-0.0646347,0.0510072,-0.00157342,-0.0236888,0.0122066,0.00059687,0.0823137,-0.0355546,-0.0608068,-0.0530372,0.01047,-0.020141,-0.0847212,-0.0737922,0.0877059,0.0182379,-0.0654728,-0.0578435,0.0532861,0.0289467,-0.0150503,-0.00667378,0.0677129,-0.0522596,-0.0275389,-0.00199217,-0.0671189,0.043294,0.0161356,-3.69993e-06,-0.0455,-0.0758754,-0.0508546,-0.0348348,0.0528386,-0.000123779,-0.0123734,0.00885995,-0.012289,-0.042556,0.0420038,-0.0578338,0.00396038,0.0493196,-0.0548123,-0.0315724,0.00274929,0.0635163,-0.0541724,0.0473961,0.0355021,0.0231318,-0.0535465,-0.025856,-0.0580415,0.00740784,-0.0281636,0.082915,-0.0318299,-0.0390374,-0.0410265,-0.00890718,-0.0101293,0.019914,-0.0760482,-0.0732815,-0.0103587,-0.0543091,-0.0724614,-0.0660662,0.019416,0.0355025,0.05362,0.0706111,0.0897944,-0.0660081,0.00416876,-0.078992,-0.0807181,-0.0134968,-0.0304037,-0.00394829,-0.004728,-0.0706414,0.0629318,0.0482615,0.0311795,0.0879145,0.0329605,0.0490216,-0.0729099,0.0790625,-0.0475375,-0.0546814,0.083647,
0.0481582,-0.0144566,-0.0547798,0.0669544,-0.0774633,0.0766423,0.0924686,-0.00193184,-0.0625725,-0.0279219,-0.0189801,-0.005048,-0.00470623,0.0106238,0.0517202,-0.046381,0.0548812,-0.0588732,0.0566185,0.0275974,-0.0607447,-0.035618,0.0695823,0.0213715,0.0757078,0.0657656,0.0394519,0.0772926,-0.0318363,0.0108318,-0.031656,-0.0350902,0.0304914,0.0743063,-0.0611536,-0.0256637,-0.0806947,-0.0740003,-0.0764185,0.0217121,0.00248292,0.0814888,0.033946,0.0521257,-0.0721184,-0.02251,0.022535,0.0747446,-0.0642533,0.0579936,-0.00176454,-0.0655394,-0.0205584,-0.0836734,0.00275039,0.0484621,0.0594041,-0.0596783,0.0779761,0.0669601,-0.0581557,-0.0648165,-0.0519837,0.0427285,-0.0548533,-0.011383,-0.00675917,0.0394777,-0.0832119,0.00281582,0.0639539,0.00618128,0.0759985,-0.00197632,-0.0848077,0.0657076,-0.0327447,-0.078258,0.0616004,-0.0367456,-0.000292209,-0.0720419,0.0145787,0.0157216,0.0555713,-0.018782,-0.0325056,0.0694959,-0.071665,-0.0444498,0.0014647,-0.0660755,-0.0304484,-0.00683361,0.0441169,-0.0710285,-0.0244727,-0.0641844,0.00909266,0.00576522,0.07269,-0.0101744,-0.0466045,0.0165027,0.00225047,-0.032351,0.0849762,0.0764756,0.0556959,-0.0197673,-0.0838329,0.0501587,-0.0352229,0.0351126,-0.0649512,-0.0685073,0.0595971,-0.0137593,0.0308098,-0.0311726,0.0782838,0.0579033,0.0680006,0.090429,-0.000879192,-0.0484867,-0.0619955,-0.0587618,0.0481582,-0.0144566,-0.0547798,0.0669544,-0.0774633,0.0766423,0.0924686,-0.00193184,-0.0625725,-0.0279219,-0.0189801,-0.005048,-0.00470623,0.0106238,0.0517202,-0.046381,0.0548812,-0.0588732,0.0566185,0.0275974,-0.0607447,-0.035618,0.0695823,0.0213715,0.0757078,0.0657656,0.0394519,0.0772926,-0.0318363,0.0108318,-0.031656,-0.0350902,0.0304914,0.0743063,-0.0611536,-0.0256637,-0.0806947,-0.0740003,-0.0764185,0.0217121,0.00248292,0.0814888,0.033946,0.0521257,-0.0721184,-0.02251,0.022535,0.0747446,-0.0642533,0.0579936,-0.00176454,-0.0655394,-0.0205584,-0.0836734,0.00275039,0.0484621,0.0594041,-0.0596783,0.0779761,0.0669601,-0.0581557,-0.0648165,-0.0519837,0.0427285,-0.0548533,-0.011383,-0.00675917,0.0394777,-0.0832119,0.00281582,0.0639539,0.00618128,0.0759985,-0.00197632,-0.0848077,0.0657076,-0.0327447,-0.078258,0.0616004,-0.0367456,-0.000292209,-0.0720419,0.0145787,0.0157216,0.0555713,-0.018782,-0.0325056,0.0694959,-0.071665,-0.0444498,0.0014647,-0.0660755,-0.0304484,-0.00683361,0.0441169,-0.0710285,-0.0244727,-0.0641844,0.00909266,0.00576522,0.07269,-0.0101744,-0.0466045,0.0165027,0.00225047,-0.032351,0.0849762,0.0764756,0.0556959,-0.0197673,-0.0838329,0.0501587,-0.0352229,0.0351126,-0.0649512,-0.0685073,0.0595971,-0.0137593,0.0308098,-0.0311726,0.0782838,0.0579033,0.0680006,0.090429,-0.000879192,-0.0484867,-0.0619955,-0.0587618,
-0.0753989,0.0420103,-0.0396249,0.0399948,0.0146421,-0.0924502,0.0649103,-0.0696375,-0.0850988,-0.0465713,-0.0352127,-0.0571142,-0.0202801,0.0229242,0.0287468,-0.0514852,-0.0202658,-0.0298372,0.015294,0.0112703,0.0593956,-0.0209779,-0.0705802,-0.00253599,-0.048981,0.0375291,0.0667667,-0.0135391,0.042471,-0.0357917,-0.0823076,-0.0218759,-0.0264013,0.0403566,0.0597385,-0.0837487,-0.0389342,0.0547917,0.00423623,-0.00780806,0.0096617,-0.0450689,-0.078419,0.0106824,-0.0508398,0.00687927,-0.0903135,0.0538969,-0.0829525,0.0486834,0.0747723,0.0723753,0.0710775,0.0181547,0.0017184,0.0447012,-0.0419091,0.0646573,-0.00568991,-0.00345533,0.0452268,-0.041365,0.0718335,-0.0594741,-0.0604594,-0.0752219,0.0687434,0.0267348,-0.07063,0.0178611,0.00613994,0.0128543,0.0341078,-0.0801247,-0.00872373,-0.0466786,-0.0905522,0.00920386,0.0612123,0.060405,0.0402638,0.0400695,-0.0804509,0.0666557,0.00823347,-0.0606278,-0.0754446,0.0235237,-0.00667689,0.0510441,0.0468291,-0.0164939,-0.000362802,0.0302402,0.0711186,-0.087412,0.0454895,0.0467759,-0.0410705,-0.0370389,-0.0350568,0.0204782,0.0807571,-0.0271585,-0.0682456,-0.0805177,-0.0607695,0.0850438,0.0531532,0.0451253,-0.03936,-0.0784405,-0.0839085,0.0934618,-0.0675456,-0.0704835,-0.0345923,-0.0275082,0.0813891,-0.0634418,0.0241429,-0.079815,-0.0202853,0.0444527,0.0827272,-0.0495356,-0.0567783,-0.0188284,-0.0753989,0.0420103,-0.0396249,0.0399948,0.0146421,-0.0924502,0.0649103,-0.0696375,-0.0850988,-0.0465713,-0.0352127,-0.0571142,-0.0202801,0.0229242,0.0287468,-0.0514852,-0.0202658,-0.0298372,0.015294,0.0112703,0.0593956,-0.0209779,-0.0705802,-0.00253599,-0.048981,0.0375291,0.0667667,-0.0135391,0.042471,-0.0357917,-0.0823076,-0.0218759,-0.0264013,0.0403566,0.0597385,-0.0837487,-0.0389342,0.0547917,0.00423623,-0.00780806,0.0096617,-0.0450689,-0.078419,0.0106824,-0.0508398,0.00687927,-0.0903135,0.0538969,-0.0829525,0.0486834,0.0747723,0.0723753,0.0710775,0.0181547,0.0017184,0.0447012,-0.0419091,0.0646573,-0.00568991,-0.00345533,0.0452268,-0.041365,0.0718335,-0.0594741,-0.0604594,-0.0752219,0.0687434,0.0267348,-0.07063,0.0178611,0.00613994,0.0128543,0.0341078,-0.0801247,-0.00872373,-0.0466786,-0.0905522,0.00920386,0.0612123,0.060405,0.0402638,0.0400695,-0.0804509,0.0666557,0.00823347,-0.0606278,-0.0754446,0.0235237,-0.00667689,0.0510441,0.0468291,-0.0164939,-0.000362802,0.0302402,0.0711186,-0.087412,0.0454895,0.0467759,-0.0410705,-0.0370389,-0.0350568,0.0204782,0.0807571,-0.0271585,-0.0682456,-0.0805177,-0.0607695,0.0850438,0.0531532,0.0451253,-0.03936,-0.0784405,-0.0839085,0.0934618,-0.0675456,-0.0704835,-0.0345923,-0.0275082,0.0813891,-0.0634418,0.0241429,-0.079815,-0.0202853,0.0444527,0.0827272,-0.0495356,-0.0567783,-0.0188284,
0.0361599,-0.0681374,-0.0937491,0.0503977,-0.0399871,-0.0285159,-0.0117148,-0.0666871,0.0518703,0.0577477,-0.0437066,0.0395491,-0.0166743,0.0478809,-0.0159969,-0.085164,-0.0322397,-0.0250967,-0.0514716,-0.0505536,0.011663,-0.0334378,-0.00382037,-0.0834974,-0.0380652,0.0725509,-0.0776982,-0.0922195,-0.066095,-0.0696166,-0.0719732,0.0528869,-0.0782001,-0.00281552,0.00467274,0.0718661,-0.012469,0.0161651,-0.069953,-0.0812358,0.022986,-0.061635,0.062748,0.0448714,-0.00288945,-0.0363654,0.0672071,-0.0752015,-0.0864919,0.0635096,-0.000575849,0.0270551,0.0532662,-0.0712177,0.0369012,-0.0812624,-0.0217306,0.0523082,0.032657,-0.0476144,0.0572901,0.0635446,-0.0161121,0.00788047,0.00177428,-0.0720309,-0.0432246,-0.0557987,0.0108598,0.0703976,0.029874,-0.000252643,-0.0904739,-0.00992788,0.0211227,0.0681206,0.0494797,0.0278537,0.0569999,-0.0298464,-0.0614082,-0.0800275,0.0896891,0.00838856,0.0237597,0.0500802,-0.0671451,-0.0533364,0.0413805,-0.0479013,-0.00434858,0.0215779,0.00506602,0.0527158,0.0274948,0.0917182,-0.0448374,0.0732692,-0.0270979,-0.0339818,0.0330284,0.00857137,0.00019795,-0.068259,-0.0677852,0.0714303,0.0423655,0.0952595,-0.0225225,-0.0738233,-0.017434,0.0660229,0.0507556,-0.038209,0.0786248,-0.0115437,0.042186,-0.0219801,0.0355299,0.0595244,0.0262095,-0.0355542,0.085176,0.00242446,0.0403359,-0.00704744,0.073032,-0.0780935,0.0361599,-0.0681374,-0.0937491,0.0503977,-0.0399871,-0.0285159,-0.0117148,-0.0666871,0.0518703,0.0577477,-0.0437066,0.0395491,-0.0166743,0.0478809,-0.0159969,-0.085164,-0.0322397,-0.0250967,-0.0514716,-0.0505536,0.011663,-0.0334378,-0.00382037,-0.0834974,-0.0380652,0.0725509,-0.0776982,-0.0922195,-0.066095,-0.0696166,-0.0719732,0.0528869,-0.0782001,-0.00281552,0.00467274,0.0718661,-0.012469,0.0161651,-0.069953,-0.0812358,0.022986,-0.061635,0.062748,0.0448714,-0.00288945,-0.0363654,0.0672071,-0.0752015,-0.0864919,0.0635096,-0.000575849,0.0270551,0.0532662,-0.0712177,0.0369012,-0.0812624,-0.0217306,0.0523082,0.032657,-0.0476144,0.0572901,0.0635446,-0.0161121,0.00788047,0.00177428,-0.0720309,-0.0432246,-0.0557987,0.0108598,0.0703976,0.029874,-0.000252643,-0.0904739,-0.00992788,0.0211227,0.0681206,0.0494797,0.0278537,0.0569999,-0.0298464,-0.0614082,-0.0800275,0.0896891,0.00838856,0.0237597,0.0500802,-0.0671451,-0.0533364,0.0413805,-0.0479013,-0.00434858,0.0215779,0.00506602,0.0527158,0.0274948,0.0917182,-0.0448374,0.0732692,-0.0270979,-0.0339818,0.0330284,0.00857137,0.00019795,-0.068259,-0.0677852,0.0714303,0.0423655,0.0952595,-0.0225225,-0.0738233,-0.017434,0.0660229,0.0507556,-0.038209,0.0786248,-0.0115437,0.042186,-0.0219801,0.0355299,0.0595244,0.0262095,-0.0355542,0.085176,0.00242446,0.0403359,-0.00704744,0.073032,-0.0780935,
0.00157967,-0.0162734,0.0346314,0.0219225,0.0580113,-0.0319673,0.0682607,-0.0475994,0.047952,0.0444421,-0.0814056,0.0678752,-0.0213386,0.0928003,0.0655812,-0.00503937,0.0454017,0.0666741,-0.0909142,-0.00129333,-0.0807586,-0.0701266,0.0642812,-0.0885221,0.00738985,-0.0272595,-0.0252983,0.0567854,0.0100977,-0.00125002,0.0476501,-0.0288845,-0.0849965,-0.028853,0.0603234,0.00473883,0.00725424,-0.0661896,-0.0299842,0.0680635,0.0849613,-0.0873929,-0.079361,-0.0639929,0.0566928,0.0497547,-0.0344031,-0.0817635,-0.0166804,0.0792038,-0.00353031,-0.0746103,-0.0815782,-0.0895502,-0.00713194,0.0821879,0.0614775,0.0314701,0.00267559,-0.0324557,0.0551468,0.0254989,-0.0129723,0.0884814,-0.0608364,0.062632,0.07594,-0.0256604,-0.0608754,-0.0769555,0.0507291,-0.0584628,-0.0688029,0.0178973,0.00615575,-0.0602911,-0.0722881,-0.0802824,-0.00700726,0.0594054,0.00827114,0.0356803,0.0502189,0.0233625,0.000136189,0.0378393,-0.0884309,-0.0757957,0.0286354,0.0656419,0.0408102,0.057908,0.0551993,0.0457969,-0.0504687,-0.0803199,0.025807,-0.0196277,-0.011138,0.0584712,0.00736323,-0.045053,-0.0707245,-0.0214031,0.0715653,0.072891,-0.06779,0.0124378,-0.0206235,0.0276544,0.0881046,-0.0311749,-0.0773035,-0.0721008,0.0340288,-0.0643512,0.0477843,0.0667622,-0.0231677,-0.0366578,0.0431028,-0.0135189,0.0420265,0.0752329,-0.0113403,-0.0327678,-0.00693093,-0.00817353,0.00157967,-0.0162734,0.0346314,0.0219225,0.0580113,-0.0319673,0.0682607,-0.0475994,0.047952,0.0444421,-0.0814056,0.0678752,-0.0213386,0.0928003,0.0655812,-0.00503937,0.0454017,0.0666741,-0.0909142,-0.00129333,-0.0807586,-0.0701266,0.0642812,-0.0885221,0.00738985,-0.0272595,-0.0252983,0.0567854,0.0100977,-0.00125002,0.0476501,-0.0288845,-0.0849965,-0.028853,0.0603234,0.00473883,0.00725424,-0.0661896,-0.0299842,0.0680635,0.0849613,-0.0873929,-0.079361,-0.0639929,0.0566928,0.0497547,-0.0344031,-0.0817635,-0.0166804,0.0792038,-0.00353031,-0.0746103,-0.0815782,-0.0895502,-0.00713194,0.0821879,0.0614775,0.0314701,0.00267559,-0.0324557,0.0551468,0.0254989,-0.0129723,0.0884814,-0.0608364,0.062632,0.07594,-0.0256604,-0.0608754,-0.0769555,0.0507291,-0.0584628,-0.0688029,0.0178973,0.00615575,-0.0602911,-0.0722881,-0.0802824,-0.00700726,0.0594054,0.00827114,0.0356803,0.0502189,0.0233625,0.000136189,0.0378393,-0.0884309,-0.0757957,0.0286354,0.0656419,0.0408102,0.057908,0.0551993,0.0457969,-0.0504687,-0.0803199,0.025807,-0.0196277,-0.011138,0.0584712,0.00736323,-0.045053,-0.0707245,-0.0214031,0.0715653,0.072891,-0.06779,0.0124378,-0.0206235,0.0276544,0.0881046,-0.0311749,-0.0773035,-0.0721008,0.0340288,-0.0643512,0.0477843,0.0667622,-0.0231677,-0.0366578,0.0431028,-0.0135189,0.0420265,0.0752329,-0.0113403,-0.0327678,-0.00693093,-0.00817353,
0.00430322,-0.0712363,0.00981547,0.00858696,-0.00845153,-0.0274627,-0.0470257,-0.0134569,-0.0663414,0.0313802,-0.0436173,-0.0411312,-0.0449827,0.0382271,-0.0797201,0.0178308,0.0449156,-0.0191651,-0.0757355,0.0751243,-0.0183322,-0.0325649,0.0654062,-0.0811714,0.063739,0.0784401,-0.0229288,0.00872851,-0.0156201,-0.0293913,0.0726934,-0.0680892,-0.0107984,0.00364621,-0.0658494,0.0196321,-0.0601076,-0.0315782,-0.0520421,0.0866839,-0.0479002,0.00123692,-0.0707508,0.064354,-0.0624982,0.00447807,0.0680181,0.0547638,-0.0857309,-0.0676706,0.0221026,-0.0123137,-0.0393461,0.000335156,-0.0225687,0.0220575,0.0126871,-0.0726693,0.0814968,0.0707466,0.0653873,0.0275046,-0.0403909,0.0813605,0.0313596,-0.0614371,0.0251663,0.0827841,0.0297144,-0.0103519,0.0188011,-0.069817,0.0414507,-0.0779534,0.0107038,-0.0544787,0.0228288,-0.0851757,-0.0470048,0.00892394,-0.079778,0.0748267,0.0829489,0.00726247,-0.0487686,-0.00495595,-0.0524876,-0.0561851,-0.0502238,-0.0104573,-0.0593748,-0.0189277,3.13433e-05,0.0697589,-0.0720195,0.0408205,-0.0856584,0.0773934,0.0512575,0.0303416,0.0120999,-0.0516315,-0.0220297,-0.0448676,-0.0416436,0.0465152,-0.0306749,-0.0256892,0.0214588,0.0763873,0.000938583,0.0486002,-0.0116133,0.0111704,0.0286127,-0.0161575,-0.0396389,0.0889629,0.0866772,0.0849623,-0.0465626,0.0492091,-0.00503043,-0.0619503,0.0529036,0.0461846,-0.0748959,-0.0876464,0.00430322,-0.0712363,0.00981547,0.00858696,-0.00845153,-0.0274627,-0.0470257,-0.0134569,-0.0663414,0.0313802,-0.0436173,-0.0411312,-0.0449827,0.0382271,-0.0797201,0.0178308,0.0449156,-0.0191651,-0.0757355,0.0751243,-0.0183322,-0.0325649,0.0654062,-0.0811714,0.063739,0.0784401,-0.0229288,0.00872851,-0.0156201,-0.0293913,0.0726934,-0.0680892,-0.0107984,0.00364621,-0.0658494,0.0196321,-0.0601076,-0.0315782,-0.0520421,0.0866839,-0.0479002,0.00123692,-0.0707508,0.064354,-0.0624982,0.00447807,0.0680181,0.0547638,-0.0857309,-0.0676706,0.0221026,-0.0123137,-0.0393461,0.000335156,-0.0225687,0.0220575,0.0126871,-0.0726693,0.0814968,0.0707466,0.0653873,0.0275046,-0.0403909,0.0813605,0.0313596,-0.0614371,0.0251663,0.0827841,0.0297144,-0.0103519,0.0188011,-0.069817,0.0414507,-0.0779534,0.0107038,-0.0544787,0.0228288,-0.0851757,-0.0470048,0.00892394,-0.079778,0.0748267,0.0829489,0.00726247,-0.0487686,-0.00495595,-0.0524876,-0.0561851,-0.0502238,-0.0104573,-0.0593748,-0.0189277,3.13433e-05,0.0697589,-0.0720195,0.0408205,-0.0856584,0.0773934,0.0512575,0.0303416,0.0120999,-0.0516315,-0.0220297,-0.0448676,-0.0416436,0.0465152,-0.0306749,-0.0256892,0.0214588,0.0763873,0.000938583,0.0486002,-0.0116133,0.0111704,0.0286127,-0.0161575,-0.0396389,0.0889629,0.0866772,0.0849623,-0.0465626,0.0492091,-0.00503043,-0.0619503,0.0529036,0.0461846,-0.0748959,-0.0876464,
-0.0170341,-0.000381936,0.0223528,0.0693569,-0.00217851,0.0208654,0.0165633,-0.0042752,0.0564014,-0.0297292,-0.0322718,0.0819444,-0.0201975,-0.088981,-0.0724417,0.045392,-0.0250605,0.052744,0.00452794,-0.0361113,-0.0696125,0.0518742,-0.0906205,-0.0723617,-0.0106665,-0.00135115,0.0458768,-0.0866693,0.0106942,-0.0168956,-0.0637879,0.062439,-0.0253349,0.0739138,0.0112508,-0.0423141,-0.0819411,0.01184,-0.0506965,0.0337212,-0.0814734,0.0143356,0.0366628,-0.0774152,0.00324539,-0.0448773,-0.0209066,0.0332727,0.0567088,-0.0460066,-0.0727477,-0.0344826,-0.0431802,-0.0790734,0.0327479,0.00366887,-0.0801112,0.0906355,-0.0317739,-0.0690522,-0.000358905,0.0179104,0.0729735,0.00729234,0.0616287,0.00539574,-0.0588719,-0.045785,-0.0419665,-0.074284,0.0642953,-0.0242139,-0.0420346,-0.0231618,0.0776079,0.00399449,0.0533747,-0.0666014,0.0421472,-0.0576054,0.0705909,-0.0362895,-0.0159805,0.0311362,-0.0105488,0.071246,0.00279432,0.0169574,0.0530393,-0.0688172,-0.0200205,0.0366099,-0.0185106,0.0667263,-0.0486591,-0.00912154,0.0269733,-0.0129578,0.0647115,-0.0698634,-0.0656873,-0.0575382,-0.018094,0.0794893,-0.020935,-0.000494215,-0.0444712,-0.0232611,-0.0528586,0.0239897,-0.0713639,0.0795175,-0.061818,0.0567328,0.00243779,-0.0493318,0.0794204,-0.0102391,0.0232057,-0.0534055,0.0310434,0.00561197,-0.0756971,0.0272372,0.000479318,-0.0212993,0.0228545,0.000943695,-0.0170341,-0.000381936,0.0223528,0.0693569,-0.00217851,0.0208654,0.0165633,-0.0042752,0.0564014,-0.0297292,-0.0322718,0.0819444,-0.0201975,-0.088981,-0.0724417,0.045392,-0.0250605,0.052744,0.00452794,-0.0361113,-0.0696125,0.0518742,-0.0906205,-0.0723617,-0.0106665,-0.00135115,0.0458768,-0.0866693,0.0106942,-0.0168956,-0.0637879,0.062439,-0.0253349,0.0739138,0.0112508,-0.0423141,-0.0819411,0.01184,-0.0506965,0.0337212,-0.0814734,0.0143356,0.0366628,-0.0774152,0.00324539,-0.0448773,-0.0209066,0.0332727,0.0567088,-0.0460066,-0.0727477,-0.0344826,-0.0431802,-0.0790734,0.0327479,0.00366887,-0.0801112,0.0906355,-0.0317739,-0.0690522,-0.000358905,0.0179104,0.0729735,0.00729234,0.0616287,0.00539574,-0.0588719,-0.045785,-0.0419665,-0.074284,0.0642953,-0.0242139,-0.0420346,-0.0231618,0.0776079,0.00399449,0.0533747,-0.0666014,0.0421472,-0.0576054,0.0705909,-0.0362895,-0.0159805,0.0311362,-0.0105488,0.071246,0.00279432,0.0169574,0.0530393,-0.0688172,-0.0200205,0.0366099,-0.0185106,0.0667263,-0.0486591,-0.00912154,0.0269733,-0.0129578,0.0647115,-0.0698634,-0.0656873,-0.0575382,-0.018094,0.0794893,-0.020935,-0.000494215,-0.0444712,-0.0232611,-0.0528586,0.0239897,-0.0713639,0.0795175,-0.061818,0.0567328,0.00243779,-0.0493318,0.0794204,-0.0102391,0.0232057,-0.0534055,0.0310434,0.00561197,-0.0756971,0.0272372,0.000479318,-0.0212993,0.0228545,0.000943695,
-0.0632353,0.0786456,-0.0801856,0.0205141,0.0232278,-0.0544955,0.0615227,0.0235779,0.0313808,-0.0648402,0.0529177,0.0715783,-0.0242758,0.0172509,-0.042695,-0.0613248,-0.0392016,0.060879,-0.0196107,0.066805,0.0735544,-0.0437042,0.00640897,0.0509097,0.0492097,-0.058861,-0.0382643,0.0925118,0.0357513,0.00385197,-0.0706355,-0.0304902,0.0416217,0.0454709,-0.00746419,0.0880343,0.0279299,-0.0503024,-0.0796805,-0.0312439,0.0198809,-0.0483288,-0.00630611,-0.0361658,0.0408522,-0.0313273,-0.0444199,0.061875,0.0607229,-0.0248762,0.053642,-0.0635496,0.0371407,-0.0109344,-0.00687397,-0.000666818,0.0317476,0.0797445,0.0536342,0.0767733,-0.0843591,0.0516271,0.0809993,-0.0305953,-0.00266573,0.0312033,0.0539484,-0.0397145,-0.000247199,0.00810056,-0.0921397,-0.0170651,-0.0252569,0.0255099,0.00829999,-0.0152967,0.0416236,0.0409578,0.0109605,0.0394196,-0.00265919,0.0478921,-0.0639129,-0.0276346,-0.082973,-0.0679956,-0.0335444,-0.0163175,-0.0363362,-0.0787406,-0.0436717,-0.0418109,0.0326808,-0.0113903,-0.0805638,-0.0424344,0.0821126,0.0333883,-0.0254167,0.023827,0.0852409,0.0581383,0.0573857,0.0483901,-0.0366877,-0.0447427,0.0784986,-0.00329552,-0.068912,0.0695913,-0.0589017,0.0379895,0.038569,0.0464706,-0.0628624,0.0843983,0.00686141,-0.066684,0.0110604,0.0661087,-0.0588138,0.0725657,0.0594846,0.0816376,0.0881391,0.0795115,0.00298394,-0.045091,-0.0632353,0.0786456,-0.0801856,0.0205141,0.0232278,-0.0544955,0.0615227,0.0235779,0.0313808,-0.0648402,0.0529177,0.0715783,-0.0242758,0.0172509,-0.042695,-0.0613248,-0.0392016,0.060879,-0.0196107,0.066805,0.0735544,-0.0437042,0.00640897,0.0509097,0.0492097,-0.058861,-0.0382643,0.0925118,0.0357513,0.00385197,-0.0706355,-0.0304902,0.0416217,0.0454709,-0.00746419,0.0880343,0.0279299,-0.0503024,-0.0796805,-0.0312439,0.0198809,-0.0483288,-0.00630611,-0.0361658,0.0408522,-0.0313273,-0.0444199,0.061875,0.0607229,-0.0248762,0.053642,-0.0635496,0.0371407,-0.0109344,-0.00687397,-0.000666818,0.0317476,0.0797445,0.0536342,0.0767733,-0.0843591,0.0516271,0.0809993,-0.0305953,-0.00266573,0.0312033,0.0539484,-0.0397145,-0.000247199,0.00810056,-0.0921397,-0.0170651,-0.0252569,0.0255099,0.00829999,-0.0152967,0.0416236,0.0409578,0.0109605,0.0394196,-0.00265919,0.0478921,-0.0639129,-0.0276346,-0.082973,-0.0679956,-0.0335444,-0.0163175,-0.0363362,-0.0787406,-0.0436717,-0.0418109,0.0326808,-0.0113903,-0.0805638,-0.0424344,0.0821126,0.0333883,-0.0254167,0.023827,0.0852409,0.0581383,0.0573857,0.0483901,-0.0366877,-0.0447427,0.0784986,-0.00329552,-0.068912,0.0695913,-0.0589017,0.0379895,0.038569,0.0464706,-0.0628624,0.0843983,0.00686141,-0.066684,0.0110604,0.0661087,-0.0588138,0.0725657,0.0594846,0.0816376,0.0881391,0.0795115,0.00298394,-0.045091,
-0.0368917,0.0338135,-0.0250216,0.0864983,-0.0344605,0.0472074,0.0743759,0.0689741,0.0143906,0.0240045,-0.0710042,0.000780224,0.0475036,-0.051863,-0.0610477,0.0782776,0.0311148,-0.0113133,0.0695651,-0.00896515,0.0756853,-0.0752196,-0.0177917,-0.0138128,0.0586739,0.0506603,0.0449648,-0.046673,-0.0735038,0.0312189,0.0527614,-0.0238913,-0.072748,0.0642603,0.0769195,0.0874149,-0.0695472,-0.00214544,-0.0364771,0.0223064,-0.0197308,-0.0302479,0.0642129,-0.0717043,-0.068196,0.0231732,-0.0658579,-0.076396,-0.00250862,0.0445534,-0.00366989,0.0681581,-0.0089532,0.0652577,-0.0299917,-0.0131658,-0.0724426,-0.0177414,-0.0890636,0.0173615,0.057392,0.0060099,0.0143686,-0.00230615,0.0496612,-0.0603276,-0.0770199,0.0527393,-0.0773951,-0.0549301,-0.0470988,-0.00486514,0.0433484,0.0535965,-0.0581276,-0.00897214,-0.0414401,-0.00503786,-0.0621913,0.0136847,0.0289329,-0.0784963,-0.0103981,0.0882034,0.00318719,-0.00451503,0.036318,0.0100908,-0.0202096,0.0538189,-0.0604028,0.00698128,-0.025038,-0.0267029,0.075704,-0.0814348,0.0147446,-0.0532683,0.00926728,-0.0223656,0.0262011,0.0720423,-0.0700779,0.0495006,-0.000951144,-0.0160032,-0.0555674,-0.0600227,0.0664252,-0.019954,-0.0126924,0.037398,-0.0161387,-0.0402878,0.00506927,-0.0334657,-0.0848237,0.0155674,0.0823076,0.05932,-0.000498999,0.0209533,0.0170614,-0.00290127,-0.0600585,0.0775186,-0.0490193,0.0361431,-0.0368917,0.0338135,-0.0250216,0.0864983,-0.0344605,0.0472074,0.0743759,0.0689741,0.0143906,0.0240045,-0.0710042,0.000780224,0.0475036,-0.051863,-0.0610477,0.0782776,0.0311148,-0.0113133,0.0695651,-0.00896515,0.0756853,-0.0752196,-0.0177917,-0.0138128,0.0586739,0.0506603,0.0449648,-0.046673,-0.0735038,0.0312189,0.0527614,-0.0238913,-0.072748,0.0642603,0.0769195,0.0874149,-0.0695472,-0.00214544,-0.0364771,0.0223064,-0.0197308,-0.0302479,0.0642129,-0.0717043,-0.068196,0.0231732,-0.0658579,-0.076396,-0.00250862,0.0445534,-0.00366989,0.0681581,-0.0089532,0.0652577,-0.0299917,-0.0131658,-0.0724426,-0.0177414,-0.0890636,0.0173615,0.057392,0.0060099,0.0143686,-0.00230615,0.0496612,-0.0603276,-0.0770199,0.0527393,-0.0773951,-0.0549301,-0.0470988,-0.00486514,0.0433484,0.0535965,-0.0581276,-0.00897214,-0.0414401,-0.00503786,-0.0621913,0.0136847,0.0289329,-0.0784963,-0.0103981,0.0882034,0.00318719,-0.00451503,0.036318,0.0100908,-0.0202096,0.0538189,-0.0604028,0.00698128,-0.025038,-0.0267029,0.075704,-0.0814348,0.0147446,-0.0532683,0.00926728,-0.0223656,0.0262011,0.0720423,-0.0700779,0.0495006,-0.000951144,-0.0160032,-0.0555674,-0.0600227,0.0664252,-0.019954,-0.0126924,0.037398,-0.0161387,-0.0402878,0.00506927,-0.0334657,-0.0848237,0.0155674,0.0823076,0.05932,-0.000498999,0.0209533,0.0170614,-0.00290127,-0.0600585,0.0775186,-0.0490193,0.0361431,
0.0832512,0.0711473,-0.0287295,-0.026177,-0.0583201,0.0303285,0.0433084,-0.0501415,-0.00223342,-0.059381,-0.0776633,-0.0163574,0.029769,-0.0672396,0.0563264,-0.066043,-0.00688899,-0.000440375,0.0583016,0.0126808,-0.0636696,0.000623522,-0.0731097,0.0106981,-0.0640943,0.0541996,-0.0123422,0.0106282,0.0525058,0.00109954,0.0493643,-0.00803372,0.0446626,-0.0798218,-0.0190313,-0.0108505,-0.0889567,-0.0309899,0.0508084,0.0697277,0.0331387,-0.062055,0.00770529,0.0281131,-0.0246412,-0.0730969,-0.0530324,-0.0246141,-0.0190419,-0.0232856,-0.0221673,0.0319961,0.0727771,-0.0162292,0.0218036,-0.055105,-0.0357197,0.0595398,0.0641889,-0.0788907,0.0271944,-0.0825127,-0.0469194,-0.0674915,0.0253641,0.0481694,0.046687,0.0178565,0.0745607,0.0650918,-0.0257693,0.0549037,0.0786961,0.017295,0.0078615,0.0376578,0.0138384,-0.0857816,0.012525,0.0591231,0.00161151,-0.0630603,0.0800675,0.0512011,-0.0822883,-0.0142423,-0.00499155,-0.0469333,0.0623612,0.0202424,0.0621992,-0.0374555,0.014991,-0.00426624,0.0130851,-0.0327937,0.0169307,-0.0867924,-0.0431284,-0.0788163,0.00803066,0.0596881,0.090639,0.0419308,0.0108788,-0.080094,-0.0370223,0.0765699,0.0768077,0.0229887,-0.00721789,0.00217112,-0.0746347,-0.0719021,-0.0788327,0.00669854,0.0156362,0.0531193,0.0624332,-0.0453128,0.0581278,-0.0490335,0.0455053,-0.0286656,0.0213909,-0.0831627,0.0843371,-0.0885139,0.0832512,0.0711473,-0.0287295,-0.026177,-0.0583201,0.0303285,0.0433084,-0.0501415,-0.00223342,-0.059381,-0.0776633,-0.0163574,0.029769,-0.0672396,0.0563264,-0.066043,-0.00688899,-0.000440375,0.0583016,0.0126808,-0.0636696,0.000623522,-0.0731097,0.0106981,-0.0640943,0.0541996,-0.0123422,0.0106282,0.0525058,0.00109954,0.0493643,-0.00803372,0.0446626,-0.0798218,-0.0190313,-0.0108505,-0.0889567,-0.0309899,0.0508084,0.0697277,0.0331387,-0.062055,0.00770529,0.0281131,-0.0246412,-0.0730969,-0.0530324,-0.0246141,-0.0190419,-0.0232856,-0.0221673,0.0319961,0.0727771,-0.0162292,0.0218036,-0.055105,-0.0357197,0.0595398,0.0641889,-0.0788907,0.0271944,-0.0825127,-0.0469194,-0.0674915,0.0253641,0.0481694,0.046687,0.0178565,0.0745607,0.0650918,-0.0257693,0.0549037,0.0786961,0.017295,0.0078615,0.0376578,0.0138384,-0.0857816,0.012525,0.0591231,0.00161151,-0.0630603,0.0800675,0.0512011,-0.0822883,-0.0142423,-0.00499155,-0.0469333,0.0623612,0.0202424,0.0621992,-0.0374555,0.014991,-0.00426624,0.0130851,-0.0327937,0.0169307,-0.0867924,-0.0431284,-0.0788163,0.00803066,0.0596881,0.090639,0.0419308,0.0108788,-0.080094,-0.0370223,0.0765699,0.0768077,0.0229887,-0.00721789,0.00217112,-0.0746347,-0.0719021,-0.0788327,0.00669854,0.0156362,0.0531193,0.0624332,-0.0453128,0.0581278,-0.0490335,0.0455053,-0.0286656,0.0213909,-0.0831627,0.0843371,-0.0885139,
0.084408,-0.0315516,-0.0745562,-0.0595637,0.0185566,-0.0800532,0.0787878,0.0464596,-0.0769253,-0.0741577,-0.00915215,0.0313356,-0.056994,-0.0662509,-0.00333334,-0.0399432,-0.0504733,0.0523487,-0.0728057,0.0496413,-0.0399039,-0.00334415,-0.0686393,0.059458,-0.0433968,0.0695495,0.0547577,-0.0508534,0.0104795,-0.0447173,0.0157001,0.0773502,-0.0463734,0.0155647,0.0359592,-0.0012218,0.0493706,-0.0132248,0.0417114,0.0737228,-0.0368412,-0.0545723,-0.0240792,0.000677866,0.000841658,-0.0439495,0.0614266,0.0568413,0.00469508,-0.0240515,0.0556685,0.00415574,0.079087,0.00395624,-0.0567976,0.0744307,0.00109137,0.0652934,0.0808103,-0.0337918,-0.00807914,0.0601898,-0.0855929,0.0640282,0.0346552,0.0301197,-0.0420265,0.0383895,-0.0046129,-0.0900134,-0.044216,-0.0567627,0.0156515,-0.0298631,-0.0836246,-0.0270013,0.0524567,0.0521876,-0.0164393,-0.0329407,0.0783709,-0.0153076,0.0780891,-0.0627918,0.0195004,-0.00739939,0.0660148,0.00448558,0.0574574,0.0826622,0.0139857,-0.0696471,0.00188418,-0.0111108,0.000913901,-0.0683951,0.0718242,0.0170502,0.0159548,-0.0377115,-0.0262636,0.0721602,-0.0431424,0.0711279,-0.0257076,0.0559273,-0.0599556,-0.0122079,0.0465244,0.0643761,-0.0188012,-0.0578936,0.0749679,-0.070292,0.0548224,0.0762912,0.07343,-0.077585,-0.0761383,-0.0818196,-0.0267076,0.0355139,-0.0173424,-0.0648393,0.0343481,0.0341621,0.0254853,-0.0190907,0.084408,-0.0315516,-0.0745562,-0.0595637,0.0185566,-0.0800532,0.0787878,0.0464596,-0.0769253,-0.0741577,-0.00915215,0.0313356,-0.056994,-0.0662509,-0.00333334,-0.0399432,-0.0504733,0.0523487,-0.0728057,0.0496413,-0.0399039,-0.00334415,-0.0686393,0.059458,-0.0433968,0.0695495,0.0547577,-0.0508534,0.0104795,-0.0447173,0.0157001,0.0773502,-0.0463734,0.0155647,0.0359592,-0.0012218,0.0493706,-0.0132248,0.0417114,0.0737228,-0.0368412,-0.0545723,-0.0240792,0.000677866,0.000841658,-0.0439495,0.0614266,0.0568413,0.00469508,-0.0240515,0.0556685,0.00415574,0.079087,0.00395624,-0.0567976,0.0744307,0.00109137,0.0652934,0.0808103,-0.0337918,-0.00807914,0.0601898,-0.0855929,0.0640282,0.0346552,0.0301197,-0.0420265,0.0383895,-0.0046129,-0.0900134,-0.044216,-0.0567627,0.0156515,-0.0298631,-0.0836246,-0.0270013,0.0524567,0.0521876,-0.0164393,-0.0329407,0.0783709,-0.0153076,0.0780891,-0.0627918,0.0195004,-0.00739939,0.0660148,0.00448558,0.0574574,0.0826622,0.0139857,-0.0696471,0.00188418,-0.0111108,0.000913901,-0.0683951,0.0718242,0.0170502,0.0159548,-0.0377115,-0.0262636,0.0721602,-0.0431424,0.0711279,-0.0257076,0.0559273,-0.0599556,-0.0122079,0.0465244,0.0643761,-0.0188012,-0.0578936,0.0749679,-0.070292,0.0548224,0.0762912,0.07343,-0.077585,-0.0761383,-0.0818196,-0.0267076,0.0355139,-0.0173424,-0.0648393,0.0343481,0.0341621,0.0254853,-0.0190907,
-0.0318577,0.0347062,-0.0554952,-0.0695363,0.0687011,-0.0804809,-0.0877672,-0.0667338,0.0679131,-0.0580028,-0.0755598,0.0580501,0.0661327,-0.0328758,-0.043983,-0.0139911,-0.00309092,0.0255035,0.0696239,-0.0150323,-0.00208327,-0.078164,0.0124235,-0.0554249,-0.0400262,0.0200592,-0.0409369,-0.0105479,0.0813434,0.0630989,-0.0230539,0.0580944,-0.0613512,-0.0728834,0.0516838,0.0822273,-0.011356,-0.0587838,-0.0240399,-0.0487841,0.00710248,-0.0114287,-0.0855769,-0.0681596,-0.0731039,0.0808408,0.0730325,-0.0507027,0.0574581,0.0599277,0.0599235,0.0356805,0.0162555,0.0557685,0.00771571,-0.00521648,0.0558324,0.0653739,-0.0153354,0.0541187,0.0374732,0.0121349,-0.0175881,0.0566411,0.0787621,-0.0128337,0.0258311,-0.0475145,-0.0810384,0.0469849,0.0744137,-0.0141881,0.0872842,-0.0433625,0.0693433,0.0404403,0.0702062,0.0516404,-0.0605992,-0.0508133,0.0546979,0.0551862,-0.0832775,-0.0142726,0.0484315,0.0756761,-0.0807141,-0.0127032,0.0666405,0.0533533,-0.0214386,-0.0569633,0.0199182,-0.0539335,-0.0879482,0.00626619,-0.00148642,0.0375008,-0.0596781,-0.0234004,0.00762189,-0.00815881,0.0275437,-0.080399,-0.0240856,0.0277144,-4.30263e-05,0.0876629,0.0277043,-0.0333857,-0.0462749,0.0277067,-0.0479168,-0.0396129,0.0566925,-0.0785923,0.0621448,-0.0691927,0.0194259,0.0452466,-0.0642758,0.0400858,0.0152046,-0.0817305,0.0807477,0.0257689,0.0607415,-0.0269664,-0.0318577,0.0347062,-0.0554952,-0.0695363,0.0687011,-0.0804809,-0.0877672,-0.0667338,0.0679131,-0.0580028,-0.0755598,0.0580501,0.0661327,-0.0328758,-0.043983,-0.0139911,-0.00309092,0.0255035,0.0696239,-0.0150323,-0.00208327,-0.078164,0.0124235,-0.0554249,-0.0400262,0.0200592,-0.0409369,-0.0105479,0.0813434,0.0630989,-0.0230539,0.0580944,-0.0613512,-0.0728834,0.0516838,0.0822273,-0.011356,-0.0587838,-0.0240399,-0.0487841,0.00710248,-0.0114287,-0.0855769,-0.0681596,-0.0731039,0.0808408,0.0730325,-0.0507027,0.0574581,0.0599277,0.0599235,0.0356805,0.0162555,0.0557685,0.00771571,-0.00521648,0.0558324,0.0653739,-0.0153354,0.0541187,0.0374732,0.0121349,-0.0175881,0.0566411,0.0787621,-0.0128337,0.0258311,-0.0475145,-0.0810384,0.0469849,0.0744137,-0.0141881,0.0872842,-0.0433625,0.0693433,0.0404403,0.0702062,0.0516404,-0.0605992,-0.0508133,0.0546979,0.0551862,-0.0832775,-0.0142726,0.0484315,0.0756761,-0.0807141,-0.0127032,0.0666405,0.0533533,-0.0214386,-0.0569633,0.0199182,-0.0539335,-0.0879482,0.00626619,-0.00148642,0.0375008,-0.0596781,-0.0234004,0.00762189,-0.00815881,0.0275437,-0.080399,-0.0240856,0.0277144,-4.30263e-05,0.0876629,0.0277043,-0.0333857,-0.0462749,0.0277067,-0.0479168,-0.0396129,0.0566925,-0.0785923,0.0621448,-0.0691927,0.0194259,0.0452466,-0.0642758,0.0400858,0.0152046,-0.0817305,0.0807477,0.0257689,0.0607415,-0.0269664,
-0.0569981,0.0874286,0.0315931,-0.0285207,0.0477289,0.032826,-0.0406389,0.0237256,-0.0918959,-0.0300451,-0.0564785,-0.0729703,0.0188801,0.0808784,-0.00120088,0.0527102,-0.0605466,-0.0557217,0.0906574,0.0587218,0.00709046,-0.048438,0.0676049,-0.0705081,0.0703675,-0.0749811,-0.0383505,-0.0519524,0.0827678,-0.0717659,0.0343542,0.0315033,0.0514087,-0.0628858,-0.00364632,-0.00493739,0.00234062,0.030296,0.0326336,-0.0121953,0.0195882,-0.017081,0.0261511,-0.0252837,-0.0351949,0.0296344,0.0634483,-0.0142917,0.0573549,0.00807621,0.0625411,-0.0683345,0.0275202,-0.00256896,0.00364441,-0.0468072,-0.013129,0.0556501,-0.0594695,0.0799838,-0.0474124,0.0175559,-0.0148986,0.00981624,-0.0204401,0.00113648,-0.0709011,0.0175605,-0.0033731,-0.0794722,0.0436021,0.0577073,-0.0528113,0.0364761,0.0252668,0.00855442,0.0280237,-0.0197265,0.042133,0.0496109,-0.0459927,-0.0660197,-0.0519953,0.0568883,0.0361149,-0.0760792,-0.0800228,0.0535226,-0.0100428,0.0154593,-0.0645431,-0.0532292,0.0714304,-0.0283952,-0.0442384,0.0853386,-0.0568487,-0.0886218,-0.0431542,0.0226585,-0.0675464,0.0190101,-7.44289e-05,0.0864734,0.033946,-0.0464271,-0.0644111,0.0260953,0.0750756,-0.0403425,-0.0524843,0.0458416,0.0341579,0.0636021,-0.0378328,-0.0646513,-0.0182358,-0.0900723,0.00911418,-0.00444722,-0.0483651,-0.0710858,0.0439397,-0.0249917,0.0677139,-0.0379757,-0.000247903,-0.00922594,-0.0569981,0.0874286,0.0315931,-0.0285207,0.0477289,0.032826,-0.0406389,0.0237256,-0.0918959,-0.0300451,-0.0564785,-0.0729703,0.0188801,0.0808784,-0.00120088,0.0527102,-0.0605466,-0.0557217,0.0906574,0.0587218,0.00709046,-0.048438,0.0676049,-0.0705081,0.0703675,-0.0749811,-0.0383505,-0.0519524,0.0827678,-0.0717659,0.0343542,0.0315033,0.0514087,-0.0628858,-0.00364632,-0.00493739,0.00234062,0.030296,0.0326336,-0.0121953,0.0195882,-0.017081,0.0261511,-0.0252837,-0.0351949,0.0296344,0.0634483,-0.0142917,0.0573549,0.00807621,0.0625411,-0.0683345,0.0275202,-0.00256896,0.00364441,-0.0468072,-0.013129,0.0556501,-0.0594695,0.0799838,-0.0474124,0.0175559,-0.0148986,0.00981624,-0.0204401,0.00113648,-0.0709011,0.0175605,-0.0033731,-0.0794722,0.0436021,0.0577073,-0.0528113,0.0364761,0.0252668,0.00855442,0.0280237,-0.0197265,0.042133,0.0496109,-0.0459927,-0.0660197,-0.0519953,0.0568883,0.0361149,-0.0760792,-0.0800228,0.0535226,-0.0100428,0.0154593,-0.0645431,-0.0532292,0.0714304,-0.0283952,-0.0442384,0.0853386,-0.0568487,-0.0886218,-0.0431542,0.0226585,-0.0675464,0.0190101,-7.44289e-05,0.0864734,0.033946,-0.0464271,-0.0644111,0.0260953,0.0750756,-0.0403425,-0.0524843,0.0458416,0.0341579,0.0636021,-0.0378328,-0.0646513,-0.0182358,-0.0900723,0.00911418,-0.00444722,-0.0483651,-0.0710858,0.0439397,-0.0249917,0.0677139,-0.0379757,-0.000247903,-0.00922594,
-0.0720195,-0.00714781,0.00289134,0.0721476,-0.0201688,0.0462658,-0.0931929,0.000826271,0.0558449,0.0582029,-0.0659152,-0.023929,0.0817339,-0.0615632,0.0164072,-0.0628578,0.056982,0.033707,-0.0524921,0.0402059,0.0519285,0.0173858,0.0868547,-0.0348664,0.0570057,0.0154348,-0.0697292,-0.00486684,-0.0199064,0.0341525,0.0334099,0.0262962,0.0544383,-0.0536338,0.0744101,-0.0510669,0.0787251,-0.0266639,0.0857485,0.00738809,-0.00454574,0.0756897,0.0100751,-0.0575276,0.0492032,-0.053294,-0.0110347,0.0455888,-0.0256459,0.0568037,-0.0477296,0.0590596,-0.0763163,-0.0681767,0.0205402,0.0731581,-0.00859897,-0.0394599,0.0373914,0.057408,-0.0699087,-0.00315617,0.0377163,0.027712,0.0609342,-0.0561126,-0.0498717,0.0188614,-0.0250903,0.0349155,0.0672788,0.0552812,-0.0551047,-0.081818,-0.0198447,0.0119044,-0.0076564,-0.0144459,0.0536358,-0.0267576,-0.0584146,0.0587673,-0.0225581,-0.0401049,0.0215516,0.0732312,-0.0233658,0.0221908,0.0607932,0.0362257,0.0823805,-0.0915139,-0.0133599,0.075925,-0.0682136,0.0634874,-0.0771391,0.086761,0.0188602,-0.0605289,0.0761171,0.0118064,-0.0427715,-0.0320068,-0.0526209,-0.0465679,0.0486851,-0.046138,0.0526199,0.0553509,0.0214306,-0.0626167,-0.0314038,-0.0743784,0.00745495,0.0639644,-0.045246,-0.023785,-0.0599525,-0.0206596,-0.0184843,-0.024221,-0.0738912,-0.0876943,0.057795,-0.0148755,-0.0019973,-0.0673969,-0.0720195,-0.00714781,0.00289134,0.0721476,-0.0201688,0.0462658,-0.0931929,0.000826271,0.0558449,0.0582029,-0.0659152,-0.023929,0.0817339,-0.0615632,0.0164072,-0.0628578,0.056982,0.033707,-0.0524921,0.0402059,0.0519285,0.0173858,0.0868547,-0.0348664,0.0570057,0.0154348,-0.0697292,-0.00486684,-0.0199064,0.0341525,0.0334099,0.0262962,0.0544383,-0.0536338,0.0744101,-0.0510669,0.0787251,-0.0266639,0.0857485,0.00738809,-0.00454574,0.0756897,0.0100751,-0.0575276,0.0492032,-0.053294,-0.0110347,0.0455888,-0.0256459,0.0568037,-0.0477296,0.0590596,-0.0763163,-0.0681767,0.0205402,0.0731581,-0.00859897,-0.0394599,0.0373914,0.057408,-0.0699087,-0.00315617,0.0377163,0.027712,0.0609342,-0.0561126,-0.0498717,0.0188614,-0.0250903,0.0349155,0.0672788,0.0552812,-0.0551047,-0.081818,-0.0198447,0.0119044,-0.0076564,-0.0144459,0.0536358,-0.0267576,-0.0584146,0.0587673,-0.0225581,-0.0401049,0.0215516,0.0732312,-0.0233658,0.0221908,0.0607932,0.0362257,0.0823805,-0.0915139,-0.0133599,0.075925,-0.0682136,0.0634874,-0.0771391,0.086761,0.0188602,-0.0605289,0.0761171,0.0118064,-0.0427715,-0.0320068,-0.0526209,-0.0465679,0.0486851,-0.046138,0.0526199,0.0553509,0.0214306,-0.0626167,-0.0314038,-0.0743784,0.00745495,0.0639644,-0.045246,-0.023785,-0.0599525,-0.0206596,-0.0184843,-0.024221,-0.0738912,-0.0876943,0.057795,-0.0148755,-0.0019973,-0.0673969,
0.0891413,0.0193283,0.0712961,-0.076598,0.0752119,-0.0601356,0.0320037,0.0386961,-0.060158,0.0702609,0.0404103,-0.0746572,0.0324484,-0.088747,0.0561052,-0.0240158,-0.0818226,-0.0874195,0.0696768,0.0598296,0.082552,0.0849305,-0.0329249,-0.0301145,-0.0697262,-0.0267436,0.0541258,-0.0674375,-0.0568216,-0.0817198,0.0853223,-0.0174156,-0.0591335,0.0846392,0.042556,-0.0691437,-0.0373797,-0.0828142,-0.0815798,-0.0639509,0.0784281,0.0409477,0.0506527,0.0699353,-0.0474979,-0.0104202,-0.0902655,0.0420936,-0.0206172,0.024732,-0.00427116,-0.0778241,-0.00724367,0.0279989,-0.0879841,-0.0205128,0.0634819,0.00155954,0.0680234,0.0403429,-0.0435079,0.0671052,0.0787559,0.00849861,0.0722849,-0.0840449,-0.0581225,0.0775041,-0.000618987,-0.00610287,-0.0359893,0.00137334,0.028218,-0.0165894,-0.0176964,-0.00359308,-0.0690994,-0.0821655,0.0204131,0.0745768,0.0232647,0.00825525,0.0193759,0.0366167,0.037423,-0.000223813,-0.0299886,-0.0769378,0.0877026,-0.0511042,-0.0283739,0.0495725,-0.0189501,-0.00902269,-0.0186717,-0.0310468,0.00464539,0.060819,0.0494024,-0.0789315,0.00646921,-0.0171605,0.0714061,-0.0208711,0.0384538,-0.0221473,0.0684115,0.0694041,0.0599047,0.00483107,0.0555804,0.0492832,-0.0680728,-0.0314789,-0.00667571,0.0728504,0.0189944,-0.0649912,0.0661921,0.065027,0.0907406,0.00966351,0.0225304,0.0554574,-0.0807973,0.00872828,-0.0452735,0.046232,0.0891413,0.0193283,0.0712961,-0.076598,0.0752119,-0.0601356,0.0320037,0.0386961,-0.060158,0.0702609,0.0404103,-0.0746572,0.0324484,-0.088747,0.0561052,-0.0240158,-0.0818226,-0.0874195,0.0696768,0.0598296,0.082552,0.0849305,-0.0329249,-0.0301145,-0.0697262,-0.0267436,0.0541258,-0.0674375,-0.0568216,-0.0817198,0.0853223,-0.0174156,-0.0591335,0.0846392,0.042556,-0.0691437,-0.0373797,-0.0828142,-0.0815798,-0.0639509,0.0784281,0.0409477,0.0506527,0.0699353,-0.0474979,-0.0104202,-0.0902655,0.0420936,-0.0206172,0.024732,-0.00427116,-0.0778241,-0.00724367,0.0279989,-0.0879841,-0.0205128,0.0634819,0.00155954,0.0680234,0.0403429,-0.0435079,0.0671052,0.0787559,0.00849861,0.0722849,-0.0840449,-0.0581225,0.0775041,-0.000618987,-0.00610287,-0.0359893,0.00137334,0.028218,-0.0165894,-0.0176964,-0.00359308,-0.0690994,-0.0821655,0.0204131,0.0745768,0.0232647,0.00825525,0.0193759,0.0366167,0.037423,-0.000223813,-0.0299886,-0.0769378,0.0877026,-0.0511042,-0.0283739,0.0495725,-0.0189501,-0.00902269,-0.0186717,-0.0310468,0.00464539,0.060819,0.0494024,-0.0789315,0.00646921,-0.0171605,0.0714061,-0.0208711,0.0384538,-0.0221473,0.0684115,0.0694041,0.0599047,0.00483107,0.0555804,0.0492832,-0.0680728,-0.0314789,-0.00667571,0.0728504,0.0189944,-0.0649912,0.0661921,0.065027,0.0907406,0.00966351,0.0225304,0.0554574,-0.0807973,0.00872828,-0.0452735,0.046232,
0.0543483,-0.0658983,0.022684,0.0794136,0.0815151,-0.0643062,-0.0581758,0.0203397,-0.0219824,0.0682092,0.0258095,0.0005836,-0.0453682,0.0248599,0.018422,-0.0169576,-0.0453288,0.0256689,0.0796733,0.0461665,0.0255593,0.0275265,-0.0238874,-0.0390688,0.0434449,-0.045962,0.0388566,0.022145,0.0543839,-0.0354426,-0.000827701,0.0428316,0.0395219,-0.078111,-0.0312611,-0.0797661,-0.00398086,0.0421319,-0.00464947,-0.0704575,-0.010467,-0.0653806,0.0010145,0.0666793,-0.0702458,0.012475,-0.0706276,-0.0456752,0.0350078,-0.0773915,-0.0301692,0.0372451,-0.0382907,0.0611812,0.00410957,-0.0322084,-0.0230226,0.0679178,0.0256432,0.0678702,0.0179172,-0.0177684,-0.0244171,0.0138321,-0.0185221,0.0909121,-0.0449582,-0.00413256,0.083539,-0.00316393,0.076555,0.0639332,0.0642585,-0.0882406,-0.0882713,-0.010174,-0.0681284,-0.0469652,-0.0488825,-0.00131162,-0.0253781,-0.0303324,-0.0247407,0.0627614,0.000360813,-0.0252763,0.0312859,0.0527216,0.0118378,0.0473121,-0.0312618,-0.0521861,-0.0113969,-0.0329107,0.0371207,0.0354929,0.0793255,-0.0646155,-0.0579297,-0.0428084,0.062505,0.0352659,-0.0235522,0.0290583,0.0191102,0.0233474,-0.0713747,-0.0847516,-0.0379752,-0.0153541,0.0845494,-0.0323429,0.0404425,-0.0783803,0.0405858,-0.0682548,0.0367935,-0.0419113,0.0637987,0.0327457,0.00337933,-0.023185,0.0213171,-0.0303236,-0.0283715,0.0565283,-0.0268128,0.0680033,0.0543483,-0.0658983,0.022684,0.0794136,0.0815151,-0.0643062,-0.0581758,0.0203397,-0.0219824,0.0682092,0.0258095,0.0005836,-0.0453682,0.0248599,0.018422,-0.0169576,-0.0453288,0.0256689,0.0796733,0.0461665,0.0255593,0.0275265,-0.0238874,-0.0390688,0.0434449,-0.045962,0.0388566,0.022145,0.0543839,-0.0354426,-0.000827701,0.0428316,0.0395219,-0.078111,-0.0312611,-0.0797661,-0.00398086,0.0421319,-0.00464947,-0.0704575,-0.010467,-0.0653806,0.0010145,0.0666793,-0.0702458,0.012475,-0.0706276,-0.0456752,0.0350078,-0.0773915,-0.0301692,0.0372451,-0.0382907,0.0611812,0.00410957,-0.0322084,-0.0230226,0.0679178,0.0256432,0.0678702,0.0179172,-0.0177684,-0.0244171,0.0138321,-0.0185221,0.0909121,-0.0449582,-0.00413256,0.083539,-0.00316393,0.076555,0.0639332,0.0642585,-0.0882406,-0.0882713,-0.010174,-0.0681284,-0.0469652,-0.0488825,-0.00131162,-0.0253781,-0.0303324,-0.0247407,0.0627614,0.000360813,-0.0252763,0.0312859,0.0527216,0.0118378,0.0473121,-0.0312618,-0.0521861,-0.0113969,-0.0329107,0.0371207,0.0354929,0.0793255,-0.0646155,-0.0579297,-0.0428084,0.062505,0.0352659,-0.0235522,0.0290583,0.0191102,0.0233474,-0.0713747,-0.0847516,-0.0379752,-0.0153541,0.0845494,-0.0323429,0.0404425,-0.0783803,0.0405858,-0.0682548,0.0367935,-0.0419113,0.0637987,0.0327457,0.00337933,-0.023185,0.0213171,-0.0303236,-0.0283715,0.0565283,-0.0268128,0.0680033,
-0.0573374,-0.0758148,0.0757839,-0.04803,0.0376312,0.0133618,-0.0647203,-0.0793132,-0.0624006,-0.0652316,0.0712484,0.0864706,-0.00582022,0.057494,-0.070316,0.0651221,0.0282309,-0.0912015,-0.00526806,0.0525952,0.023419,0.0595173,0.0273639,-0.0164586,-0.00202768,-0.018135,-0.0675232,-0.046009,0.0655983,-0.0335287,0.0242078,-0.040477,-0.0533268,0.0203522,-0.00603139,-0.0888808,-0.0849037,0.0782448,0.0728357,-0.0072336,0.0465648,1.75856e-05,0.0226048,0.00500145,0.0536494,0.0506858,0.0637634,-0.0344517,0.0744788,-0.0333378,-0.0502078,-0.0180073,-0.0453238,0.0482263,-0.057833,0.012998,0.0618092,0.0802053,-0.0462259,0.0364952,-0.00794561,-0.0018824,-0.0288398,-0.0447262,-0.0521551,0.0773502,-0.0423625,-0.00160128,-0.0450541,-0.0180699,0.0745829,-0.0745468,-0.028003,-0.0292523,0.086513,0.0181967,0.0778874,0.0650029,-0.0204608,-0.0789545,0.0328339,0.0757897,0.0589501,-0.0755226,0.0292507,-0.0536246,0.0329656,0.0428745,0.0110622,0.0311393,0.0583861,-0.022196,-0.00974133,0.0627427,0.0465718,0.0364206,-0.0422594,0.00192716,-0.0750836,0.0438199,-0.0186561,-0.0544974,0.00625461,0.00763664,-0.0541596,-0.0391905,0.0578842,-0.0188773,0.000929125,0.00129558,0.000896123,-0.023478,-0.0426935,0.0787228,-0.0182679,-0.078643,0.044923,-0.0202863,-0.038111,-0.0126693,0.0773253,0.0114117,-0.0502362,-0.00118859,0.0117673,-0.028315,0.0894314,0.0608312,-0.0573374,-0.0758148,0.0757839,-0.04803,0.0376312,0.0133618,-0.0647203,-0.0793132,-0.0624006,-0.0652316,0.0712484,0.0864706,-0.00582022,0.057494,-0.070316,0.0651221,0.0282309,-0.0912015,-0.00526806,0.0525952,0.023419,0.0595173,0.0273639,-0.0164586,-0.00202768,-0.018135,-0.0675232,-0.046009,0.0655983,-0.0335287,0.0242078,-0.040477,-0.0533268,0.0203522,-0.00603139,-0.0888808,-0.0849037,0.0782448,0.0728357,-0.0072336,0.0465648,1.75856e-05,0.0226048,0.00500145,0.0536494,0.0506858,0.0637634,-0.0344517,0.0744788,-0.0333378,-0.0502078,-0.0180073,-0.0453238,0.0482263,-0.057833,0.012998,0.0618092,0.0802053,-0.0462259,0.0364952,-0.00794561,-0.0018824,-0.0288398,-0.0447262,-0.0521551,0.0773502,-0.0423625,-0.00160128,-0.0450541,-0.0180699,0.0745829,-0.0745468,-0.028003,-0.0292523,0.086513,0.0181967,0.0778874,0.0650029,-0.0204608,-0.0789545,0.0328339,0.0757897,0.0589501,-0.0755226,0.0292507,-0.0536246,0.0329656,0.0428745,0.0110622,0.0311393,0.0583861,-0.022196,-0.00974133,0.0627427,0.0465718,0.0364206,-0.0422594,0.00192716,-0.0750836,0.0438199,-0.0186561,-0.0544974,0.00625461,0.00763664,-0.0541596,-0.0391905,0.0578842,-0.0188773,0.000929125,0.00129558,0.000896123,-0.023478,-0.0426935,0.0787228,-0.0182679,-0.078643,0.044923,-0.0202863,-0.038111,-0.0126693,0.0773253,0.0114117,-0.0502362,-0.00118859,0.0117673,-0.028315,0.0894314,0.0608312,
-0.0107559,-0.0389526,-0.0108481,0.0313547,0.0826331,0.04317,-0.0233908,-0.0833101,0.0677398,-0.0683326,-0.0415591,0.045909,0.041957,-0.064154,-0.0556754,0.0580762,-0.0753994,0.028201,-0.00479924,0.00506237,-0.0260215,-0.0622084,0.0261742,0.00283063,-0.0416863,-0.00712551,0.0512745,0.0683384,0.0160517,0.072919,0.0500356,0.0356184,0.0656241,0.00754963,0.048928,0.0596082,-0.024456,0.0162045,-0.0380142,-0.00179696,-0.0586056,-0.0126152,0.0398338,-0.0697284,0.0579014,-0.0118976,0.0789148,0.0651376,0.0600864,0.0385245,-0.0719407,0.0127087,-0.0422039,0.0246541,0.0404131,0.0151848,0.0261858,-0.0568152,-0.0138871,0.0302957,-0.0607317,0.0763497,-0.0245071,-0.0537535,0.00663774,0.00161721,-0.00183824,0.0824721,0.048936,-0.0467147,0.0592414,-0.0451859,0.0597071,0.0909753,-0.0495669,-0.014158,-0.0388166,-0.0741626,0.0276964,0.0282916,-0.0290354,0.0612243,-0.0619149,-0.061018,-0.0122467,0.0222332,0.0688381,0.0450782,0.0801962,-0.0594033,-0.0410674,0.0301618,0.0379793,0.0414648,-0.0316715,-0.071042,-0.0801482,-0.0576935,-0.0125054,0.0479106,0.0100602,0.0312351,-0.0733524,0.0312973,0.0521073,-0.0403239,-0.042183,0.0655582,-0.0509442,-0.0810591,0.0546155,0.0173,-0.00607196,-0.0685027,-0.0615814,0.00465502,-0.015663,-0.0142391,-0.0662365,-0.046643,0.00571697,-0.0419615,0.0196751,-0.0415064,0.0285534,0.0397524,0.011969,0.0453932,-0.0107559,-0.0389526,-0.0108481,0.0313547,0.0826331,0.04317,-0.0233908,-0.0833101,0.0677398,-0.0683326,-0.0415591,0.045909,0.041957,-0.064154,-0.0556754,0.0580762,-0.0753994,0.028201,-0.00479924,0.00506237,-0.0260215,-0.0622084,0.0261742,0.00283063,-0.0416863,-0.00712551,0.0512745,0.0683384,0.0160517,0.072919,0.0500356,0.0356184,0.0656241,0.00754963,0.048928,0.0596082,-0.024456,0.0162045,-0.0380142,-0.00179696,-0.0586056,-0.0126152,0.0398338,-0.0697284,0.0579014,-0.0118976,0.0789148,0.0651376,0.0600864,0.0385245,-0.0719407,0.0127087,-0.0422039,0.0246541,0.0404131,0.0151848,0.0261858,-0.0568152,-0.0138871,0.0302957,-0.0607317,0.0763497,-0.0245071,-0.0537535,0.00663774,0.00161721,-0.00183824,0.0824721,0.048936,-0.0467147,0.0592414,-0.0451859,0.0597071,0.0909753,-0.0495669,-0.014158,-0.0388166,-0.0741626,0.0276964,0.0282916,-0.0290354,0.0612243,-0.0619149,-0.061018,-0.0122467,0.0222332,0.0688381,0.0450782,0.0801962,-0.0594033,-0.0410674,0.0301618,0.0379793,0.0414648,-0.0316715,-0.071042,-0.0801482,-0.0576935,-0.0125054,0.0479106,0.0100602,0.0312351,-0.0733524,0.0312973,0.0521073,-0.0403239,-0.042183,0.0655582,-0.0509442,-0.0810591,0.0546155,0.0173,-0.00607196,-0.0685027,-0.0615814,0.00465502,-0.015663,-0.0142391,-0.0662365,-0.046643,0.00571697,-0.0419615,0.0196751,-0.0415064,0.0285534,0.0397524,0.011969,0.0453932,
-0.0380671,0.00444095,-0.0666414,-0.0543162,-0.0223878,-0.069407,0.0380256,0.0316885,0.0397747,-0.0894845,0.0382635,-0.001045,-0.0210517,-0.0524778,0.0306979,0.0213175,0.063788,0.0140469,-0.00433334,0.0572323,-0.0677624,-0.0450778,-0.0446416,0.00289828,0.014807,-0.0751257,0.0348304,-0.050996,-0.0305229,0.0779952,0.00106715,0.0610214,-0.0411438,0.0644447,-0.0282884,-0.0199392,0.0405035,-0.0565325,-0.0599621,0.0345253,0.0537928,0.0443527,-0.0813965,-0.0397058,0.0376489,-0.0875954,-0.0796261,-0.0300727,-0.0750004,-0.0845776,0.0209792,-0.047481,-0.00706193,-0.072275,0.0359121,-0.0659281,-0.0381842,0.0422325,0.0191688,0.0821802,-0.0801362,-0.0859041,0.0333912,-0.0872897,0.00852894,0.0142165,-0.0749589,0.084605,0.0252535,-0.0666699,-0.0184622,0.0891542,0.0303724,-0.00619474,-0.0274903,0.0541129,-0.0180025,0.00216487,0.0378425,-0.0118646,-0.00533753,0.0503504,-0.0245667,0.0125221,0.042918,-0.00974115,0.0455619,-0.0847095,0.0554186,-0.0744418,0.0637177,0.0898748,0.0624278,-0.0434992,-0.0795192,-0.0552351,0.0257973,-0.0231265,-0.0421336,0.0133985,0.0931596,0.00584263,0.0616053,0.0897818,-0.0288227,-0.0319206,0.041621,-0.0629055,-0.0525791,-0.0143683,0.0268111,0.064477,-0.0612579,-0.0550021,-0.0180494,0.0234146,0.00399239,-0.0588024,0.0285204,0.0350936,0.0778725,0.0879756,-0.0046573,-0.0640754,0.00814624,-0.0719552,-0.0495428,0.0151585,-0.0380671,0.00444095,-0.0666414,-0.0543162,-0.0223878,-0.069407,0.0380256,0.0316885,0.0397747,-0.0894845,0.0382635,-0.001045,-0.0210517,-0.0524778,0.0306979,0.0213175,0.063788,0.0140469,-0.00433334,0.0572323,-0.0677624,-0.0450778,-0.0446416,0.00289828,0.014807,-0.0751257,0.0348304,-0.050996,-0.0305229,0.0779952,0.00106715,0.0610214,-0.0411438,0.0644447,-0.0282884,-0.0199392,0.0405035,-0.0565325,-0.0599621,0.0345253,0.0537928,0.0443527,-0.0813965,-0.0397058,0.0376489,-0.0875954,-0.0796261,-0.0300727,-0.0750004,-0.0845776,0.0209792,-0.047481,-0.00706193,-0.072275,0.0359121,-0.0659281,-0.0381842,0.0422325,0.0191688,0.0821802,-0.0801362,-0.0859041,0.0333912,-0.0872897,0.00852894,0.0142165,-0.0749589,0.084605,0.0252535,-0.0666699,-0.0184622,0.0891542,0.0303724,-0.00619474,-0.0274903,0.0541129,-0.0180025,0.00216487,0.0378425,-0.0118646,-0.00533753,0.0503504,-0.0245667,0.0125221,0.042918,-0.00974115,0.0455619,-0.0847095,0.0554186,-0.0744418,0.0637177,0.0898748,0.0624278,-0.0434992,-0.0795192,-0.0552351,0.0257973,-0.0231265,-0.0421336,0.0133985,0.0931596,0.00584263,0.0616053,0.0897818,-0.0288227,-0.0319206,0.041621,-0.0629055,-0.0525791,-0.0143683,0.0268111,0.064477,-0.0612579,-0.0550021,-0.0180494,0.0234146,0.00399239,-0.0588024,0.0285204,0.0350936,0.0778725,0.0879756,-0.0046573,-0.0640754,0.00814624,-0.0719552,-0.0495428,0.0151585,
-0.0549554,0.0647299,-0.073629,-0.0517105,0.022575,-0.0517094,-0.0049357,0.0129577,-0.0920568,-0.0103985,0.0529794,-0.0700202,-0.0874639,0.0864039,-0.0459619,0.0725522,0.0353405,-0.0590126,0.0724208,-0.0517559,0.0354939,0.0113495,0.0727769,-0.0717905,-0.0519955,0.0168167,0.061462,-0.0582805,0.0170911,0.0187635,-0.0754116,0.016665,0.0217417,0.0251093,0.035054,-0.00468037,0.0485065,-0.0848433,-0.0232348,0.0128181,-0.0645971,-0.022455,0.0522684,0.0453859,0.0887394,-0.0287903,-0.0765457,-0.0501277,0.0614722,0.0834072,-0.0215988,-0.00280836,-0.0285874,0.0255174,-0.016308,-0.0581132,-0.0517888,-0.0184441,-0.0092566,-0.0221656,0.0396198,-0.0264116,-0.0464262,-0.081214,-0.0185226,-0.0120565,0.0371333,0.0120289,-0.0527341,0.0613961,0.0877751,-0.0353465,0.0500807,0.0191901,-0.00242967,-0.0714363,-0.0351858,0.00277157,0.00927294,0.0460528,-0.0432463,0.0725369,0.0436078,0.00666479,0.0305819,-0.033149,-0.0377765,-0.0530383,0.0151082,0.00456229,-0.0555847,-0.04587,0.0362795,0.0475462,0.00797043,-0.0367169,-0.0556582,0.0550143,0.0169277,0.033912,-0.0232965,-0.0546162,0.0186055,0.0889617,0.0370566,0.0874546,-0.0220398,0.0157187,0.0656482,0.0513636,0.0109527,-0.0413333,0.0741767,0.0951701,-0.0405816,0.0626092,-0.0463385,-0.0175199,-0.0696448,0.0743574,-0.0305995,0.053636,0.0129893,0.0309903,-0.0612211,0.00826927,0.0138797,0.0658605,-0.0549554,0.0647299,-0.073629,-0.0517105,0.022575,-0.0517094,-0.0049357,0.0129577,-0.0920568,-0.0103985,0.0529794,-0.0700202,-0.0874639,0.0864039,-0.0459619,0.0725522,0.0353405,-0.0590126,0.0724208,-0.0517559,0.0354939,0.0113495,0.0727769,-0.0717905,-0.0519955,0.0168167,0.061462,-0.0582805,0.0170911,0.0187635,-0.0754116,0.016665,0.0217417,0.0251093,0.035054,-0.00468037,0.0485065,-0.0848433,-0.0232348,0.0128181,-0.0645971,-0.022455,0.0522684,0.0453859,0.0887394,-0.0287903,-0.0765457,-0.0501277,0.0614722,0.0834072,-0.0215988,-0.00280836,-0.0285874,0.0255174,-0.016308,-0.0581132,-0.0517888,-0.0184441,-0.0092566,-0.0221656,0.0396198,-0.0264116,-0.0464262,-0.081214,-0.0185226,-0.0120565,0.0371333,0.0120289,-0.0527341,0.0613961,0.0877751,-0.0353465,0.0500807,0.0191901,-0.00242967,-0.0714363,-0.0351858,0.00277157,0.00927294,0.0460528,-0.0432463,0.0725369,0.0436078,0.00666479,0.0305819,-0.033149,-0.0377765,-0.0530383,0.0151082,0.00456229,-0.0555847,-0.04587,0.0362795,0.0475462,0.00797043,-0.0367169,-0.0556582,0.0550143,0.0169277,0.033912,-0.0232965,-0.0546162,0.0186055,0.0889617,0.0370566,0.0874546,-0.0220398,0.0157187,0.0656482,0.0513636,0.0109527,-0.0413333,0.0741767,0.0951701,-0.0405816,0.0626092,-0.0463385,-0.0175199,-0.0696448,0.0743574,-0.0305995,0.053636,0.0129893,0.0309903,-0.0612211,0.00826927,0.0138797,0.0658605,
-0.0885561,0.02535,0.0766401,-0.0187417,-0.0130841,-0.0178629,-0.0128935,0.00495162,-0.0532574,0.0570159,0.0274998,0.0764868,-0.0837408,0.0464257,0.0244578,0.0359385,-0.0907428,-0.071504,-0.0654977,0.0645626,-0.0782707,0.0806178,-0.0161349,0.0349339,0.0159873,0.0386608,0.0154361,0.0736614,0.0381612,-0.0538873,0.0178618,0.070205,0.0840672,0.0373881,-0.00100959,0.057834,0.0711224,0.0106327,0.0735622,-0.0802417,0.0878399,-0.0126814,-0.0614012,0.0527828,-0.0414194,-0.0306341,-0.00838538,-0.0448582,-0.0805258,0.0780453,0.0638889,0.00163824,-0.057714,-0.0936988,-0.0166179,-0.0300587,0.0362649,-0.0276555,-0.0738527,-0.0792308,0.0360331,-0.0592015,0.0667666,0.0108364,-0.0337252,0.0848959,-0.0785455,0.0313858,0.0514211,0.0711209,-0.00086202,0.00382233,-0.05289,0.0637999,0.0761444,-0.0285207,-0.0455984,0.0467079,0.0787042,0.0589688,0.0109873,-0.039718,0.0516259,-0.050461,-0.0849509,0.0032961,-0.0799105,0.0474525,-0.0250959,0.0221917,-0.0326391,-0.0195488,0.0435937,-0.0877462,0.00721393,-0.0807961,0.025119,-0.0242362,-0.0732164,-0.0167745,0.0671858,0.0103883,-0.046869,-0.0826337,-0.0683811,-0.0547584,-0.0246987,-0.0308473,0.0239838,0.0153695,0.0895747,0.0543739,0.00857103,0.0528434,-0.0793268,-0.0157252,0.0266122,0.0829977,-0.0520877,-0.0755477,0.0697111,0.0365146,0.0215783,-0.00867353,0.075825,-0.0309413,-0.0594594,0.0286591,-0.0885561,0.02535,0.0766401,-0.0187417,-0.0130841,-0.0178629,-0.0128935,0.00495162,-0.0532574,0.0570159,0.0274998,0.0764868,-0.0837408,0.0464257,0.0244578,0.0359385,-0.0907428,-0.071504,-0.0654977,0.0645626,-0.0782707,0.0806178,-0.0161349,0.0349339,0.0159873,0.0386608,0.0154361,0.0736614,0.0381612,-0.0538873,0.0178618,0.070205,0.0840672,0.0373881,-0.00100959,0.057834,0.0711224,0.0106327,0.0735622,-0.0802417,0.0878399,-0.0126814,-0.0614012,0.0527828,-0.0414194,-0.0306341,-0.00838538,-0.0448582,-0.0805258,0.0780453,0.0638889,0.00163824,-0.057714,-0.0936988,-0.0166179,-0.0300587,0.0362649,-0.0276555,-0.0738527,-0.0792308,0.0360331,-0.0592015,0.0667666,0.0108364,-0.0337252,0.0848959,-0.0785455,0.0313858,0.0514211,0.0711209,-0.00086202,0.00382233,-0.05289,0.0637999,0.0761444,-0.0285207,-0.0455984,0.0467079,0.0787042,0.0589688,0.0109873,-0.039718,0.0516259,-0.050461,-0.0849509,0.0032961,-0.0799105,0.0474525,-0.0250959,0.0221917,-0.0326391,-0.0195488,0.0435937,-0.0877462,0.00721393,-0.0807961,0.025119,-0.0242362,-0.0732164,-0.0167745,0.0671858,0.0103883,-0.046869,-0.0826337,-0.0683811,-0.0547584,-0.0246987,-0.0308473,0.0239838,0.0153695,0.0895747,0.0543739,0.00857103,0.0528434,-0.0793268,-0.0157252,0.0266122,0.0829977,-0.0520877,-0.0755477,0.0697111,0.0365146,0.0215783,-0.00867353,0.075825,-0.0309413,-0.0594594,0.0286591,
-0.0222438,0.0104484,-0.0139003,0.029274,-0.0546617,0.0742156,0.0691871,-0.0480213,-0.0137881,0.0345534,-0.053424,-0.055055,-0.00699164,0.0783838,0.024127,0.0221488,-0.051512,-0.0644424,0.0256763,-0.0361137,-0.014786,0.083719,-0.00351814,-0.0186042,-0.02592,0.0184377,-0.00576948,-0.000532688,-0.0090343,-0.0159883,0.0174954,-0.0169134,-0.0206647,0.00690547,-0.0834128,-0.0423437,-0.0459181,0.0260794,-0.00349588,0.0587779,-0.0373785,-0.0485728,-0.0192995,0.0426722,-0.0141418,0.0339706,-0.0489718,0.0765517,0.0698562,-0.0756683,-0.0446887,-0.0522501,0.063542,-0.0299056,-0.0849548,0.0641353,-0.044463,0.0532047,-0.0783863,0.0176664,0.0829781,0.0199235,-0.0256305,-0.0580582,-0.0594948,-0.0653659,-0.0788518,-0.0661682,-0.0730856,-0.07331,0.0441732,0.0632451,-0.0554201,0.00831784,0.0207406,0.0449871,0.0248624,0.0195801,0.0424224,0.0482551,0.0811758,-0.00300447,0.0535073,0.074254,0.0337426,0.00101701,-0.067103,-0.0808853,-0.0534579,-0.0324864,-0.0642677,0.00320649,-0.0581436,-0.0479193,-0.0697505,-0.00737077,0.0160689,0.0586021,0.0507548,-0.0213161,0.063419,-0.0125306,-0.0317397,0.0653237,-0.0726703,-0.057283,0.0806684,0.0826389,0.0258095,0.0677279,0.00441449,0.0295386,-0.00262012,0.0566088,-0.0255793,0.0120045,0.0429459,-0.042567,0.0682467,-0.0662535,-0.00974646,-0.0258789,-0.0306884,0.0528595,-0.0745613,0.0412179,0.0772749,0.0185652,-0.0222438,0.0104484,-0.0139003,0.029274,-0.0546617,0.0742156,0.0691871,-0.0480213,-0.0137881,0.0345534,-0.053424,-0.055055,-0.00699164,0.0783838,0.024127,0.0221488,-0.051512,-0.0644424,0.0256763,-0.0361137,-0.014786,0.083719,-0.00351814,-0.0186042,-0.02592,0.0184377,-0.00576948,-0.000532688,-0.0090343,-0.0159883,0.0174954,-0.0169134,-0.0206647,0.00690547,-0.0834128,-0.0423437,-0.0459181,0.0260794,-0.00349588,0.0587779,-0.0373785,-0.0485728,-0.0192995,0.0426722,-0.0141418,0.0339706,-0.0489718,0.0765517,0.0698562,-0.0756683,-0.0446887,-0.0522501,0.063542,-0.0299056,-0.0849548,0.0641353,-0.044463,0.0532047,-0.0783863,0.0176664,0.0829781,0.0199235,-0.0256305,-0.0580582,-0.0594948,-0.0653659,-0.0788518,-0.0661682,-0.0730856,-0.07331,0.0441732,0.0632451,-0.0554201,0.00831784,0.0207406,0.0449871,0.0248624,0.0195801,0.0424224,0.0482551,0.0811758,-0.00300447,0.0535073,0.074254,0.0337426,0.00101701,-0.067103,-0.0808853,-0.0534579,-0.0324864,-0.0642677,0.00320649,-0.0581436,-0.0479193,-0.0697505,-0.00737077,0.0160689,0.0586021,0.0507548,-0.0213161,0.063419,-0.0125306,-0.0317397,0.0653237,-0.0726703,-0.057283,0.0806684,0.0826389,0.0258095,0.0677279,0.00441449,0.0295386,-0.00262012,0.0566088,-0.0255793,0.0120045,0.0429459,-0.042567,0.0682467,-0.0662535,-0.00974646,-0.0258789,-0.0306884,0.0528595,-0.0745613,0.0412179,0.0772749,0.0185652,
0.000617343,0.0299307,0.03304,0.0178711,0.015412,-0.000895076,0.0754246,-0.0368225,0.0917037,0.0150141,0.0119808,-0.0450717,0.0687534,0.0774845,0.0843154,-0.0416143,-0.0116104,-0.0804985,-0.0515312,0.0234377,0.0737444,-0.0753751,0.0664322,0.0559536,0.0233843,-0.0396793,-0.0153983,-0.00675246,0.0472356,-0.0817561,0.0482682,0.0424366,-0.0551782,0.06612,-0.0578221,0.0197501,0.0638811,0.0581827,0.0105148,0.0809301,0.00182518,0.0855289,0.013121,-0.014507,-0.0353729,-0.0827337,0.077446,-0.0529835,0.0810734,0.0594483,-0.0191961,0.0641316,0.0635029,-0.083218,-0.0754164,0.0707283,0.0836333,-0.019876,0.0197552,-0.0110592,0.0442565,0.019585,0.0451982,0.0505996,-0.0549818,0.0829751,0.058513,0.00554872,0.053206,0.0862555,-0.0260466,-0.0859575,-0.046586,0.0748135,0.0660525,-0.0571289,-0.0102317,-0.0307624,-0.0202663,-0.0164554,0.0736078,-0.0566093,-0.00635844,0.0290496,-0.0271249,0.086141,0.0843797,-0.0134461,0.0708428,-0.0619105,-0.0762333,-0.0647095,0.0299623,-0.00128373,-0.0775763,0.0178313,0.0421993,-0.00293886,0.0426279,-0.00663831,0.0029911,-0.0166114,-0.0622537,-0.0843829,0.0143274,-0.0884131,-0.0522106,0.006942,0.01596,-0.0631642,0.0380817,0.0671009,0.074902,-0.0561098,-0.0768715,0.0651718,0.0610806,0.00638985,0.0694469,0.00824083,-0.0436487,0.0463942,0.0404085,-0.0131319,0.0219173,-0.0863622,-0.0507934,0.0847662,0.000617343,0.0299307,0.03304,0.0178711,0.015412,-0.000895076,0.0754246,-0.0368225,0.0917037,0.0150141,0.0119808,-0.0450717,0.0687534,0.0774845,0.0843154,-0.0416143,-0.0116104,-0.0804985,-0.0515312,0.0234377,0.0737444,-0.0753751,0.0664322,0.0559536,0.0233843,-0.0396793,-0.0153983,-0.00675246,0.0472356,-0.0817561,0.0482682,0.0424366,-0.0551782,0.06612,-0.0578221,0.0197501,0.0638811,0.0581827,0.0105148,0.0809301,0.00182518,0.0855289,0.013121,-0.014507,-0.0353729,-0.0827337,0.077446,-0.0529835,0.0810734,0.0594483,-0.0191961,0.0641316,0.0635029,-0.083218,-0.0754164,0.0707283,0.0836333,-0.019876,0.0197552,-0.0110592,0.0442565,0.019585,0.0451982,0.0505996,-0.0549818,0.0829751,0.058513,0.00554872,0.053206,0.0862555,-0.0260466,-0.0859575,-0.046586,0.0748135,0.0660525,-0.0571289,-0.0102317,-0.0307624,-0.0202663,-0.0164554,0.0736078,-0.0566093,-0.00635844,0.0290496,-0.0271249,0.086141,0.0843797,-0.0134461,0.0708428,-0.0619105,-0.0762333,-0.0647095,0.0299623,-0.00128373,-0.0775763,0.0178313,0.0421993,-0.00293886,0.0426279,-0.00663831,0.0029911,-0.0166114,-0.0622537,-0.0843829,0.0143274,-0.0884131,-0.0522106,0.006942,0.01596,-0.0631642,0.0380817,0.0671009,0.074902,-0.0561098,-0.0768715,0.0651718,0.0610806,0.00638985,0.0694469,0.00824083,-0.0436487,0.0463942,0.0404085,-0.0131319,0.0219173,-0.0863622,-0.0507934,0.0847662,
0.00690619,-0.0309793,-0.0614091,0.0644766,-0.0644426,0.0648131,0.0161192,0.0184945,-0.0811665,0.0188746,-0.0490221,0.0671377,-0.0125487,-0.0330193,0.0841924,-0.069912,-0.0782921,-0.00273725,0.0120606,-0.0794172,-0.0481593,-0.0745415,0.00850738,-0.0177237,0.0687913,0.0247179,-0.0846119,-0.0257083,-0.0639116,-0.0631076,-0.0504415,-0.0746277,0.0431994,-0.0480246,-0.0360038,-0.0536481,-0.0263145,0.00252632,-0.0818662,-0.0213347,0.036736,-0.0721389,0.0699704,-0.0565061,0.0354188,0.0086255,0.0456994,0.0335171,-0.0494668,-0.0476766,0.0410006,-0.0257361,-0.0683563,0.0421544,-0.04007,0.0281767,-0.0335055,-0.022165,0.0443002,-0.0353793,-0.060657,-0.0147449,-0.0700441,-0.0437681,-0.0790547,0.0200998,-0.0427236,0.0353118,0.0766665,0.00917562,0.0558121,0.0483885,0.0204031,0.0707285,0.00148529,0.0748502,-0.067714,0.0262658,-0.0866155,0.0813054,0.0718894,-0.0258677,0.015494,-0.0563907,-0.0412733,0.0670058,-0.0327764,0.00738054,-0.0664001,-0.0292333,0.0549555,0.0526674,-0.061085,0.0638623,-0.0302191,-0.0308127,0.0669626,0.0202634,-0.0131744,-0.052856,0.0664467,-0.0659924,0.0385798,0.0286935,0.00753208,0.0810279,0.0493687,-0.0623418,0.0146293,0.0201523,0.0820605,-0.0144789,0.027654,0.0402121,0.0739978,0.0287765,0.0859262,0.0382067,-0.00832957,-0.0271198,-0.0717345,-0.0703306,-0.0304432,-0.0565399,0.0689067,0.0516163,-0.0813395,-0.0755149,0.00690619,-0.0309793,-0.0614091,0.0644766,-0.0644426,0.0648131,0.0161192,0.0184945,-0.0811665,0.0188746,-0.0490221,0.0671377,-0.0125487,-0.0330193,0.0841924,-0.069912,-0.0782921,-0.00273725,0.0120606,-0.0794172,-0.0481593,-0.0745415,0.00850738,-0.0177237,0.0687913,0.0247179,-0.0846119,-0.0257083,-0.0639116,-0.0631076,-0.0504415,-0.0746277,0.0431994,-0.0480246,-0.0360038,-0.0536481,-0.0263145,0.00252632,-0.0818662,-0.0213347,0.036736,-0.0721389,0.0699704,-0.0565061,0.0354188,0.0086255,0.0456994,0.0335171,-0.0494668,-0.0476766,0.0410006,-0.0257361,-0.0683563,0.0421544,-0.04007,0.0281767,-0.0335055,-0.022165,0.0443002,-0.0353793,-0.060657,-0.0147449,-0.0700441,-0.0437681,-0.0790547,0.0200998,-0.0427236,0.0353118,0.0766665,0.00917562,0.0558121,0.0483885,0.0204031,0.0707285,0.00148529,0.0748502,-0.067714,0.0262658,-0.0866155,0.0813054,0.0718894,-0.0258677,0.015494,-0.0563907,-0.0412733,0.0670058,-0.0327764,0.00738054,-0.0664001,-0.0292333,0.0549555,0.0526674,-0.061085,0.0638623,-0.0302191,-0.0308127,0.0669626,0.0202634,-0.0131744,-0.052856,0.0664467,-0.0659924,0.0385798,0.0286935,0.00753208,0.0810279,0.0493687,-0.0623418,0.0146293,0.0201523,0.0820605,-0.0144789,0.027654,0.0402121,0.0739978,0.0287765,0.0859262,0.0382067,-0.00832957,-0.0271198,-0.0717345,-0.0703306,-0.0304432,-0.0565399,0.0689067,0.0516163,-0.0813395,-0.0755149,
-0.0581063,0.0129962,0.0920586,-0.0345978,0.0186335,-0.022001,0.0660516,0.052107,-0.0327863,0.0459186,0.0308919,0.0612944,-0.0244757,0.0786655,0.0885034,0.0692002,0.0271274,-0.0700885,-0.0339659,-0.0911937,-0.061694,0.0166034,-0.047383,0.0785225,-0.0296245,-0.0129621,-0.0334482,0.0599284,0.0397134,-0.072083,-0.070752,0.00916931,0.08991,0.0448695,0.0304795,-0.0302714,-0.0707658,-0.0553327,-0.0153667,-0.0397146,-0.0338244,0.00685335,0.0787405,0.0110972,-0.0577603,0.0740129,-0.0531511,0.00458034,0.0442392,-0.0571726,0.0436965,-0.0313136,-0.0868028,-0.0329675,0.0245089,-0.0811237,-0.021348,-0.0092668,0.020325,-0.0625326,-0.0521658,0.0627926,0.0931459,0.0570051,-0.0193561,0.0122564,-0.0743977,-0.0901012,0.0373074,0.010921,0.00800406,0.0431744,0.024626,0.0202072,-0.0298478,-0.0573815,-0.0266505,0.0162764,-0.0638481,-0.00471661,-0.0805083,-0.0183382,-0.0777874,-0.0519018,-0.0569703,0.0683219,-0.040119,0.0482319,0.0245788,0.0421934,-0.0259362,0.0323664,0.0211634,0.00441981,-0.0674433,0.0116785,-0.00957889,0.042756,0.00720119,0.0389009,-0.0129188,0.0138293,-0.022468,-0.0280941,0.0322246,0.0498492,0.0379588,-0.0460156,0.0198491,0.0447692,0.0302571,0.0727657,-0.00722354,0.0433607,0.0555027,0.048569,-0.013657,-0.0510255,0.0332957,0.0750026,-0.0496127,0.0389731,0.0559218,-0.0528859,0.0668412,-0.0596403,-0.0172354,-0.0585276,-0.0581063,0.0129962,0.0920586,-0.0345978,0.0186335,-0.022001,0.0660516,0.052107,-0.0327863,0.0459186,0.0308919,0.0612944,-0.0244757,0.0786655,0.0885034,0.0692002,0.0271274,-0.0700885,-0.0339659,-0.0911937,-0.061694,0.0166034,-0.047383,0.0785225,-0.0296245,-0.0129621,-0.0334482,0.0599284,0.0397134,-0.072083,-0.070752,0.00916931,0.08991,0.0448695,0.0304795,-0.0302714,-0.0707658,-0.0553327,-0.0153667,-0.0397146,-0.0338244,0.00685335,0.0787405,0.0110972,-0.0577603,0.0740129,-0.0531511,0.00458034,0.0442392,-0.0571726,0.0436965,-0.0313136,-0.0868028,-0.0329675,0.0245089,-0.0811237,-0.021348,-0.0092668,0.020325,-0.0625326,-0.0521658,0.0627926,0.0931459,0.0570051,-0.0193561,0.0122564,-0.0743977,-0.0901012,0.0373074,0.010921,0.00800406,0.0431744,0.024626,0.0202072,-0.0298478,-0.0573815,-0.0266505,0.0162764,-0.0638481,-0.00471661,-0.0805083,-0.0183382,-0.0777874,-0.0519018,-0.0569703,0.0683219,-0.040119,0.0482319,0.0245788,0.0421934,-0.0259362,0.0323664,0.0211634,0.00441981,-0.0674433,0.0116785,-0.00957889,0.042756,0.00720119,0.0389009,-0.0129188,0.0138293,-0.022468,-0.0280941,0.0322246,0.0498492,0.0379588,-0.0460156,0.0198491,0.0447692,0.0302571,0.0727657,-0.00722354,0.0433607,0.0555027,0.048569,-0.013657,-0.0510255,0.0332957,0.0750026,-0.0496127,0.0389731,0.0559218,-0.0528859,0.0668412,-0.0596403,-0.0172354,-0.0585276,
-0.0319752,-0.0374236,0.0573609,0.00667293,-0.0407705,0.087763,0.0503115,0.00540263,-0.00538181,-0.0116322,-0.0740913,-0.0240765,-0.0113645,0.00116795,0.00770651,0.0571987,0.0614494,0.0154278,0.0228824,-0.000408589,-0.00110682,0.081594,0.0374609,0.0468862,-0.0182481,0.00683729,0.0203784,0.0132578,0.0321552,-0.0605309,-0.0847728,0.0108067,-0.0420215,-0.0354146,0.0660973,-0.0721735,0.0814056,-0.0474637,0.0259849,-0.0260616,-0.0340275,-0.0833243,-0.0827974,0.0285867,0.0788522,0.0326431,0.00346961,-0.0121738,0.0562681,0.0395779,-0.0187243,-0.0101026,0.0630668,-0.0407351,0.0602728,-0.0217593,0.0132237,-0.0790195,-0.0754753,-0.0735074,-0.0339734,0.0550756,-0.0334458,-0.0219739,0.0728369,-0.00474594,-0.00872341,-0.00817224,-0.0360174,-0.0426666,-0.032661,-0.0108609,0.0200001,0.0858545,-0.0175186,0.0429519,-0.0378105,-0.0495816,-0.0468135,0.0608511,-0.0440646,-0.0889706,0.0480897,-0.074465,0.0856384,0.00806453,-0.0107471,0.0629811,-0.012333,-0.0204487,0.0257803,0.0813505,0.0574202,-0.0690283,0.0293004,0.0511015,0.0281345,0.062114,-0.0103824,0.0940574,-0.021864,0.0174476,0.0444272,-0.080681,0.0216073,-0.0607305,-0.0627975,-0.0460809,0.0451499,-0.0458197,0.00192527,-0.0546958,0.0398067,0.00940345,-0.0794505,0.0150051,-0.0344371,0.0197868,-0.0835874,-0.0236112,0.078933,-0.0745282,0.0105964,-0.0523146,-0.00359169,-0.0390028,-0.0537265,-0.0184777,-0.0319752,-0.0374236,0.0573609,0.00667293,-0.0407705,0.087763,0.0503115,0.00540263,-0.00538181,-0.0116322,-0.0740913,-0.0240765,-0.0113645,0.00116795,0.00770651,0.0571987,0.0614494,0.0154278,0.0228824,-0.000408589,-0.00110682,0.081594,0.0374609,0.0468862,-0.0182481,0.00683729,0.0203784,0.0132578,0.0321552,-0.0605309,-0.0847728,0.0108067,-0.0420215,-0.0354146,0.0660973,-0.0721735,0.0814056,-0.0474637,0.0259849,-0.0260616,-0.0340275,-0.0833243,-0.0827974,0.0285867,0.0788522,0.0326431,0.00346961,-0.0121738,0.0562681,0.0395779,-0.0187243,-0.0101026,0.0630668,-0.0407351,0.0602728,-0.0217593,0.0132237,-0.0790195,-0.0754753,-0.0735074,-0.0339734,0.0550756,-0.0334458,-0.0219739,0.0728369,-0.00474594,-0.00872341,-0.00817224,-0.0360174,-0.0426666,-0.032661,-0.0108609,0.0200001,0.0858545,-0.0175186,0.0429519,-0.0378105,-0.0495816,-0.0468135,0.0608511,-0.0440646,-0.0889706,0.0480897,-0.074465,0.0856384,0.00806453,-0.0107471,0.0629811,-0.012333,-0.0204487,0.0257803,0.0813505,0.0574202,-0.0690283,0.0293004,0.0511015,0.0281345,0.062114,-0.0103824,0.0940574,-0.021864,0.0174476,0.0444272,-0.080681,0.0216073,-0.0607305,-0.0627975,-0.0460809,0.0451499,-0.0458197,0.00192527,-0.0546958,0.0398067,0.00940345,-0.0794505,0.0150051,-0.0344371,0.0197868,-0.0835874,-0.0236112,0.078933,-0.0745282,0.0105964,-0.0523146,-0.00359169,-0.0390028,-0.0537265,-0.0184777,
-0.0411661,-0.0887053,-0.0482991,-0.0140005,-0.0696042,-0.0150996,0.0245861,-0.00547766,0.0482011,-0.0622533,0.0276037,0.0187662,-0.0127357,-0.0465721,-0.000106741,-0.0465405,-0.0721003,0.017884,-0.0225269,0.0514829,0.0401101,0.0541051,-0.0407209,-0.0394804,-0.0545791,0.0607609,0.0160912,-0.00531246,-0.0590817,0.063259,-0.0555815,-0.0455632,-0.0218903,0.0442423,-0.00869069,-0.0257553,0.0168073,0.0275707,0.0440765,0.0669051,0.0562306,0.018457,0.0466374,-0.026604,0.0769038,-0.0170843,0.085768,-0.00207444,0.0356025,-0.0197336,-0.0249884,0.0511518,0.0587097,-0.024334,0.0744688,0.0302107,0.0919168,-0.00139585,0.0285666,0.0804268,-0.0167627,0.081017,0.0508852,0.0781155,0.059133,0.0855784,-0.0682166,-0.0725723,-0.0646753,0.0294694,0.0295548,-0.0170906,0.0260482,0.0133174,-0.0786806,0.0410951,-0.0544172,0.000435938,-0.00105132,0.0541586,-0.00925392,-0.0363174,0.0300933,-0.0201814,-0.076449,-0.0354812,-0.0392821,-0.0455576,-0.0178989,-0.0341367,0.0651864,-0.0825898,-0.0238209,0.036604,-0.0318254,-0.0807645,-0.0112511,-0.0329379,-0.0559783,-0.0353504,0.0280281,0.00980014,-0.0210187,-0.00289104,-0.0106818,-0.0641575,-0.0678529,0.0543407,0.0265075,-0.0776604,0.0778051,-0.0822805,0.0374901,-0.00947922,-0.00585716,0.0719932,-0.00973633,0.0751213,0.0922229,0.070624,-0.0838454,-0.078955,0.0831746,-0.0642332,0.0621101,0.0345048,-0.0748965,-0.0188047,-0.0411661,-0.0887053,-0.0482991,-0.0140005,-0.0696042,-0.0150996,0.0245861,-0.00547766,0.0482011,-0.0622533,0.0276037,0.0187662,-0.0127357,-0.0465721,-0.000106741,-0.0465405,-0.0721003,0.017884,-0.0225269,0.0514829,0.0401101,0.0541051,-0.0407209,-0.0394804,-0.0545791,0.0607609,0.0160912,-0.00531246,-0.0590817,0.063259,-0.0555815,-0.0455632,-0.0218903,0.0442423,-0.00869069,-0.0257553,0.0168073,0.0275707,0.0440765,0.0669051,0.0562306,0.018457,0.0466374,-0.026604,0.0769038,-0.0170843,0.085768,-0.00207444,0.0356025,-0.0197336,-0.0249884,0.0511518,0.0587097,-0.024334,0.0744688,0.0302107,0.0919168,-0.00139585,0.0285666,0.0804268,-0.0167627,0.081017,0.0508852,0.0781155,0.059133,0.0855784,-0.0682166,-0.0725723,-0.0646753,0.0294694,0.0295548,-0.0170906,0.0260482,0.0133174,-0.0786806,0.0410951,-0.0544172,0.000435938,-0.00105132,0.0541586,-0.00925392,-0.0363174,0.0300933,-0.0201814,-0.076449,-0.0354812,-0.0392821,-0.0455576,-0.0178989,-0.0341367,0.0651864,-0.0825898,-0.0238209,0.036604,-0.0318254,-0.0807645,-0.0112511,-0.0329379,-0.0559783,-0.0353504,0.0280281,0.00980014,-0.0210187,-0.00289104,-0.0106818,-0.0641575,-0.0678529,0.0543407,0.0265075,-0.0776604,0.0778051,-0.0822805,0.0374901,-0.00947922,-0.00585716,0.0719932,-0.00973633,0.0751213,0.0922229,0.070624,-0.0838454,-0.078955,0.0831746,-0.0642332,0.0621101,0.0345048,-0.0748965,-0.0188047,
0.0899368,0.031471,-0.0890805,-0.0106683,-0.00683678,-0.0359995,0.0970325,0.0647783,-0.0832543,0.0143506,-0.0551481,-0.00268223,-0.0469043,-0.0634963,0.0672846,0.027595,-0.0711171,-0.0646205,-0.00503533,0.0796491,0.0696096,0.0214699,-0.00536744,0.0758755,-0.0853056,0.0196249,-0.00626355,0.0163662,-0.0212783,0.0528835,-0.0620398,0.0494295,-0.0407226,0.0770505,0.0334145,0.0302778,-0.0470606,0.0682212,0.0089471,-0.0211358,0.0184945,-0.0426556,-0.0206743,-0.0375076,0.0807704,-0.0269363,0.0585773,0.0775179,-0.0440481,0.00957372,-0.0217672,0.0277814,-0.0613614,-0.0382857,-0.0331656,0.0457594,-0.0919302,-0.0391743,0.0851158,0.0282627,-0.0199932,0.00381561,0.0303195,0.0216719,0.0544335,0.00825269,-0.0909777,0.0223552,-0.0105674,-0.0880215,0.0717589,-0.0339826,-0.00611618,-0.034352,-0.0371305,-0.043482,-0.0530393,0.0420096,0.0173186,-0.049567,-0.0143478,-0.0235753,-0.0791464,-0.0794732,0.038964,0.0347767,0.00619869,0.0450297,-0.053452,-0.021389,-0.0176703,0.0241691,-0.0286042,-0.0703354,0.0468036,0.042112,-0.0533467,0.0362267,-0.0280283,-0.0758679,-0.0147514,0.0239569,-0.065625,0.0587856,-0.0647535,0.067121,0.0363863,-0.0546427,0.0368983,-0.0603072,-0.0863248,-0.000707921,-0.0206496,-0.0601484,-0.0221183,-0.0738871,0.0490594,0.0393932,-0.0112721,-0.0426652,0.0825355,0.0657653,-0.021338,-0.00391926,-0.0128145,0.072796,-0.0803626,0.0188957,0.0899368,0.031471,-0.0890805,-0.0106683,-0.00683678,-0.0359995,0.0970325,0.0647783,-0.0832543,0.0143506,-0.0551481,-0.00268223,-0.0469043,-0.0634963,0.0672846,0.027595,-0.0711171,-0.0646205,-0.00503533,0.0796491,0.0696096,0.0214699,-0.00536744,0.0758755,-0.0853056,0.0196249,-0.00626355,0.0163662,-0.0212783,0.0528835,-0.0620398,0.0494295,-0.0407226,0.0770505,0.0334145,0.0302778,-0.0470606,0.0682212,0.0089471,-0.0211358,0.0184945,-0.0426556,-0.0206743,-0.0375076,0.0807704,-0.0269363,0.0585773,0.0775179,-0.0440481,0.00957372,-0.0217672,0.0277814,-0.0613614,-0.0382857,-0.0331656,0.0457594,-0.0919302,-0.0391743,0.0851158,0.0282627,-0.0199932,0.00381561,0.0303195,0.0216719,0.0544335,0.00825269,-0.0909777,0.0223552,-0.0105674,-0.0880215,0.0717589,-0.0339826,-0.00611618,-0.034352,-0.0371305,-0.043482,-0.0530393,0.0420096,0.0173186,-0.049567,-0.0143478,-0.0235753,-0.0791464,-0.0794732,0.038964,0.0347767,0.00619869,0.0450297,-0.053452,-0.021389,-0.0176703,0.0241691,-0.0286042,-0.0703354,0.0468036,0.042112,-0.0533467,0.0362267,-0.0280283,-0.0758679,-0.0147514,0.0239569,-0.065625,0.0587856,-0.0647535,0.067121,0.0363863,-0.0546427,0.0368983,-0.0603072,-0.0863248,-0.000707921,-0.0206496,-0.0601484,-0.0221183,-0.0738871,0.0490594,0.0393932,-0.0112721,-0.0426652,0.0825355,0.0657653,-0.021338,-0.00391926,-0.0128145,0.072796,-0.0803626,0.0188957,
-0.0347582,0.0345315,0.054985,0.0752853,-0.063417,-0.0506253,0.0592429,0.0129771,-0.0425552,0.0740874,-0.0581919,0.0695331,-0.065539,-0.0886383,-0.0813041,-0.0211472,0.00342652,-0.0140127,-0.06752,0.00130266,0.0199448,0.0088347,-0.00889024,-0.0575076,0.0776544,0.0648461,0.0610086,-0.0623582,0.00322431,0.00720764,0.00439226,-0.00701565,-0.0382139,-0.0818223,0.0237344,-0.0792159,0.00731538,-0.0331618,-0.0788999,0.0529081,-0.0631435,0.00536523,0.0530409,0.0255937,0.0794181,-0.0730591,0.0372638,0.0143494,0.0872899,-0.0196272,0.0823091,0.062743,0.0864218,0.0710519,0.0837048,0.0394365,-0.0339885,0.04595,-0.00058514,-0.0244875,-0.00598676,-0.0425286,0.00477645,0.0685552,0.0608837,-0.0353768,-0.0917207,-0.00975561,-0.00475763,-0.00910946,-0.0223918,0.089624,-0.0193739,-0.0402016,-0.0349883,0.08114,-0.0146197,-0.0913441,0.045812,0.0376075,-0.0185413,0.0414619,0.0598867,-0.0839243,-0.0175168,0.0390428,0.0673911,0.0278361,0.0117497,-0.0527445,-0.0613919,0.0484988,0.0617163,0.0870958,0.012959,-0.0398746,-0.0193632,-0.0442172,-0.012319,0.0186612,0.0824161,-0.0648948,-0.0435567,-0.0503377,0.0782625,-0.0840879,-0.0327064,-0.0218176,0.0304332,-0.0314317,0.00438181,0.0415548,-0.0705968,0.0897746,-0.0801036,0.0158027,-0.0863914,0.0221951,0.0252912,0.0566474,-0.0381314,0.0668914,0.0502325,0.0351505,-0.0460446,0.0182979,-0.0682112,-0.0189985,-0.0347582,0.0345315,0.054985,0.0752853,-0.063417,-0.0506253,0.0592429,0.0129771,-0.0425552,0.0740874,-0.0581919,0.0695331,-0.065539,-0.0886383,-0.0813041,-0.0211472,0.00342652,-0.0140127,-0.06752,0.00130266,0.0199448,0.0088347,-0.00889024,-0.0575076,0.0776544,0.0648461,0.0610086,-0.0623582,0.00322431,0.00720764,0.00439226,-0.00701565,-0.0382139,-0.0818223,0.0237344,-0.0792159,0.00731538,-0.0331618,-0.0788999,0.0529081,-0.0631435,0.00536523,0.0530409,0.0255937,0.0794181,-0.0730591,0.0372638,0.0143494,0.0872899,-0.0196272,0.0823091,0.062743,0.0864218,0.0710519,0.0837048,0.0394365,-0.0339885,0.04595,-0.00058514,-0.0244875,-0.00598676,-0.0425286,0.00477645,0.0685552,0.0608837,-0.0353768,-0.0917207,-0.00975561,-0.00475763,-0.00910946,-0.0223918,0.089624,-0.0193739,-0.0402016,-0.0349883,0.08114,-0.0146197,-0.0913441,0.045812,0.0376075,-0.0185413,0.0414619,0.0598867,-0.0839243,-0.0175168,0.0390428,0.0673911,0.0278361,0.0117497,-0.0527445,-0.0613919,0.0484988,0.0617163,0.0870958,0.012959,-0.0398746,-0.0193632,-0.0442172,-0.012319,0.0186612,0.0824161,-0.0648948,-0.0435567,-0.0503377,0.0782625,-0.0840879,-0.0327064,-0.0218176,0.0304332,-0.0314317,0.00438181,0.0415548,-0.0705968,0.0897746,-0.0801036,0.0158027,-0.0863914,0.0221951,0.0252912,0.0566474,-0.0381314,0.0668914,0.0502325,0.0351505,-0.0460446,0.0182979,-0.0682112,-0.0189985,
0.0260747,-0.0613523,0.0794914,0.0846345,-0.058255,-0.0727702,-0.0757501,0.0792425,-0.0517662,-0.0756337,-0.0721165,-0.0644448,-0.0595638,0.07467,-0.0266428,-0.0817991,-0.0247842,0.054256,0.0398385,0.00920629,0.0818249,-0.0526217,0.0347063,0.0660442,0.0582911,-0.0479349,-0.0614095,0.0809966,0.0386378,0.0909916,0.0741462,-0.0396076,0.0322581,0.0622691,-0.0547139,0.00433588,-0.0649805,0.0897492,-0.0232283,-0.0405184,-0.0586334,0.0320164,-0.0213793,0.0433378,-0.0743461,0.0566726,-0.00894042,-0.0199946,0.0145403,-0.0477043,-0.00660796,-0.0721266,0.0728479,0.00170607,0.0322333,0.0540861,0.0419127,-0.00842975,0.0190535,0.0837938,0.0592136,-0.0853623,0.0229675,0.00576361,0.0858763,-0.00564515,-0.0602632,-0.0756812,0.062657,-0.0489992,-0.055381,-0.0124441,0.0451622,0.0716062,-0.015265,0.0345309,-0.0616841,0.0402541,0.0459331,0.0660318,-0.0424198,-0.0583791,-0.0153333,-0.00300393,-0.00309635,-0.0881406,0.0505731,0.0321163,0.048272,0.0841296,-0.079418,-0.0524491,0.0690156,0.0927649,-0.0373224,0.0667757,0.052954,-0.0390357,-0.067001,0.0381849,0.0154228,-0.00694629,0.0627744,-0.0386956,-0.0836821,0.0725622,-0.082532,0.00826694,-0.00945492,-0.0331782,-0.00764951,-0.0240234,-0.00065578,-0.0535543,0.0532487,0.0693047,-0.0325898,0.0170514,-0.0117,-0.0556339,-0.0743785,0.0295824,-0.0869602,-0.0194963,-0.03159,-0.0648843,0.0229687,0.0314712,0.0260747,-0.0613523,0.0794914,0.0846345,-0.058255,-0.0727702,-0.0757501,0.0792425,-0.0517662,-0.0756337,-0.0721165,-0.0644448,-0.0595638,0.07467,-0.0266428,-0.0817991,-0.0247842,0.054256,0.0398385,0.00920629,0.0818249,-0.0526217,0.0347063,0.0660442,0.0582911,-0.0479349,-0.0614095,0.0809966,0.0386378,0.0909916,0.0741462,-0.0396076,0.0322581,0.0622691,-0.0547139,0.00433588,-0.0649805,0.0897492,-0.0232283,-0.0405184,-0.0586334,0.0320164,-0.0213793,0.0433378,-0.0743461,0.0566726,-0.00894042,-0.0199946,0.0145403,-0.0477043,-0.00660796,-0.0721266,0.0728479,0.00170607,0.0322333,0.0540861,0.0419127,-0.00842975,0.0190535,0.0837938,0.0592136,-0.0853623,0.0229675,0.00576361,0.0858763,-0.00564515,-0.0602632,-0.0756812,0.062657,-0.0489992,-0.055381,-0.0124441,0.0451622,0.0716062,-0.015265,0.0345309,-0.0616841,0.0402541,0.0459331,0.0660318,-0.0424198,-0.0583791,-0.0153333,-0.00300393,-0.00309635,-0.0881406,0.0505731,0.0321163,0.048272,0.0841296,-0.079418,-0.0524491,0.0690156,0.0927649,-0.0373224,0.0667757,0.052954,-0.0390357,-0.067001,0.0381849,0.0154228,-0.00694629,0.0627744,-0.0386956,-0.0836821,0.0725622,-0.082532,0.00826694,-0.00945492,-0.0331782,-0.00764951,-0.0240234,-0.00065578,-0.0535543,0.0532487,0.0693047,-0.0325898,0.0170514,-0.0117,-0.0556339,-0.0743785,0.0295824,-0.0869602,-0.0194963,-0.03159,-0.0648843,0.0229687,0.0314712,
0.091368,0.021494,-0.0441222,-0.0764909,0.0718587,0.0608471,-0.041515,-0.0697551,-0.0128864,0.0214888,0.0533506,-0.0471084,0.0105776,-0.0568127,-0.0088713,-0.0191192,-0.0296865,-0.0444465,0.0487524,0.0157008,0.0590977,-0.0672611,-0.00372214,0.0492199,-0.0658414,-0.0350144,-0.0634425,-0.0415304,-0.03605,0.0237056,-0.0354659,-0.0116305,-0.00966248,0.0823846,0.00706152,-0.0211954,-0.0544537,0.0481704,-0.0558292,0.0129554,0.0370705,-0.0237269,-0.0110422,0.0552789,0.036373,-0.0152912,0.0157026,-0.0258979,-0.0783126,0.0387565,0.0760084,-0.0285289,-0.0399832,0.0342788,-0.062701,-0.00381978,0.00666913,0.0337015,0.0681765,-0.0394508,-0.0587386,-0.00234277,0.0407939,-0.041487,0.00276231,-0.0117653,-0.0340024,0.0788902,0.061987,0.0138277,0.080661,-0.0148434,-0.0840844,0.0534776,-0.0111911,-0.0542084,-0.0583361,0.0680023,0.0224183,0.0200795,0.0247991,-0.0091849,0.0929547,-0.052286,0.0024253,0.0325685,0.0349552,-0.0377196,0.029712,-0.0436215,-0.0616421,-0.035354,-0.0337778,-0.0714322,0.0459194,0.0120342,0.0179455,0.0657917,-0.0326273,-0.0668259,0.0486647,0.0202679,0.0386722,0.0611617,0.0646337,-0.0501387,0.0788082,0.0454259,0.0132055,0.00552434,-0.0826091,0.0795872,-0.0180811,0.0922087,0.0253324,-0.0315505,0.0440437,0.0192769,-0.00472932,-0.0612355,-0.0708926,-0.0725108,-0.021029,0.0450273,-0.0719199,-0.0454853,-0.0358984,0.00190641,0.091368,0.021494,-0.0441222,-0.0764909,0.0718587,0.0608471,-0.041515,-0.0697551,-0.0128864,0.0214888,0.0533506,-0.0471084,0.0105776,-0.0568127,-0.0088713,-0.0191192,-0.0296865,-0.0444465,0.0487524,0.0157008,0.0590977,-0.0672611,-0.00372214,0.0492199,-0.0658414,-0.0350144,-0.0634425,-0.0415304,-0.03605,0.0237056,-0.0354659,-0.0116305,-0.00966248,0.0823846,0.00706152,-0.0211954,-0.0544537,0.0481704,-0.0558292,0.0129554,0.0370705,-0.0237269,-0.0110422,0.0552789,0.036373,-0.0152912,0.0157026,-0.0258979,-0.0783126,0.0387565,0.0760084,-0.0285289,-0.0399832,0.0342788,-0.062701,-0.00381978,0.00666913,0.0337015,0.0681765,-0.0394508,-0.0587386,-0.00234277,0.0407939,-0.041487,0.00276231,-0.0117653,-0.0340024,0.0788902,0.061987,0.0138277,0.080661,-0.0148434,-0.0840844,0.0534776,-0.0111911,-0.0542084,-0.0583361,0.0680023,0.0224183,0.0200795,0.0247991,-0.0091849,0.0929547,-0.052286,0.0024253,0.0325685,0.0349552,-0.0377196,0.029712,-0.0436215,-0.0616421,-0.035354,-0.0337778,-0.0714322,0.0459194,0.0120342,0.0179455,0.0657917,-0.0326273,-0.0668259,0.0486647,0.0202679,0.0386722,0.0611617,0.0646337,-0.0501387,0.0788082,0.0454259,0.0132055,0.00552434,-0.0826091,0.0795872,-0.0180811,0.0922087,0.0253324,-0.0315505,0.0440437,0.0192769,-0.00472932,-0.0612355,-0.0708926,-0.0725108,-0.021029,0.0450273,-0.0719199,-0.0454853,-0.0358984,0.00190641,
-0.0615766,0.0420603,0.0675352,0.0451233,-0.0696308,0.0716273,-0.0108813,-0.046292,0.0211274,0.0444776,0.0403616,0.0391572,-9.82713e-05,0.0707762,-0.0132575,0.0144428,0.0662193,0.0538905,-0.0762075,-0.019652,0.00124223,-0.0542127,0.0520893,0.0314413,-0.0297564,0.0587354,0.0498643,-0.0123891,0.0694517,0.0137152,-0.0618207,0.0764619,-0.0361009,-0.0389394,-0.033388,-0.0241985,0.00224448,0.0397305,-0.0859791,-0.0821195,-0.0808801,-0.0415672,-0.0414038,0.0215659,-0.00399879,0.00332841,-0.0610541,0.045382,-0.062189,0.00397296,0.050781,0.0438806,-0.0151913,0.0483641,0.0395294,-0.0790322,0.00334107,-0.0462602,-0.0223863,0.0330071,-0.0797449,0.0422624,0.0641998,0.0353639,0.0258587,0.012678,0.0169006,0.0800405,-0.0113046,0.0707557,0.0121994,-0.0551105,0.0332314,0.0258084,0.0725066,-0.0759603,-0.0721815,0.0221421,0.0419406,0.0462522,-0.0646903,-0.0667789,0.0390728,-0.0143175,-0.0579998,-0.004514,-0.0467771,-0.0715744,-0.0491807,0.074464,-0.0468704,-0.0826928,0.0351069,0.00866283,-0.0307504,-0.00478099,-0.0770227,-0.0469039,-0.0826722,-0.0420206,-0.0181442,-0.0428718,0.07111,-0.0299117,-0.0712793,0.0646139,0.0858552,0.0740839,-0.054558,-0.01908,-0.0104721,-0.0121891,0.0562494,-0.00417246,0.0327029,0.0880549,0.0443333,-0.0377244,-0.0339266,-0.0157177,0.0174042,-0.0405368,-0.0397113,0.0493554,0.0323397,0.0453582,0.0721245,0.045882,-0.0615766,0.0420603,0.0675352,0.0451233,-0.0696308,0.0716273,-0.0108813,-0.046292,0.0211274,0.0444776,0.0403616,0.0391572,-9.82713e-05,0.0707762,-0.0132575,0.0144428,0.0662193,0.0538905,-0.0762075,-0.019652,0.00124223,-0.0542127,0.0520893,0.0314413,-0.0297564,0.0587354,0.0498643,-0.0123891,0.0694517,0.0137152,-0.0618207,0.0764619,-0.0361009,-0.0389394,-0.033388,-0.0241985,0.00224448,0.0397305,-0.0859791,-0.0821195,-0.0808801,-0.0415672,-0.0414038,0.0215659,-0.00399879,0.00332841,-0.0610541,0.045382,-0.062189,0.00397296,0.050781,0.0438806,-0.0151913,0.0483641,0.0395294,-0.0790322,0.00334107,-0.0462602,-0.0223863,0.0330071,-0.0797449,0.0422624,0.0641998,0.0353639,0.0258587,0.012678,0.0169006,0.0800405,-0.0113046,0.0707557,0.0121994,-0.0551105,0.0332314,0.0258084,0.0725066,-0.0759603,-0.0721815,0.0221421,0.0419406,0.0462522,-0.0646903,-0.0667789,0.0390728,-0.0143175,-0.0579998,-0.004514,-0.0467771,-0.0715744,-0.0491807,0.074464,-0.0468704,-0.0826928,0.0351069,0.00866283,-0.0307504,-0.00478099,-0.0770227,-0.0469039,-0.0826722,-0.0420206,-0.0181442,-0.0428718,0.07111,-0.0299117,-0.0712793,0.0646139,0.0858552,0.0740839,-0.054558,-0.01908,-0.0104721,-0.0121891,0.0562494,-0.00417246,0.0327029,0.0880549,0.0443333,-0.0377244,-0.0339266,-0.0157177,0.0174042,-0.0405368,-0.0397113,0.0493554,0.0323397,0.0453582,0.0721245,0.045882,
-0.0264733,0.0572164,-0.0247688,-0.0761771,-0.0868271,0.0578425,0.0621265,-0.0869269,0.00200114,-0.0638779,0.0795755,0.018031,0.0310447,0.00467181,0.0315102,0.010937,0.0419309,-0.0211276,0.0518894,0.071678,0.0500281,-0.0229657,0.0520174,-0.0375764,0.0568949,0.0090875,0.0318994,-0.0666458,0.0509147,-0.0770282,-0.0624462,0.0768019,0.0267779,0.0366196,-0.00959592,-0.0488123,-0.0526055,0.0448125,-0.0369464,0.0726464,-0.0604297,-0.0758109,0.0037632,0.0765653,-0.0398194,0.00786936,-0.00766474,0.0810122,-0.0586158,0.0475146,-0.0421008,-0.00311128,0.0258152,-0.0404987,0.00831582,-0.0281525,0.0845111,-0.0594034,-0.0811274,-0.0116455,-0.0181911,-0.081647,0.0738351,-0.0080997,0.0301414,-0.0553571,0.0542303,-0.0803614,0.0641621,0.059995,-0.0563434,0.0301624,0.0374095,-0.00970952,-0.0808164,0.0626826,-0.0254059,-0.0746984,0.0585961,-0.0230383,0.024998,-0.0143042,0.0762781,0.0741508,-0.0271587,-0.0352773,0.00549928,-0.0471466,-0.023162,-0.00500192,-0.0246806,0.0132692,0.080822,-0.0164056,-0.0808284,-0.0021516,-0.0511821,0.0394324,0.0789059,-0.0807387,0.0772953,0.0158589,-0.0836392,-0.0776923,0.073413,0.0633909,0.0196706,-0.074612,-0.0106903,-0.0245001,0.0621262,0.000268203,0.0253159,-0.0181521,-0.0273009,-0.0695154,-0.0504548,0.0726051,0.0567413,0.071179,0.0414825,-0.0801908,0.0602004,-0.0784931,0.0526321,-0.0218723,0.00197937,0.0437771,-0.0264733,0.0572164,-0.0247688,-0.0761771,-0.0868271,0.0578425,0.0621265,-0.0869269,0.00200114,-0.0638779,0.0795755,0.018031,0.0310447,0.00467181,0.0315102,0.010937,0.0419309,-0.0211276,0.0518894,0.071678,0.0500281,-0.0229657,0.0520174,-0.0375764,0.0568949,0.0090875,0.0318994,-0.0666458,0.0509147,-0.0770282,-0.0624462,0.0768019,0.0267779,0.0366196,-0.00959592,-0.0488123,-0.0526055,0.0448125,-0.0369464,0.0726464,-0.0604297,-0.0758109,0.0037632,0.0765653,-0.0398194,0.00786936,-0.00766474,0.0810122,-0.0586158,0.0475146,-0.0421008,-0.00311128,0.0258152,-0.0404987,0.00831582,-0.0281525,0.0845111,-0.0594034,-0.0811274,-0.0116455,-0.0181911,-0.081647,0.0738351,-0.0080997,0.0301414,-0.0553571,0.0542303,-0.0803614,0.0641621,0.059995,-0.0563434,0.0301624,0.0374095,-0.00970952,-0.0808164,0.0626826,-0.0254059,-0.0746984,0.0585961,-0.0230383,0.024998,-0.0143042,0.0762781,0.0741508,-0.0271587,-0.0352773,0.00549928,-0.0471466,-0.023162,-0.00500192,-0.0246806,0.0132692,0.080822,-0.0164056,-0.0808284,-0.0021516,-0.0511821,0.0394324,0.0789059,-0.0807387,0.0772953,0.0158589,-0.0836392,-0.0776923,0.073413,0.0633909,0.0196706,-0.074612,-0.0106903,-0.0245001,0.0621262,0.000268203,0.0253159,-0.0181521,-0.0273009,-0.0695154,-0.0504548,0.0726051,0.0567413,0.071179,0.0414825,-0.0801908,0.0602004,-0.0784931,0.0526321,-0.0218723,0.00197937,0.0437771,
-0.0706528,-0.00506464,-0.0222257,0.0535283,-0.0234969,0.0783105,0.0619367,0.0272433,0.01047,0.0724463,0.000109323,0.075343,0.0564345,-0.0772659,0.0286316,0.0709914,-0.0741468,-0.0200941,0.0533361,0.033736,-0.0530529,-0.0455314,-0.0141268,-0.0628171,0.0701809,-0.0564308,0.0651234,-0.0754614,0.00316135,0.0341306,-0.0418438,0.00889317,0.0684293,-0.0551373,-0.0242976,-1.02245e-05,-0.0770351,0.00511407,-0.0767253,-0.00213471,-0.0375726,-0.0587745,0.0785557,-0.0281731,0.0735084,0.0774016,-0.0486517,-0.0379392,-0.0296998,0.0565778,-0.070416,-0.0651731,-0.0262105,0.0419148,-0.0553885,0.0234768,-0.0738877,0.0260254,-0.00845037,0.059708,-0.0837973,0.0662626,0.0441176,-0.009072,0.0373191,0.0419931,-0.0915368,0.0599047,-0.0273175,-0.0180297,-0.0824621,0.0682493,-0.0017871,0.0527813,-0.0164959,-0.0188119,0.0404182,-0.0890605,-0.0195523,-0.0168977,-0.0686435,-0.0319767,0.0353246,-0.0875496,0.0643394,0.0418022,0.0638271,-0.0842954,0.0581742,0.076669,0.00277188,-0.0184385,-0.0329743,0.0140993,-0.0226567,0.0472292,-0.00604729,0.0817021,-0.0447796,-0.0494043,0.0647279,0.0803209,0.0171271,0.0926679,0.0421712,-0.00282204,-0.0591594,-0.0814523,0.0701993,0.00189719,-0.0605804,0.0735959,0.0205854,0.0528121,-0.0225751,0.0817545,0.0405368,0.0166519,-0.0188423,0.0354431,-0.0114511,-0.0280891,0.00120344,-0.0518728,-0.0374415,0.0494881,0.0339106,-0.0536088,-0.0706528,-0.00506464,-0.0222257,0.0535283,-0.0234969,0.0783105,0.0619367,0.0272433,0.01047,0.0724463,0.000109323,0.075343,0.0564345,-0.0772659,0.0286316,0.0709914,-0.0741468,-0.0200941,0.0533361,0.033736,-0.0530529,-0.0455314,-0.0141268,-0.0628171,0.0701809,-0.0564308,0.0651234,-0.0754614,0.00316135,0.0341306,-0.0418438,0.00889317,0.0684293,-0.0551373,-0.0242976,-1.02245e-05,-0.0770351,0.00511407,-0.0767253,-0.00213471,-0.0375726,-0.0587745,0.0785557,-0.0281731,0.0735084,0.0774016,-0.0486517,-0.0379392,-0.0296998,0.0565778,-0.070416,-0.0651731,-0.0262105,0.0419148,-0.0553885,0.0234768,-0.0738877,0.0260254,-0.00845037,0.059708,-0.0837973,0.0662626,0.0441176,-0.009072,0.0373191,0.0419931,-0.0915368,0.0599047,-0.0273175,-0.0180297,-0.0824621,0.0682493,-0.0017871,0.0527813,-0.0164959,-0.0188119,0.0404182,-0.0890605,-0.0195523,-0.0168977,-0.0686435,-0.0319767,0.0353246,-0.0875496,0.0643394,0.0418022,0.0638271,-0.0842954,0.0581742,0.076669,0.00277188,-0.0184385,-0.0329743,0.0140993,-0.0226567,0.0472292,-0.00604729,0.0817021,-0.0447796,-0.0494043,0.0647279,0.0803209,0.0171271,0.0926679,0.0421712,-0.00282204,-0.0591594,-0.0814523,0.0701993,0.00189719,-0.0605804,0.0735959,0.0205854,0.0528121,-0.0225751,0.0817545,0.0405368,0.0166519,-0.0188423,0.0354431,-0.0114511,-0.0280891,0.00120344,-0.0518728,-0.0374415,0.0494881,0.0339106,-0.0536088,
0.0756111,-0.0745665,0.0385576,0.0755002,0.0283765,0.0126121,-0.0697483,-0.0278343,0.0788774,0.0487112,0.0074646,-0.0392359,-0.0418033,0.00763198,-0.0647252,0.0381041,-0.072167,0.0319506,-0.0423913,0.0600654,0.0226954,-0.0580845,0.0590305,0.0839311,-0.0398307,0.00995332,-0.0784236,-0.0743857,-0.040366,-0.0569421,-0.042444,-0.0617363,0.00746722,-0.0195545,-0.00842599,-0.0099015,0.0703581,0.0781446,0.0578921,-0.0108778,0.0639236,0.0251747,-0.0575697,-0.0322069,-0.0253797,-0.0549031,0.0582059,0.066139,0.0830329,-0.0598693,-0.0236177,0.0799578,0.036445,0.0016891,-0.0315002,0.0184096,-0.0433743,-0.0781936,-0.0334205,0.0670929,-0.0598261,0.0761046,-0.0746363,0.0019124,0.067976,-0.0514043,-0.0492523,-0.0400032,0.0829954,-0.0478531,0.0914115,0.0698528,-0.0522919,0.07397,0.0272684,0.0619232,-0.025358,0.028771,0.0622447,0.066041,0.0110037,-0.0105932,0.0281295,-0.0590575,0.0319915,0.0374892,-0.0651803,-0.00329458,0.0793835,-0.0349676,-0.0204661,-0.0101145,0.0372574,0.0396599,0.0779216,0.0607313,0.0557192,-0.0809323,-0.0502586,-0.0230695,0.00722217,-0.0651052,-0.0653352,0.0640791,0.0186854,-0.0701851,-0.083333,0.0175565,0.0480227,0.0197813,-0.0592719,0.0116489,0.0816019,0.0922592,-0.0589653,-0.0196121,0.0182966,0.0390464,-0.0609781,0.0481608,0.0599233,0.077933,0.0566192,0.00310468,-0.0364243,-0.063545,-0.0677886,0.0211703,0.0756111,-0.0745665,0.0385576,0.0755002,0.0283765,0.0126121,-0.0697483,-0.0278343,0.0788774,0.0487112,0.0074646,-0.0392359,-0.0418033,0.00763198,-0.0647252,0.0381041,-0.072167,0.0319506,-0.0423913,0.0600654,0.0226954,-0.0580845,0.0590305,0.0839311,-0.0398307,0.00995332,-0.0784236,-0.0743857,-0.040366,-0.0569421,-0.042444,-0.0617363,0.00746722,-0.0195545,-0.00842599,-0.0099015,0.0703581,0.0781446,0.0578921,-0.0108778,0.0639236,0.0251747,-0.0575697,-0.0322069,-0.0253797,-0.0549031,0.0582059,0.066139,0.0830329,-0.0598693,-0.0236177,0.0799578,0.036445,0.0016891,-0.0315002,0.0184096,-0.0433743,-0.0781936,-0.0334205,0.0670929,-0.0598261,0.0761046,-0.0746363,0.0019124,0.067976,-0.0514043,-0.0492523,-0.0400032,0.0829954,-0.0478531,0.0914115,0.0698528,-0.0522919,0.07397,0.0272684,0.0619232,-0.025358,0.028771,0.0622447,0.066041,0.0110037,-0.0105932,0.0281295,-0.0590575,0.0319915,0.0374892,-0.0651803,-0.00329458,0.0793835,-0.0349676,-0.0204661,-0.0101145,0.0372574,0.0396599,0.0779216,0.0607313,0.0557192,-0.0809323,-0.0502586,-0.0230695,0.00722217,-0.0651052,-0.0653352,0.0640791,0.0186854,-0.0701851,-0.083333,0.0175565,0.0480227,0.0197813,-0.0592719,0.0116489,0.0816019,0.0922592,-0.0589653,-0.0196121,0.0182966,0.0390464,-0.0609781,0.0481608,0.0599233,0.077933,0.0566192,0.00310468,-0.0364243,-0.063545,-0.0677886,0.0211703,
-0.0261519,-0.0784779,-0.0714933,-0.0746155,0.0353578,0.0457239,-0.066013,-0.00625515,-0.0139122,0.0838175,-0.0592414,-0.0255459,0.0401948,0.0562756,0.0447125,0.026386,-0.0724878,-0.0528331,0.0786057,0.0153453,0.00119841,0.0941673,-0.0349829,0.0403772,-0.0237568,-0.00960152,-0.0474303,-0.0197405,-0.0724099,0.0491056,0.0738778,-0.0447236,0.0780732,0.0101955,0.0490762,-0.00408531,0.0177458,0.0708265,-0.0846272,0.072005,-0.0503669,0.0792834,0.0713079,-0.0293077,-0.0341446,-0.0256659,0.0046109,0.0127437,0.0604827,0.0655147,-0.0553304,0.0167297,0.0366372,0.0231023,-0.0462553,-0.00315444,-0.0199354,0.0626658,0.0626213,0.0540049,0.0434292,-0.0456749,0.0715205,0.0583706,-0.0681073,-0.0462684,-0.0146726,-0.00668463,-0.0791267,0.0450221,0.0560815,0.00229882,-0.0561404,0.00916036,0.0677421,0.0713757,-0.0926888,0.00411362,0.082834,-0.0216023,0.0107822,0.0220355,0.0611502,-0.0231633,-0.0761459,-0.0810348,-0.00759733,0.00867763,0.0199206,-0.0247426,0.0512097,-0.0336364,0.00980917,0.00664336,-0.0243211,0.0493535,0.0171698,-0.0454856,-0.0689627,-0.0239018,0.0382239,-0.0121467,-0.0545307,0.0338778,-0.0420222,0.00300844,-0.0516081,0.0310708,0.0815398,-0.0636135,-0.0259311,0.0523692,-0.00337099,-0.0406797,0.0781348,-0.0276619,0.0276131,-0.0257517,0.00869187,-0.043477,0.0333969,0.0541223,0.0171972,-0.0242029,-0.0220181,-0.0813186,0.0487867,0.00745339,-0.0261519,-0.0784779,-0.0714933,-0.0746155,0.0353578,0.0457239,-0.066013,-0.00625515,-0.0139122,0.0838175,-0.0592414,-0.0255459,0.0401948,0.0562756,0.0447125,0.026386,-0.0724878,-0.0528331,0.0786057,0.0153453,0.00119841,0.0941673,-0.0349829,0.0403772,-0.0237568,-0.00960152,-0.0474303,-0.0197405,-0.0724099,0.0491056,0.0738778,-0.0447236,0.0780732,0.0101955,0.0490762,-0.00408531,0.0177458,0.0708265,-0.0846272,0.072005,-0.0503669,0.0792834,0.0713079,-0.0293077,-0.0341446,-0.0256659,0.0046109,0.0127437,0.0604827,0.0655147,-0.0553304,0.0167297,0.0366372,0.0231023,-0.0462553,-0.00315444,-0.0199354,0.0626658,0.0626213,0.0540049,0.0434292,-0.0456749,0.0715205,0.0583706,-0.0681073,-0.0462684,-0.0146726,-0.00668463,-0.0791267,0.0450221,0.0560815,0.00229882,-0.0561404,0.00916036,0.0677421,0.0713757,-0.0926888,0.00411362,0.082834,-0.0216023,0.0107822,0.0220355,0.0611502,-0.0231633,-0.0761459,-0.0810348,-0.00759733,0.00867763,0.0199206,-0.0247426,0.0512097,-0.0336364,0.00980917,0.00664336,-0.0243211,0.0493535,0.0171698,-0.0454856,-0.0689627,-0.0239018,0.0382239,-0.0121467,-0.0545307,0.0338778,-0.0420222,0.00300844,-0.0516081,0.0310708,0.0815398,-0.0636135,-0.0259311,0.0523692,-0.00337099,-0.0406797,0.0781348,-0.0276619,0.0276131,-0.0257517,0.00869187,-0.043477,0.0333969,0.0541223,0.0171972,-0.0242029,-0.0220181,-0.0813186,0.0487867,0.00745339,
-0.0537106,0.0661518,-0.0522573,0.0073324,0.0646062,-0.0639413,0.0844629,-0.0685608,0.0278411,0.0246133,-0.0569618,0.0218295,0.0289637,-0.0480744,0.0218293,0.0730904,-0.0548187,0.0576108,0.0231485,0.044503,-0.0347229,-0.0760161,-0.0697183,0.0038636,-0.0689906,0.0841802,-0.0765077,-0.0364683,0.0208068,-0.0511866,-0.00916687,0.0272329,-0.0664841,0.0362735,-0.0755211,-0.0174164,-0.0206943,-0.0471307,-0.0779301,0.0403735,0.0674589,-0.0374262,0.0613324,0.00570913,-0.0648468,-0.0118888,-0.0278741,0.0031743,0.0127689,0.0480232,-0.018349,0.0665658,-0.0464263,-0.0410236,-0.0475559,-0.0273503,-0.0555774,0.028247,0.034802,-0.0478827,0.0113177,0.0625521,0.019678,0.0615543,-0.0108003,-0.0153315,0.0718427,-0.0455259,0.0121784,0.0740933,0.080114,0.0539743,0.0162982,-0.0700245,-0.0389872,-0.0260058,0.0317418,-0.074527,-0.0271456,0.0202645,-0.0773772,-0.0615875,0.0876843,-0.0280359,-0.0298392,0.0751801,-0.0188672,0.0218896,-0.0788895,-0.00580173,0.0833462,-0.00332799,0.0504502,0.0734325,-0.0815881,-0.0347942,0.0794797,-0.00147305,-0.0487203,0.0029795,0.0337536,-0.0884591,0.0751724,0.073013,0.0397651,0.0358504,-0.0244511,-0.0300568,-0.0435158,0.0114903,-0.0793919,-0.0316815,-0.0396891,0.089685,-0.0808553,-0.0860452,0.0276178,0.00815699,0.0387802,-0.0863027,0.0762155,-0.0232074,0.0595267,0.00874451,0.0117903,0.0699546,-0.0721171,0.0211346,-0.0537106,0.0661518,-0.0522573,0.0073324,0.0646062,-0.0639413,0.0844629,-0.0685608,0.0278411,0.0246133,-0.0569618,0.0218295,0.0289637,-0.0480744,0.0218293,0.0730904,-0.0548187,0.0576108,0.0231485,0.044503,-0.0347229,-0.0760161,-0.0697183,0.0038636,-0.0689906,0.0841802,-0.0765077,-0.0364683,0.0208068,-0.0511866,-0.00916687,0.0272329,-0.0664841,0.0362735,-0.0755211,-0.0174164,-0.0206943,-0.0471307,-0.0779301,0.0403735,0.0674589,-0.0374262,0.0613324,0.00570913,-0.0648468,-0.0118888,-0.0278741,0.0031743,0.0127689,0.0480232,-0.018349,0.0665658,-0.0464263,-0.0410236,-0.0475559,-0.0273503,-0.0555774,0.028247,0.034802,-0.0478827,0.0113177,0.0625521,0.019678,0.0615543,-0.0108003,-0.0153315,0.0718427,-0.0455259,0.0121784,0.0740933,0.080114,0.0539743,0.0162982,-0.0700245,-0.0389872,-0.0260058,0.0317418,-0.074527,-0.0271456,0.0202645,-0.0773772,-0.0615875,0.0876843,-0.0280359,-0.0298392,0.0751801,-0.0188672,0.0218896,-0.0788895,-0.00580173,0.0833462,-0.00332799,0.0504502,0.0734325,-0.0815881,-0.0347942,0.0794797,-0.00147305,-0.0487203,0.0029795,0.0337536,-0.0884591,0.0751724,0.073013,0.0397651,0.0358504,-0.0244511,-0.0300568,-0.0435158,0.0114903,-0.0793919,-0.0316815,-0.0396891,0.089685,-0.0808553,-0.0860452,0.0276178,0.00815699,0.0387802,-0.0863027,0.0762155,-0.0232074,0.0595267,0.00874451,0.0117903,0.0699546,-0.0721171,0.0211346,
0.004045,-0.0736452,0.0374341,-0.0777645,-0.0147458,0.0337285,-0.00548987,-0.025382,-0.0131993,0.0190992,0.0501371,0.0526386,-0.0523287,0.044726,0.0565451,0.0777358,-0.0266328,-0.0143218,-0.0384492,0.0507775,0.0344951,0.0182937,0.0337087,0.000550771,-0.053107,-0.0394542,0.0560531,0.0318654,-0.0462373,0.0243275,0.0368839,-0.053201,0.0626368,0.0316204,-0.0684721,-0.0785151,-0.0639744,-0.059239,0.0758979,0.0738402,0.0510192,0.0831964,0.0207115,-0.0371142,-0.0859454,0.0548743,-0.0503779,0.0076197,0.0334861,0.072764,0.0155408,0.0695058,0.0119607,0.0470443,-0.013909,0.0363005,-0.015756,0.029214,-0.0449692,0.0473639,0.0808175,-0.0275277,-0.0459064,0.0795078,0.087391,-0.0378258,-0.0788042,0.00415042,0.0293617,0.070396,-0.0401517,0.0702732,-0.00244456,0.0272464,0.0260895,-0.0323765,0.0395531,0.0676982,0.0786567,-0.080509,0.0472059,0.0570263,0.071429,-0.0686772,-0.0174673,0.00156784,-0.0643628,-0.0207376,-0.0909089,-0.0697992,0.0379812,-0.08026,0.023029,-0.0560308,0.0150114,0.0482988,-0.0702916,0.085329,-0.0500434,-0.0818582,-0.0621732,-0.0365106,0.00235431,0.0181668,-0.0760862,0.0265497,-0.00159036,-0.0869218,-0.0756277,0.0669228,-0.00736668,0.0509254,0.0777615,0.000289809,-0.0556849,0.0854709,0.0327088,-0.0683579,-0.0420826,-0.0470087,0.0716638,-0.0445785,-0.0437232,0.0163427,0.0441024,-0.0115034,0.0228218,0.049831,0.004045,-0.0736452,0.0374341,-0.0777645,-0.0147458,0.0337285,-0.00548987,-0.025382,-0.0131993,0.0190992,0.0501371,0.0526386,-0.0523287,0.044726,0.0565451,0.0777358,-0.0266328,-0.0143218,-0.0384492,0.0507775,0.0344951,0.0182937,0.0337087,0.000550771,-0.053107,-0.0394542,0.0560531,0.0318654,-0.0462373,0.0243275,0.0368839,-0.053201,0.0626368,0.0316204,-0.0684721,-0.0785151,-0.0639744,-0.059239,0.0758979,0.0738402,0.0510192,0.0831964,0.0207115,-0.0371142,-0.0859454,0.0548743,-0.0503779,0.0076197,0.0334861,0.072764,0.0155408,0.0695058,0.0119607,0.0470443,-0.013909,0.0363005,-0.015756,0.029214,-0.0449692,0.0473639,0.0808175,-0.0275277,-0.0459064,0.0795078,0.087391,-0.0378258,-0.0788042,0.00415042,0.0293617,0.070396,-0.0401517,0.0702732,-0.00244456,0.0272464,0.0260895,-0.0323765,0.0395531,0.0676982,0.0786567,-0.080509,0.0472059,0.0570263,0.071429,-0.0686772,-0.0174673,0.00156784,-0.0643628,-0.0207376,-0.0909089,-0.0697992,0.0379812,-0.08026,0.023029,-0.0560308,0.0150114,0.0482988,-0.0702916,0.085329,-0.0500434,-0.0818582,-0.0621732,-0.0365106,0.00235431,0.0181668,-0.0760862,0.0265497,-0.00159036,-0.0869218,-0.0756277,0.0669228,-0.00736668,0.0509254,0.0777615,0.000289809,-0.0556849,0.0854709,0.0327088,-0.0683579,-0.0420826,-0.0470087,0.0716638,-0.0445785,-0.0437232,0.0163427,0.0441024,-0.0115034,0.0228218,0.049831,
-0.0294822,-0.063084,-0.0408042,-0.031693,0.0329645,-0.084167,-0.0110171,-0.0161937,0.0792896,-0.00724144,0.017901,0.0805087,0.0756903,-0.0801757,0.0397179,-0.0064377,-0.0650399,0.0732748,-0.0142245,-0.000291376,-0.0818622,-0.0460325,0.0329675,-0.0190914,-0.0158481,-0.0491761,0.0424453,-0.086038,-0.005141,0.00523053,0.0622396,-0.05688,-0.0843553,-0.0086259,0.0833921,0.0316859,0.0309996,-0.0510422,-0.0916851,0.057686,-0.0735886,0.0836105,-0.0471798,-0.0717835,0.0663501,-0.0592267,-0.0158242,0.076993,-0.0643264,0.00323394,-0.0677945,-0.052436,0.0600723,0.00550581,-0.0382662,-0.0128949,0.0310345,-0.00564432,-0.0209219,-0.00381776,0.0505375,0.0491987,-0.00495436,0.0618901,-0.067786,-0.0772294,-0.0426029,0.0301636,-0.0468947,0.0182155,0.0736832,0.055822,-0.0364393,0.00723325,-0.0594805,0.030694,0.0750648,-0.060447,0.0813104,-0.0510151,0.0784901,0.0430756,0.0296388,0.0845,0.0626443,0.060683,0.0828943,0.0188426,0.0903577,0.0518959,-0.0557711,0.0398534,0.0299851,0.001965,-0.00248974,-0.0689804,0.0539036,-0.0561229,-0.00314827,0.0609886,-0.0184529,0.0683983,-0.0338821,0.0658738,0.0216953,0.0603502,0.0437314,0.0430766,-0.0762732,0.0244596,-0.0507922,-0.0820001,-0.0804279,0.0651789,0.0324831,0.0595705,0.0474403,0.047728,-0.0198586,0.0150744,-0.0372857,-0.00334929,0.0436429,0.0335724,0.0286406,0.0763478,0.0559152,-0.000306455,-0.0294822,-0.063084,-0.0408042,-0.031693,0.0329645,-0.084167,-0.0110171,-0.0161937,0.0792896,-0.00724144,0.017901,0.0805087,0.0756903,-0.0801757,0.0397179,-0.0064377,-0.0650399,0.0732748,-0.0142245,-0.000291376,-0.0818622,-0.0460325,0.0329675,-0.0190914,-0.0158481,-0.0491761,0.0424453,-0.086038,-0.005141,0.00523053,0.0622396,-0.05688,-0.0843553,-0.0086259,0.0833921,0.0316859,0.0309996,-0.0510422,-0.0916851,0.057686,-0.0735886,0.0836105,-0.0471798,-0.0717835,0.0663501,-0.0592267,-0.0158242,0.076993,-0.0643264,0.00323394,-0.0677945,-0.052436,0.0600723,0.00550581,-0.0382662,-0.0128949,0.0310345,-0.00564432,-0.0209219,-0.00381776,0.0505375,0.0491987,-0.00495436,0.0618901,-0.067786,-0.0772294,-0.0426029,0.0301636,-0.0468947,0.0182155,0.0736832,0.055822,-0.0364393,0.00723325,-0.0594805,0.030694,0.0750648,-0.060447,0.0813104,-0.0510151,0.0784901,0.0430756,0.0296388,0.0845,0.0626443,0.060683,0.0828943,0.0188426,0.0903577,0.0518959,-0.0557711,0.0398534,0.0299851,0.001965,-0.00248974,-0.0689804,0.0539036,-0.0561229,-0.00314827,0.0609886,-0.0184529,0.0683983,-0.0338821,0.0658738,0.0216953,0.0603502,0.0437314,0.0430766,-0.0762732,0.0244596,-0.0507922,-0.0820001,-0.0804279,0.0651789,0.0324831,0.0595705,0.0474403,0.047728,-0.0198586,0.0150744,-0.0372857,-0.00334929,0.0436429,0.0335724,0.0286406,0.0763478,0.0559152,-0.000306455,
0.0237846,0.0248086,0.0763606,0.0528608,-0.0669807,0.0104894,-0.0204293,-0.0834444,-0.0109054,-0.0669031,-0.0697282,0.0563041,-0.0629363,0.0303995,-0.0628235,-0.0215958,-0.078191,0.064498,0.0643378,-0.0578558,-0.0888179,-0.0289093,-0.0572844,0.040422,-0.0303625,-0.0721576,-0.0736851,0.0191899,0.0536318,-0.0207919,0.0204766,0.0286696,-0.00924464,0.0284235,-0.0360719,0.0351709,-0.0126528,-0.0849789,0.0823399,-0.0260781,-0.0129337,-0.0120866,0.0755205,0.070861,-0.0603555,0.0181732,-0.082775,-0.0539756,0.0682771,0.0253519,0.00326812,-0.0012874,0.0360503,0.0385321,0.0664608,-0.0683401,-0.0482959,-0.0772641,0.0479498,0.0232443,-0.0113007,-0.04363,0.0231726,0.00129337,-0.0670458,0.0211778,0.00103523,-0.011788,-0.0628335,-0.0402505,-0.0532291,0.0879733,0.0804696,-0.0339509,-0.0527878,0.00489147,-0.0373568,0.0442094,-0.0626159,0.0230142,0.0313372,-0.0906794,-0.0115034,0.0457704,-0.0124988,-0.0196337,-0.0055975,0.0549714,0.0738209,-0.0533216,-0.0400122,0.00490758,-0.0291763,-0.0678235,-0.0800647,0.0652265,-0.0740914,-0.0279822,0.0246389,0.0616396,0.0533071,-0.0279981,-0.0190447,-0.0368688,0.0449308,-0.0665404,0.0517336,-0.0151918,0.00745277,-0.0676992,-0.0889945,-0.0549537,0.0387674,0.0190131,-0.0666229,0.0352883,-0.0203792,0.0186863,0.0638433,-0.034184,-0.0607717,0.0452139,0.0577163,0.0864927,0.0349779,-0.0778501,-0.0328215,-0.0721764,0.0237846,0.0248086,0.0763606,0.0528608,-0.0669807,0.0104894,-0.0204293,-0.0834444,-0.0109054,-0.0669031,-0.0697282,0.0563041,-0.0629363,0.0303995,-0.0628235,-0.0215958,-0.078191,0.064498,0.0643378,-0.0578558,-0.0888179,-0.0289093,-0.0572844,0.040422,-0.0303625,-0.0721576,-0.0736851,0.0191899,0.0536318,-0.0207919,0.0204766,0.0286696,-0.00924464,0.0284235,-0.0360719,0.0351709,-0.0126528,-0.0849789,0.0823399,-0.0260781,-0.0129337,-0.0120866,0.0755205,0.070861,-0.0603555,0.0181732,-0.082775,-0.0539756,0.0682771,0.0253519,0.00326812,-0.0012874,0.0360503,0.0385321,0.0664608,-0.0683401,-0.0482959,-0.0772641,0.0479498,0.0232443,-0.0113007,-0.04363,0.0231726,0.00129337,-0.0670458,0.0211778,0.00103523,-0.011788,-0.0628335,-0.0402505,-0.0532291,0.0879733,0.0804696,-0.0339509,-0.0527878,0.00489147,-0.0373568,0.0442094,-0.0626159,0.0230142,0.0313372,-0.0906794,-0.0115034,0.0457704,-0.0124988,-0.0196337,-0.0055975,0.0549714,0.0738209,-0.0533216,-0.0400122,0.00490758,-0.0291763,-0.0678235,-0.0800647,0.0652265,-0.0740914,-0.0279822,0.0246389,0.0616396,0.0533071,-0.0279981,-0.0190447,-0.0368688,0.0449308,-0.0665404,0.0517336,-0.0151918,0.00745277,-0.0676992,-0.0889945,-0.0549537,0.0387674,0.0190131,-0.0666229,0.0352883,-0.0203792,0.0186863,0.0638433,-0.034184,-0.0607717,0.0452139,0.0577163,0.0864927,0.0349779,-0.0778501,-0.0328215,-0.0721764,
-0.0113363,0.0469072,0.0483481,-0.0671512,-0.0654482,0.0839793,-0.0884884,-0.0821738,-0.0101127,0.0247462,-0.0643739,0.085562,-0.028088,-0.044403,0.0385604,-0.0788956,-0.0514731,0.0212624,-0.038281,-0.0022137,0.0503285,0.0679035,0.0603744,0.0572129,-0.0660653,0.0735646,0.0528784,-0.027796,-0.0837533,0.023158,0.0751468,-0.0249782,0.0589152,-0.0794317,0.0769733,-0.0791445,-0.0104607,0.066062,0.022907,0.0194271,0.0359155,0.0348867,-0.0336776,-0.0426428,-0.0216973,-0.0368709,0.00936642,0.0376071,0.0744759,0.0608383,-0.0816222,-0.0140298,0.0467326,0.0371673,-0.0232062,-0.0445102,0.0161184,0.0604397,0.0307735,0.00260051,-0.0459912,-0.0263345,0.064244,-0.0535034,0.0782577,-0.0115335,-0.0681174,-0.0372217,0.045551,-0.017387,-0.0903652,-0.0799371,0.0765164,-0.0503255,-0.0119183,0.0681232,0.0291158,0.0304895,0.035118,0.0378582,0.00843566,0.0701337,0.0185673,-0.00503165,-0.0586075,-0.0557962,0.0122361,0.0386031,0.0740474,-0.068438,0.0297288,0.0293697,0.0688053,-0.0443432,0.0264967,-0.0182999,0.0779053,-0.026779,-0.0691702,-0.0808748,0.0516637,0.0655637,-0.074122,-0.0944244,-0.00290516,0.0394035,-0.0814966,0.0566326,-0.00345189,0.00741229,0.0269688,0.0647722,-0.00044739,0.0233788,-0.0443705,0.0777429,-0.0131303,-0.0471055,0.00252894,0.0629722,-0.0124221,-0.0464335,-0.0532072,-0.00754719,0.0768657,0.0695652,0.0520908,0.0096336,-0.0113363,0.0469072,0.0483481,-0.0671512,-0.0654482,0.0839793,-0.0884884,-0.0821738,-0.0101127,0.0247462,-0.0643739,0.085562,-0.028088,-0.044403,0.0385604,-0.0788956,-0.0514731,0.0212624,-0.038281,-0.0022137,0.0503285,0.0679035,0.0603744,0.0572129,-0.0660653,0.0735646,0.0528784,-0.027796,-0.0837533,0.023158,0.0751468,-0.0249782,0.0589152,-0.0794317,0.0769733,-0.0791445,-0.0104607,0.066062,0.022907,0.0194271,0.0359155,0.0348867,-0.0336776,-0.0426428,-0.0216973,-0.0368709,0.00936642,0.0376071,0.0744759,0.0608383,-0.0816222,-0.0140298,0.0467326,0.0371673,-0.0232062,-0.0445102,0.0161184,0.0604397,0.0307735,0.00260051,-0.0459912,-0.0263345,0.064244,-0.0535034,0.0782577,-0.0115335,-0.0681174,-0.0372217,0.045551,-0.017387,-0.0903652,-0.0799371,0.0765164,-0.0503255,-0.0119183,0.0681232,0.0291158,0.0304895,0.035118,0.0378582,0.00843566,0.0701337,0.0185673,-0.00503165,-0.0586075,-0.0557962,0.0122361,0.0386031,0.0740474,-0.068438,0.0297288,0.0293697,0.0688053,-0.0443432,0.0264967,-0.0182999,0.0779053,-0.026779,-0.0691702,-0.0808748,0.0516637,0.0655637,-0.074122,-0.0944244,-0.00290516,0.0394035,-0.0814966,0.0566326,-0.00345189,0.00741229,0.0269688,0.0647722,-0.00044739,0.0233788,-0.0443705,0.0777429,-0.0131303,-0.0471055,0.00252894,0.0629722,-0.0124221,-0.0464335,-0.0532072,-0.00754719,0.0768657,0.0695652,0.0520908,0.0096336,
0.0808997,-0.0457332,-0.0444818,0.0599776,0.0736961,-0.0345555,0.0470662,0.0824231,0.0359019,-0.0425951,-0.0676965,0.0227574,0.0734824,0.0531141,0.0553525,-0.00723307,0.0063788,0.00924359,-0.0255618,-0.0753817,0.0335765,0.00885669,0.0735068,0.00467669,-0.00218588,-0.0323412,-0.0473508,-0.0719428,-0.0899274,0.00720763,0.00970812,-0.0444144,-0.0506641,0.04581,0.0669186,-0.0621241,0.0431704,-0.0154966,-0.0471676,-0.0138722,-0.0107181,-0.0744219,-0.0611997,-0.0144268,0.0239537,0.0400587,-0.01775,-0.0822645,-0.0239982,0.00238459,-0.0489417,-0.0460032,0.0146011,-0.049009,-0.0308329,-0.0081294,-0.0801265,0.04244,-0.0621262,0.0678824,-0.00622163,0.00367881,-0.0151137,0.0440083,-0.064331,0.0443323,-0.00265042,-0.0339146,0.00277041,0.0546893,-0.0505794,-0.0606207,-0.0324631,-0.0805614,-0.0268291,-0.0124425,-0.0662694,0.025226,0.0446159,0.0812979,-0.0257743,-0.0318127,0.0600988,-0.0222767,-0.0205446,-0.0300317,0.0578081,-0.0868746,-0.0400807,0.0378626,0.0786033,-0.0386245,-0.0347325,0.0627788,0.0816238,0.0588825,-0.0132473,-0.00865925,-0.0632671,0.00332894,0.0343931,-0.0723688,0.0580266,-0.0665741,-0.0539506,-0.000445644,0.0627828,0.0157955,0.0939534,-0.0578187,-0.0616506,-0.0315056,0.0456455,-0.0354668,0.00602891,0.0457793,0.0719399,-0.051627,0.0726894,0.0597556,-0.00169412,0.0554225,0.0302002,-0.0175753,-0.0350807,-0.0815806,-0.0588341,-0.0195901,0.0808997,-0.0457332,-0.0444818,0.0599776,0.0736961,-0.0345555,0.0470662,0.0824231,0.0359019,-0.0425951,-0.0676965,0.0227574,0.0734824,0.0531141,0.0553525,-0.00723307,0.0063788,0.00924359,-0.0255618,-0.0753817,0.0335765,0.00885669,0.0735068,0.00467669,-0.00218588,-0.0323412,-0.0473508,-0.0719428,-0.0899274,0.00720763,0.00970812,-0.0444144,-0.0506641,0.04581,0.0669186,-0.0621241,0.0431704,-0.0154966,-0.0471676,-0.0138722,-0.0107181,-0.0744219,-0.0611997,-0.0144268,0.0239537,0.0400587,-0.01775,-0.0822645,-0.0239982,0.00238459,-0.0489417,-0.0460032,0.0146011,-0.049009,-0.0308329,-0.0081294,-0.0801265,0.04244,-0.0621262,0.0678824,-0.00622163,0.00367881,-0.0151137,0.0440083,-0.064331,0.0443323,-0.00265042,-0.0339146,0.00277041,0.0546893,-0.0505794,-0.0606207,-0.0324631,-0.0805614,-0.0268291,-0.0124425,-0.0662694,0.025226,0.0446159,0.0812979,-0.0257743,-0.0318127,0.0600988,-0.0222767,-0.0205446,-0.0300317,0.0578081,-0.0868746,-0.0400807,0.0378626,0.0786033,-0.0386245,-0.0347325,0.0627788,0.0816238,0.0588825,-0.0132473,-0.00865925,-0.0632671,0.00332894,0.0343931,-0.0723688,0.0580266,-0.0665741,-0.0539506,-0.000445644,0.0627828,0.0157955,0.0939534,-0.0578187,-0.0616506,-0.0315056,0.0456455,-0.0354668,0.00602891,0.0457793,0.0719399,-0.051627,0.0726894,0.0597556,-0.00169412,0.0554225,0.0302002,-0.0175753,-0.0350807,-0.0815806,-0.0588341,-0.0195901,
0.00929065,-0.0721044,0.00196194,-0.0314517,0.0740788,0.0869785,0.0144543,0.0546429,0.000630805,0.0165248,-0.0345177,-0.0649925,0.0381914,-0.069038,0.0847076,-0.0398869,-0.081625,-0.00698848,0.0821456,0.0185329,-0.0763301,-0.0906512,-0.0819911,0.00877225,-0.0124843,0.0480495,0.0238197,-0.0113209,-0.0401916,-0.0237758,0.013939,-0.0339057,-0.0157255,0.00519266,0.0606175,-0.0359411,-0.060388,0.038986,0.0678677,0.0322459,-0.0608062,0.0570079,0.0537417,-0.0538788,0.0205749,0.0845303,0.0850144,0.0358077,-0.077226,-0.005313,-0.0690674,-0.0308178,-0.0304056,-0.0424748,-0.00781788,0.0523541,0.0794324,-0.0697876,-0.00857661,-0.0867915,0.0501109,0.0398065,-0.0398786,0.027818,-0.0289295,-0.0681702,0.0525563,0.0660741,-0.0455628,-0.0757453,0.0326345,-0.0188286,0.0295059,0.0136029,-0.0469133,0.00218654,-0.0539897,0.0833614,0.00524002,-0.00143279,-0.0863956,0.0444749,-0.00143331,0.0631934,-0.0535419,-0.0578984,0.0612563,0.0664896,-0.0357477,-0.000340398,-0.0512347,-0.00393175,-0.027028,-0.0538521,-0.0374481,0.00947823,0.0874725,0.0236626,0.081964,0.0432521,-0.0400535,0.0561795,-0.0319318,0.0148296,0.0456311,-0.0187727,0.0363403,-0.0574738,0.0159535,0.0650791,0.0379979,-0.072525,0.0869532,-0.000371313,-0.0646552,0.0540889,0.0758344,-0.0612971,-0.0102856,-0.0591855,0.0742175,-0.0498745,-0.00457295,0.0682455,-0.000469784,0.0755963,-0.0428241,0.0838954,0.00929065,-0.0721044,0.00196194,-0.0314517,0.0740788,0.0869785,0.0144543,0.0546429,0.000630805,0.0165248,-0.0345177,-0.0649925,0.0381914,-0.069038,0.0847076,-0.0398869,-0.081625,-0.00698848,0.0821456,0.0185329,-0.0763301,-0.0906512,-0.0819911,0.00877225,-0.0124843,0.0480495,0.0238197,-0.0113209,-0.0401916,-0.0237758,0.013939,-0.0339057,-0.0157255,0.00519266,0.0606175,-0.0359411,-0.060388,0.038986,0.0678677,0.0322459,-0.0608062,0.0570079,0.0537417,-0.0538788,0.0205749,0.0845303,0.0850144,0.0358077,-0.077226,-0.005313,-0.0690674,-0.0308178,-0.0304056,-0.0424748,-0.00781788,0.0523541,0.0794324,-0.0697876,-0.00857661,-0.0867915,0.0501109,0.0398065,-0.0398786,0.027818,-0.0289295,-0.0681702,0.0525563,0.0660741,-0.0455628,-0.0757453,0.0326345,-0.0188286,0.0295059,0.0136029,-0.0469133,0.00218654,-0.0539897,0.0833614,0.00524002,-0.00143279,-0.0863956,0.0444749,-0.00143331,0.0631934,-0.0535419,-0.0578984,0.0612563,0.0664896,-0.0357477,-0.000340398,-0.0512347,-0.00393175,-0.027028,-0.0538521,-0.0374481,0.00947823,0.0874725,0.0236626,0.081964,0.0432521,-0.0400535,0.0561795,-0.0319318,0.0148296,0.0456311,-0.0187727,0.0363403,-0.0574738,0.0159535,0.0650791,0.0379979,-0.072525,0.0869532,-0.000371313,-0.0646552,0.0540889,0.0758344,-0.0612971,-0.0102856,-0.0591855,0.0742175,-0.0498745,-0.00457295,0.0682455,-0.000469784,0.0755963,-0.0428241,0.0838954,
-0.0225752,-0.0892803,0.0449455,0.0195062,0.0138852,-0.0197545,-0.0834999,-0.00141031,0.0463544,-0.00185791,-0.0307114,0.0634617,-0.0647031,0.02494,0.073368,-0.0768411,-0.0500615,0.0193597,-0.0294659,0.0353733,-0.0240908,-0.0873091,0.0661191,-0.048422,0.0362434,0.0800449,0.0026702,-0.0178142,0.0684713,-0.0667824,-0.0657008,0.0552889,0.08684,-0.00459746,0.0769418,0.0776963,-0.0030087,-0.0111533,-0.0388627,-0.0348423,0.0888312,-0.00296519,0.0150574,0.0110418,0.000732058,0.0780988,-0.0671068,-0.065938,0.064226,0.0434972,-0.0447118,0.00144619,-0.0512437,0.0107157,-0.0206334,0.0231309,0.0270127,0.00050348,-0.0668513,0.0762759,0.0497431,-0.0787721,-0.0634485,0.00505872,0.0338512,-0.0406326,0.0767043,-0.0274569,-0.0734091,-0.0527259,0.0845501,0.0191588,-0.0168013,-0.0537549,-0.0189949,0.0204592,-0.0691844,0.0376601,-0.0607218,0.0117747,0.0479731,-0.0689181,0.0567757,-0.0337956,0.0632908,0.0136383,0.0430397,0.0696211,-0.0533153,0.00216025,0.0769516,0.0483746,-0.0217714,-0.00144213,-0.00775736,-0.0722835,0.0646717,0.0452859,0.0486641,-0.0287755,0.0693283,-0.0500598,0.00768385,0.027302,0.0512056,-0.0587487,0.0136964,-0.033331,-0.0815315,-0.00228752,-0.0441573,0.0475352,0.05328,-0.025516,-0.0593033,0.042822,-0.0838878,0.0867298,-0.0144183,0.0658815,-0.0530192,-0.0361045,0.0076314,0.0308282,-0.00254948,0.0237728,-0.0673585,0.0349303,-0.0225752,-0.0892803,0.0449455,0.0195062,0.0138852,-0.0197545,-0.0834999,-0.00141031,0.0463544,-0.00185791,-0.0307114,0.0634617,-0.0647031,0.02494,0.073368,-0.0768411,-0.0500615,0.0193597,-0.0294659,0.0353733,-0.0240908,-0.0873091,0.0661191,-0.048422,0.0362434,0.0800449,0.0026702,-0.0178142,0.0684713,-0.0667824,-0.0657008,0.0552889,0.08684,-0.00459746,0.0769418,0.0776963,-0.0030087,-0.0111533,-0.0388627,-0.0348423,0.0888312,-0.00296519,0.0150574,0.0110418,0.000732058,0.0780988,-0.0671068,-0.065938,0.064226,0.0434972,-0.0447118,0.00144619,-0.0512437,0.0107157,-0.0206334,0.0231309,0.0270127,0.00050348,-0.0668513,0.0762759,0.0497431,-0.0787721,-0.0634485,0.00505872,0.0338512,-0.0406326,0.0767043,-0.0274569,-0.0734091,-0.0527259,0.0845501,0.0191588,-0.0168013,-0.0537549,-0.0189949,0.0204592,-0.0691844,0.0376601,-0.0607218,0.0117747,0.0479731,-0.0689181,0.0567757,-0.0337956,0.0632908,0.0136383,0.0430397,0.0696211,-0.0533153,0.00216025,0.0769516,0.0483746,-0.0217714,-0.00144213,-0.00775736,-0.0722835,0.0646717,0.0452859,0.0486641,-0.0287755,0.0693283,-0.0500598,0.00768385,0.027302,0.0512056,-0.0587487,0.0136964,-0.033331,-0.0815315,-0.00228752,-0.0441573,0.0475352,0.05328,-0.025516,-0.0593033,0.042822,-0.0838878,0.0867298,-0.0144183,0.0658815,-0.0530192,-0.0361045,0.0076314,0.0308282,-0.00254948,0.0237728,-0.0673585,0.0349303,
0.0577018,0.077053,0.0372174,-0.0811416,0.0482975,-0.0234694,-0.00568266,-0.076518,-0.0643545,0.023671,-0.00831096,-0.029708,-0.0556992,-0.0608757,-0.0674192,-0.0801174,0.0709726,0.0457184,0.0674487,0.092248,-0.070783,-0.0601305,0.0842238,0.0367799,-0.0665863,-0.00366199,0.0294122,-0.0667985,-0.0787522,-0.00444679,-0.00766432,-0.0736256,-0.072196,0.0641688,0.0272699,0.0441545,-0.0169602,0.0524753,0.0193838,-0.0158876,0.0570255,0.0445717,0.0264736,-0.0613545,0.0611218,0.0162375,0.00365004,-0.0708923,0.0557974,0.0574805,0.0214815,0.069046,0.00372741,-0.0129493,0.023623,0.0624236,-0.0303184,0.0602561,-0.0125384,-0.0834595,-0.0393779,0.00993339,0.00113634,-0.0400491,-0.0799235,0.0276064,-0.0267298,0.0481757,-0.0327802,0.0556684,0.0369026,0.0855809,0.0474922,0.0853284,0.0703668,-0.0626728,-0.0409804,0.0215792,0.0275497,-0.0522236,-0.071935,0.0168207,-0.0132899,-0.0179076,0.0353853,-0.0475807,0.0336008,-0.0175875,-0.0203178,0.0704842,0.0342979,-0.0224148,-0.0205689,0.0586641,-0.0439262,0.0867199,-0.0819807,0.0502586,-0.0323812,0.0668439,-0.0750275,0.0347321,-0.034812,0.038472,-0.0504901,0.0117885,-0.011452,0.0569969,0.0301648,0.0249766,0.0429214,-0.0346347,0.034505,0.0614507,0.0480339,0.060228,0.0635285,-0.0146293,-0.0142547,-0.0468735,0.0709206,0.0930015,-0.0280206,0.0700349,-0.0650035,0.0512438,-0.0532179,-0.0720112,0.0577018,0.077053,0.0372174,-0.0811416,0.0482975,-0.0234694,-0.00568266,-0.076518,-0.0643545,0.023671,-0.00831096,-0.029708,-0.0556992,-0.0608757,-0.0674192,-0.0801174,0.0709726,0.0457184,0.0674487,0.092248,-0.070783,-0.0601305,0.0842238,0.0367799,-0.0665863,-0.00366199,0.0294122,-0.0667985,-0.0787522,-0.00444679,-0.00766432,-0.0736256,-0.072196,0.0641688,0.0272699,0.0441545,-0.0169602,0.0524753,0.0193838,-0.0158876,0.0570255,0.0445717,0.0264736,-0.0613545,0.0611218,0.0162375,0.00365004,-0.0708923,0.0557974,0.0574805,0.0214815,0.069046,0.00372741,-0.0129493,0.023623,0.0624236,-0.0303184,0.0602561,-0.0125384,-0.0834595,-0.0393779,0.00993339,0.00113634,-0.0400491,-0.0799235,0.0276064,-0.0267298,0.0481757,-0.0327802,0.0556684,0.0369026,0.0855809,0.0474922,0.0853284,0.0703668,-0.0626728,-0.0409804,0.0215792,0.0275497,-0.0522236,-0.071935,0.0168207,-0.0132899,-0.0179076,0.0353853,-0.0475807,0.0336008,-0.0175875,-0.0203178,0.0704842,0.0342979,-0.0224148,-0.0205689,0.0586641,-0.0439262,0.0867199,-0.0819807,0.0502586,-0.0323812,0.0668439,-0.0750275,0.0347321,-0.034812,0.038472,-0.0504901,0.0117885,-0.011452,0.0569969,0.0301648,0.0249766,0.0429214,-0.0346347,0.034505,0.0614507,0.0480339,0.060228,0.0635285,-0.0146293,-0.0142547,-0.0468735,0.0709206,0.0930015,-0.0280206,0.0700349,-0.0650035,0.0512438,-0.0532179,-0.0720112,
0.0386147,-0.00116627,-0.058665,-0.0142207,0.0443951,0.0118495,-0.0217275,-0.0211581,-0.0655713,0.0613103,-0.0171972,0.0150034,-0.0745598,-0.0873192,0.0688374,-0.0242341,0.020426,-0.0905295,-0.0568816,-0.0239925,0.0550466,-0.0215351,-0.0639706,-0.00585481,0.0686233,0.0692111,0.0331724,0.0180364,-0.0561109,-0.0271773,0.073401,-0.0519366,-0.0630662,0.0348308,-0.000457917,0.00348481,0.00203773,0.0399087,-0.0358841,-0.0160402,-0.0434154,-0.0235971,-0.0671263,-0.0890673,0.049761,-0.0844503,-0.0318571,0.00194454,0.0431495,0.0481922,0.0268216,-0.075131,0.0281591,0.0398074,-0.00126918,-0.0524466,-0.0681697,-0.0174053,0.0862803,-0.00402512,-0.0205213,0.0163981,-0.00273254,0.026432,0.00769258,-0.0891593,-0.0667206,-0.0509553,0.0471325,-0.0544434,0.037912,0.0202003,0.00669317,-0.0342497,0.0877155,0.0653295,0.0705424,0.00195102,-0.0347273,-0.020532,-0.0866545,-0.0187499,0.0873439,-0.0726809,-0.0517306,-0.00311209,0.0586213,0.0154461,0.0329558,-0.0522876,-0.0540942,-0.0767775,-0.0737292,-0.013803,-0.0718916,0.0282504,0.0134849,0.0492035,0.0778372,0.0748911,-0.032966,-0.019954,0.0618726,-0.0483375,0.0437924,0.0332849,-0.029328,-0.00270369,-0.00964908,-0.0112703,0.0778949,-0.0248663,-0.02008,0.00345815,0.0466292,-0.0734121,-0.0213395,0.0150106,0.0115246,-0.0770113,0.0859895,-0.0509016,0.0536426,-0.0469546,0.0752468,0.0191704,-0.0625744,-0.022251,0.0386147,-0.00116627,-0.058665,-0.0142207,0.0443951,0.0118495,-0.0217275,-0.0211581,-0.0655713,0.0613103,-0.0171972,0.0150034,-0.0745598,-0.0873192,0.0688374,-0.0242341,0.020426,-0.0905295,-0.0568816,-0.0239925,0.0550466,-0.0215351,-0.0639706,-0.00585481,0.0686233,0.0692111,0.0331724,0.0180364,-0.0561109,-0.0271773,0.073401,-0.0519366,-0.0630662,0.0348308,-0.000457917,0.00348481,0.00203773,0.0399087,-0.0358841,-0.0160402,-0.0434154,-0.0235971,-0.0671263,-0.0890673,0.049761,-0.0844503,-0.0318571,0.00194454,0.0431495,0.0481922,0.0268216,-0.075131,0.0281591,0.0398074,-0.00126918,-0.0524466,-0.0681697,-0.0174053,0.0862803,-0.00402512,-0.0205213,0.0163981,-0.00273254,0.026432,0.00769258,-0.0891593,-0.0667206,-0.0509553,0.0471325,-0.0544434,0.037912,0.0202003,0.00669317,-0.0342497,0.0877155,0.0653295,0.0705424,0.00195102,-0.0347273,-0.020532,-0.0866545,-0.0187499,0.0873439,-0.0726809,-0.0517306,-0.00311209,0.0586213,0.0154461,0.0329558,-0.0522876,-0.0540942,-0.0767775,-0.0737292,-0.013803,-0.0718916,0.0282504,0.0134849,0.0492035,0.0778372,0.0748911,-0.032966,-0.019954,0.0618726,-0.0483375,0.0437924,0.0332849,-0.029328,-0.00270369,-0.00964908,-0.0112703,0.0778949,-0.0248663,-0.02008,0.00345815,0.0466292,-0.0734121,-0.0213395,0.0150106,0.0115246,-0.0770113,0.0859895,-0.0509016,0.0536426,-0.0469546,0.0752468,0.0191704,-0.0625744,-0.022251,
-0.0725378,-0.0312798,0.0580965,-0.0269018,0.0330374,0.0427794,0.0220409,0.0566494,0.0616507,0.0801031,0.0630517,-0.031236,-0.0214739,-0.0594254,0.0151639,0.0596698,-0.0437438,-0.0816755,-0.0397585,0.045583,-0.0717166,-0.0775581,0.0430508,0.0569776,-0.079444,-0.0350825,-0.0448906,-0.0585792,-0.00339154,-0.0138704,0.0154184,-0.0682333,-0.0325368,-0.029013,0.0630955,0.0373498,-0.0767566,-0.0647004,-0.0435039,0.0820726,-0.0316414,-0.00638864,-0.0593224,0.0902561,-0.0946872,5.15836e-05,-0.0352971,-0.0315869,-0.0851572,-0.00643038,-0.0363697,0.063478,0.019995,-0.049745,-0.0342233,0.0700745,0.00647268,0.0578349,0.0465416,-0.0866783,-0.0297507,-0.0701664,0.0169143,-0.0292322,0.0464957,0.0326045,-0.0366052,-0.0558356,-0.040401,0.0908788,-0.00859583,-0.0240402,0.0823707,-0.00583617,-0.0490737,-0.035531,-0.0166685,0.0326246,-0.0251872,-0.0224965,-0.0456356,-0.0557795,-0.0365173,0.0466579,-0.0836752,0.0466054,-0.081747,-0.0465451,0.0751961,0.0616871,0.0102435,0.0808548,0.0779944,-0.0117154,0.052215,0.0492489,-0.00261941,-0.0460268,0.00738657,0.0369425,0.0159243,0.0818713,-0.0662395,-0.0584554,0.0840835,0.0348519,0.0580007,-0.0706696,-0.0204982,-0.0134249,0.0335187,-0.0327112,0.0371878,0.0575569,0.000289968,-0.0130638,-0.0467246,0.0623117,0.0505934,-0.0639719,-0.0785048,-0.0234287,0.00698284,-0.0420956,-0.0780776,-0.0835489,-0.066648,0.0437563,-0.0725378,-0.0312798,0.0580965,-0.0269018,0.0330374,0.0427794,0.0220409,0.0566494,0.0616507,0.0801031,0.0630517,-0.031236,-0.0214739,-0.0594254,0.0151639,0.0596698,-0.0437438,-0.0816755,-0.0397585,0.045583,-0.0717166,-0.0775581,0.0430508,0.0569776,-0.079444,-0.0350825,-0.0448906,-0.0585792,-0.00339154,-0.0138704,0.0154184,-0.0682333,-0.0325368,-0.029013,0.0630955,0.0373498,-0.0767566,-0.0647004,-0.0435039,0.0820726,-0.0316414,-0.00638864,-0.0593224,0.0902561,-0.0946872,5.15836e-05,-0.0352971,-0.0315869,-0.0851572,-0.00643038,-0.0363697,0.063478,0.019995,-0.049745,-0.0342233,0.0700745,0.00647268,0.0578349,0.0465416,-0.0866783,-0.0297507,-0.0701664,0.0169143,-0.0292322,0.0464957,0.0326045,-0.0366052,-0.0558356,-0.040401,0.0908788,-0.00859583,-0.0240402,0.0823707,-0.00583617,-0.0490737,-0.035531,-0.0166685,0.0326246,-0.0251872,-0.0224965,-0.0456356,-0.0557795,-0.0365173,0.0466579,-0.0836752,0.0466054,-0.081747,-0.0465451,0.0751961,0.0616871,0.0102435,0.0808548,0.0779944,-0.0117154,0.052215,0.0492489,-0.00261941,-0.0460268,0.00738657,0.0369425,0.0159243,0.0818713,-0.0662395,-0.0584554,0.0840835,0.0348519,0.0580007,-0.0706696,-0.0204982,-0.0134249,0.0335187,-0.0327112,0.0371878,0.0575569,0.000289968,-0.0130638,-0.0467246,0.0623117,0.0505934,-0.0639719,-0.0785048,-0.0234287,0.00698284,-0.0420956,-0.0780776,-0.0835489,-0.066648,0.0437563,
-0.033935,0.0765929,0.0686907,-0.0250923,0.0127537,-0.0326804,0.0435712,-0.0607379,-0.0494543,-0.0129488,-0.00414329,0.0395937,0.0305555,0.0159088,0.0405503,0.0294015,0.00305375,-0.0617161,0.0776439,0.0542152,-0.0467543,0.0308816,0.0446923,-0.0802317,-0.0345582,-0.0544967,-0.0180357,0.0587094,-0.0502166,-0.0335692,-0.00543543,-0.0581269,-0.0243061,-0.0409013,-0.057139,0.0516088,0.0518506,0.0689094,-0.0620774,0.0255978,0.0353279,-0.0228107,-0.0494896,0.0311746,-0.0823851,-0.0432918,0.0533584,0.0616632,0.0134894,-0.0186937,-0.00589313,0.0759545,0.0808695,-0.0163914,-0.0169045,0.0472856,-0.0585224,0.0425723,0.0122055,-0.0290584,0.0272834,-0.014744,0.0849173,-0.0743282,-0.0341443,0.0255509,0.0132413,-0.085485,0.0685979,0.0551468,-0.0886959,-0.0839078,-0.018948,-0.0849925,-0.0392034,0.0668876,0.0730804,0.0483412,0.036667,-0.0698369,-0.0570701,0.00839107,-0.0494934,-0.0137037,-0.0818737,-0.0128319,-0.0245264,0.0279508,-0.00139297,-0.00597498,-0.00677292,0.0755176,-0.0736201,-0.0560056,-0.000958508,0.0102241,0.0843182,-0.0723461,-0.000373766,-0.0628752,0.064698,-0.00565568,-0.0158149,-0.000514428,0.0407644,-0.0429083,-0.0927398,0.0450723,0.0221341,-0.0497409,0.0326689,0.0647587,-0.0822593,-0.0711002,0.0615158,-0.0182626,0.0536017,0.092927,0.0400464,-0.0312868,0.0340947,-0.0726565,0.0426895,0.0634044,0.00805723,0.0598127,0.0802372,0.0631322,-0.033935,0.0765929,0.0686907,-0.0250923,0.0127537,-0.0326804,0.0435712,-0.0607379,-0.0494543,-0.0129488,-0.00414329,0.0395937,0.0305555,0.0159088,0.0405503,0.0294015,0.00305375,-0.0617161,0.0776439,0.0542152,-0.0467543,0.0308816,0.0446923,-0.0802317,-0.0345582,-0.0544967,-0.0180357,0.0587094,-0.0502166,-0.0335692,-0.00543543,-0.0581269,-0.0243061,-0.0409013,-0.057139,0.0516088,0.0518506,0.0689094,-0.0620774,0.0255978,0.0353279,-0.0228107,-0.0494896,0.0311746,-0.0823851,-0.0432918,0.0533584,0.0616632,0.0134894,-0.0186937,-0.00589313,0.0759545,0.0808695,-0.0163914,-0.0169045,0.0472856,-0.0585224,0.0425723,0.0122055,-0.0290584,0.0272834,-0.014744,0.0849173,-0.0743282,-0.0341443,0.0255509,0.0132413,-0.085485,0.0685979,0.0551468,-0.0886959,-0.0839078,-0.018948,-0.0849925,-0.0392034,0.0668876,0.0730804,0.0483412,0.036667,-0.0698369,-0.0570701,0.00839107,-0.0494934,-0.0137037,-0.0818737,-0.0128319,-0.0245264,0.0279508,-0.00139297,-0.00597498,-0.00677292,0.0755176,-0.0736201,-0.0560056,-0.000958508,0.0102241,0.0843182,-0.0723461,-0.000373766,-0.0628752,0.064698,-0.00565568,-0.0158149,-0.000514428,0.0407644,-0.0429083,-0.0927398,0.0450723,0.0221341,-0.0497409,0.0326689,0.0647587,-0.0822593,-0.0711002,0.0615158,-0.0182626,0.0536017,0.092927,0.0400464,-0.0312868,0.0340947,-0.0726565,0.0426895,0.0634044,0.00805723,0.0598127,0.0802372,0.0631322,
0.0023884,-0.00717121,-0.0247442,0.0756857,-0.0907183,0.00419761,-0.0155442,0.0735262,0.0101422,-0.0297298,-0.0362583,-0.0417545,-0.0566901,-0.0482205,-0.0685902,-0.0125752,0.0639494,0.00242765,-0.00257787,-0.0883232,-0.014712,-0.0879335,-0.0710621,0.0139593,0.0351326,-0.036217,0.0326803,0.0923219,0.0160737,-0.0585488,0.0200597,-0.0357271,-0.0477768,-0.073984,0.0353164,0.0328081,-0.00282468,0.073479,-0.0481701,0.0485003,-0.0542146,-0.0294715,-0.0311018,0.0409387,0.0368632,0.0570815,0.0322624,-0.0652021,-0.0493513,0.0369374,-0.0263583,0.0401349,-0.0829628,0.0213441,-0.0631747,0.0348489,-0.0530119,-0.0541196,0.0815384,-0.0291516,-0.0300426,0.0643452,-0.0146259,0.0307231,0.0386655,0.0214215,0.00843843,0.026611,-0.0833496,0.0928953,0.00147763,-0.0217724,0.0233942,-0.0829632,-0.0564651,-0.0406263,-0.0419653,-0.0726121,-0.0215404,-0.0593326,0.0814632,0.0145003,-0.0201687,0.0734048,-0.0707404,-0.0844221,-0.0767412,0.0753303,0.0216217,-0.0709412,0.0585246,0.054106,0.0570119,0.0796415,0.0242895,-0.0610693,0.0842539,0.0770373,0.00620157,0.0672001,-0.0179875,0.00738756,-0.0848416,-0.0412284,0.0695008,-0.0686681,0.0661516,-0.0805393,0.0568768,0.0230023,0.0162313,0.0873448,-0.00791278,-0.0912969,0.0215204,-0.00862558,0.0734758,-0.0755694,-0.0648231,0.0646793,0.0552156,-0.0534818,-0.0479445,-0.0800028,0.0394194,-0.053764,-0.00927531,0.0574127,0.0023884,-0.00717121,-0.0247442,0.0756857,-0.0907183,0.00419761,-0.0155442,0.0735262,0.0101422,-0.0297298,-0.0362583,-0.0417545,-0.0566901,-0.0482205,-0.0685902,-0.0125752,0.0639494,0.00242765,-0.00257787,-0.0883232,-0.014712,-0.0879335,-0.0710621,0.0139593,0.0351326,-0.036217,0.0326803,0.0923219,0.0160737,-0.0585488,0.0200597,-0.0357271,-0.0477768,-0.073984,0.0353164,0.0328081,-0.00282468,0.073479,-0.0481701,0.0485003,-0.0542146,-0.0294715,-0.0311018,0.0409387,0.0368632,0.0570815,0.0322624,-0.0652021,-0.0493513,0.0369374,-0.0263583,0.0401349,-0.0829628,0.0213441,-0.0631747,0.0348489,-0.0530119,-0.0541196,0.0815384,-0.0291516,-0.0300426,0.0643452,-0.0146259,0.0307231,0.0386655,0.0214215,0.00843843,0.026611,-0.0833496,0.0928953,0.00147763,-0.0217724,0.0233942,-0.0829632,-0.0564651,-0.0406263,-0.0419653,-0.0726121,-0.0215404,-0.0593326,0.0814632,0.0145003,-0.0201687,0.0734048,-0.0707404,-0.0844221,-0.0767412,0.0753303,0.0216217,-0.0709412,0.0585246,0.054106,0.0570119,0.0796415,0.0242895,-0.0610693,0.0842539,0.0770373,0.00620157,0.0672001,-0.0179875,0.00738756,-0.0848416,-0.0412284,0.0695008,-0.0686681,0.0661516,-0.0805393,0.0568768,0.0230023,0.0162313,0.0873448,-0.00791278,-0.0912969,0.0215204,-0.00862558,0.0734758,-0.0755694,-0.0648231,0.0646793,0.0552156,-0.0534818,-0.0479445,-0.0800028,0.0394194,-0.053764,-0.00927531,0.0574127,
-0.0264245,-0.0282728,-0.0586082,-0.00197695,-0.0373895,0.0261351,0.0806046,0.0120679,0.0608691,0.0272523,-0.0370473,-0.0435528,0.00854603,0.0171772,-0.0657217,0.0200632,-0.0667316,-0.092465,0.00494771,-0.0404334,-0.0084189,-0.0751434,-0.0269645,-0.0873487,0.0606611,0.00300866,0.0638271,0.0624484,-0.0813594,-0.00851069,0.0709429,-0.0583875,-0.0878046,0.030656,0.0845772,0.0191924,0.0491818,0.00602716,0.0794339,0.0200299,0.000412698,0.0865998,0.0804926,0.0415683,0.0164209,-0.0592022,-0.0194292,0.0573998,0.0288636,-0.085835,0.0149513,0.0675113,0.00249078,0.0604379,0.0663673,0.0641932,0.020275,-0.0174392,-0.0680747,0.0298973,-0.025569,0.0294582,-0.0378768,0.0335267,-0.0817911,0.0592844,0.00764059,-0.0405484,0.0119434,-0.00456645,-0.0268775,-0.067846,0.0253498,0.0843595,0.0359726,0.00023661,0.0633752,0.050946,-0.0576753,0.0272715,-0.0167974,-0.0317843,0.0311135,0.015872,-0.0278774,0.0617135,0.0599764,0.0337339,0.0940538,0.0154356,0.0779467,-0.0377774,0.0277406,0.0746987,0.042803,-0.00404705,0.000297803,0.0438601,-0.0401221,0.0251295,-0.0140432,-0.0695414,-0.0154471,0.0630365,-0.0419752,0.0485226,-0.00231131,0.0646522,0.076225,-0.0873556,-0.0730897,0.0714772,-0.0462357,0.0376754,-0.017964,0.0341103,-0.0363572,0.0209492,0.0719155,-0.082311,0.0469065,0.0782232,0.0649853,-0.0660477,-0.0414088,-0.0791631,-0.0681841,0.0592653,-0.0264245,-0.0282728,-0.0586082,-0.00197695,-0.0373895,0.0261351,0.0806046,0.0120679,0.0608691,0.0272523,-0.0370473,-0.0435528,0.00854603,0.0171772,-0.0657217,0.0200632,-0.0667316,-0.092465,0.00494771,-0.0404334,-0.0084189,-0.0751434,-0.0269645,-0.0873487,0.0606611,0.00300866,0.0638271,0.0624484,-0.0813594,-0.00851069,0.0709429,-0.0583875,-0.0878046,0.030656,0.0845772,0.0191924,0.0491818,0.00602716,0.0794339,0.0200299,0.000412698,0.0865998,0.0804926,0.0415683,0.0164209,-0.0592022,-0.0194292,0.0573998,0.0288636,-0.085835,0.0149513,0.0675113,0.00249078,0.0604379,0.0663673,0.0641932,0.020275,-0.0174392,-0.0680747,0.0298973,-0.025569,0.0294582,-0.0378768,0.0335267,-0.0817911,0.0592844,0.00764059,-0.0405484,0.0119434,-0.00456645,-0.0268775,-0.067846,0.0253498,0.0843595,0.0359726,0.00023661,0.0633752,0.050946,-0.0576753,0.0272715,-0.0167974,-0.0317843,0.0311135,0.015872,-0.0278774,0.0617135,0.0599764,0.0337339,0.0940538,0.0154356,0.0779467,-0.0377774,0.0277406,0.0746987,0.042803,-0.00404705,0.000297803,0.0438601,-0.0401221,0.0251295,-0.0140432,-0.0695414,-0.0154471,0.0630365,-0.0419752,0.0485226,-0.00231131,0.0646522,0.076225,-0.0873556,-0.0730897,0.0714772,-0.0462357,0.0376754,-0.017964,0.0341103,-0.0363572,0.0209492,0.0719155,-0.082311,0.0469065,0.0782232,0.0649853,-0.0660477,-0.0414088,-0.0791631,-0.0681841,0.0592653,
0.0350601,-0.0702009,0.0263828,-0.008833,0.0606071,-0.0532428,0.0313776,0.0750697,-0.0574809,0.0385273,-0.0606436,0.0217679,0.0479051,-0.0694494,0.0660879,-0.00737673,-0.0839434,0.00190119,0.0317319,-0.0460464,0.0349152,-0.00238289,0.000126348,0.0140727,0.0726668,-0.0744694,0.0729152,0.0398044,0.044768,-0.0622949,0.0687957,-0.0666343,-0.029952,0.0282754,0.0796898,0.0232914,-0.0817587,-0.0389088,-0.037241,-0.0571727,-0.0436611,0.0503351,-0.0822338,0.0832958,-0.0359411,-0.0163538,0.0440452,-0.0545416,-0.0716387,-1.72923e-05,0.0766014,-0.0516902,-0.00740692,-0.0341996,0.0226448,-0.0818712,-0.0648115,0.00469033,0.0654321,0.0121498,-0.0704368,0.0818875,-0.0224331,0.0337633,0.0354095,-0.044569,-0.00376544,0.072022,-0.0556386,-0.0362045,-0.0192821,-0.0733608,0.0127565,0.0357983,-0.020136,-0.0206116,0.0627525,0.0689997,-0.0292092,-0.0125132,-0.0622556,-0.0167288,-0.0747494,0.0467018,0.0735889,0.0794242,0.0633125,0.0341727,0.0769558,0.0704931,0.0286158,0.0470314,-0.085245,0.0077599,0.0901181,0.00727532,0.0584787,0.0570821,0.0814795,-0.0220919,0.0405933,-0.00385016,-0.0625865,-0.041136,0.0769865,-0.0738994,0.00269366,0.0712868,0.081603,0.0537995,0.0879035,0.0505629,0.0898211,0.0411977,-0.0205648,0.0845249,-0.0384856,-0.0750692,0.0778199,0.0410967,-0.0549977,0.0293697,-0.00788454,0.0122649,-0.0840162,-0.0362157,-0.024424,-0.0426106,0.0350601,-0.0702009,0.0263828,-0.008833,0.0606071,-0.0532428,0.0313776,0.0750697,-0.0574809,0.0385273,-0.0606436,0.0217679,0.0479051,-0.0694494,0.0660879,-0.00737673,-0.0839434,0.00190119,0.0317319,-0.0460464,0.0349152,-0.00238289,0.000126348,0.0140727,0.0726668,-0.0744694,0.0729152,0.0398044,0.044768,-0.0622949,0.0687957,-0.0666343,-0.029952,0.0282754,0.0796898,0.0232914,-0.0817587,-0.0389088,-0.037241,-0.0571727,-0.0436611,0.0503351,-0.0822338,0.0832958,-0.0359411,-0.0163538,0.0440452,-0.0545416,-0.0716387,-1.72923e-05,0.0766014,-0.0516902,-0.00740692,-0.0341996,0.0226448,-0.0818712,-0.0648115,0.00469033,0.0654321,0.0121498,-0.0704368,0.0818875,-0.0224331,0.0337633,0.0354095,-0.044569,-0.00376544,0.072022,-0.0556386,-0.0362045,-0.0192821,-0.0733608,0.0127565,0.0357983,-0.020136,-0.0206116,0.0627525,0.0689997,-0.0292092,-0.0125132,-0.0622556,-0.0167288,-0.0747494,0.0467018,0.0735889,0.0794242,0.0633125,0.0341727,0.0769558,0.0704931,0.0286158,0.0470314,-0.085245,0.0077599,0.0901181,0.00727532,0.0584787,0.0570821,0.0814795,-0.0220919,0.0405933,-0.00385016,-0.0625865,-0.041136,0.0769865,-0.0738994,0.00269366,0.0712868,0.081603,0.0537995,0.0879035,0.0505629,0.0898211,0.0411977,-0.0205648,0.0845249,-0.0384856,-0.0750692,0.0778199,0.0410967,-0.0549977,0.0293697,-0.00788454,0.0122649,-0.0840162,-0.0362157,-0.024424,-0.0426106,
0.0707749,0.0334436,-0.0785326,-0.0320089,0.0647649,-0.0863072,0.096896,0.0421147,-0.0208784,-0.0776306,0.000606849,-0.0769815,0.00624447,-0.0827848,0.0489445,0.0586458,0.0303548,-0.0488441,0.019005,-0.0634135,0.0447313,0.0278617,-0.0617454,0.0752938,0.0807247,-0.0247575,-0.00637857,-0.0838188,0.0742927,0.0429549,0.0578233,0.0659405,-0.0898745,-0.071123,0.0775964,0.0426101,-0.0208428,-0.00047191,0.0210167,-0.0664094,0.0785011,-0.0507697,0.0134777,-0.0653293,0.0575635,0.0090007,-0.0605948,0.0204502,0.0215928,-0.0625194,0.0746972,0.046894,-0.00944634,0.0829435,-0.0131236,-0.00583959,0.0264072,0.065793,-0.0596857,0.0479578,-0.00831385,0.0748049,-0.0621931,0.0570528,0.0387597,-0.0913245,-0.0161062,-0.0818254,0.0201431,-0.0195009,-0.0164992,-0.00955088,-0.0858463,-0.0356823,0.0772732,-0.0360094,0.0657154,-0.0538007,-0.042028,-0.0115706,0.00963896,0.0310047,0.0117019,0.0240476,0.00992576,-0.0346108,0.00612737,-0.0376232,-0.078399,-0.00184156,0.0797627,-0.0575247,-0.0646347,0.0810935,-0.0589698,-0.017157,-0.0668981,0.087197,0.0809146,-0.0595074,0.0403619,0.0217297,-0.0427974,0.00449555,-0.0271045,0.0583088,-0.0744136,-0.0615717,-0.0129389,0.0282362,-0.061799,-0.0336349,-0.00249981,-0.055598,0.00121307,0.0547327,0.00810887,0.0523089,-0.0654284,0.0194858,0.000953313,-0.052449,-0.00388732,0.071655,-0.00568823,0.0611394,0.0249671,-0.0757793,0.0707749,0.0334436,-0.0785326,-0.0320089,0.0647649,-0.0863072,0.096896,0.0421147,-0.0208784,-0.0776306,0.000606849,-0.0769815,0.00624447,-0.0827848,0.0489445,0.0586458,0.0303548,-0.0488441,0.019005,-0.0634135,0.0447313,0.0278617,-0.0617454,0.0752938,0.0807247,-0.0247575,-0.00637857,-0.0838188,0.0742927,0.0429549,0.0578233,0.0659405,-0.0898745,-0.071123,0.0775964,0.0426101,-0.0208428,-0.00047191,0.0210167,-0.0664094,0.0785011,-0.0507697,0.0134777,-0.0653293,0.0575635,0.0090007,-0.0605948,0.0204502,0.0215928,-0.0625194,0.0746972,0.046894,-0.00944634,0.0829435,-0.0131236,-0.00583959,0.0264072,0.065793,-0.0596857,0.0479578,-0.00831385,0.0748049,-0.0621931,0.0570528,0.0387597,-0.0913245,-0.0161062,-0.0818254,0.0201431,-0.0195009,-0.0164992,-0.00955088,-0.0858463,-0.0356823,0.0772732,-0.0360094,0.0657154,-0.0538007,-0.042028,-0.0115706,0.00963896,0.0310047,0.0117019,0.0240476,0.00992576,-0.0346108,0.00612737,-0.0376232,-0.078399,-0.00184156,0.0797627,-0.0575247,-0.0646347,0.0810935,-0.0589698,-0.017157,-0.0668981,0.087197,0.0809146,-0.0595074,0.0403619,0.0217297,-0.0427974,0.00449555,-0.0271045,0.0583088,-0.0744136,-0.0615717,-0.0129389,0.0282362,-0.061799,-0.0336349,-0.00249981,-0.055598,0.00121307,0.0547327,0.00810887,0.0523089,-0.0654284,0.0194858,0.000953313,-0.052449,-0.00388732,0.071655,-0.00568823,0.0611394,0.0249671,-0.0757793,
0.0391735,0.0806219,0.0415708,0.0607172,-0.0790865,-0.0817083,-0.0735928,0.0188811,-0.0471342,0.00309249,0.0168974,-0.070587,0.0280292,-0.0701846,-0.0798721,0.0277898,0.00281225,0.01509,-0.0771509,0.0830335,-0.0685457,0.0220258,0.0467877,0.0514496,0.0378234,-0.00458433,0.071946,-0.0275712,-0.063036,0.0107812,0.0452641,-0.0734253,0.0683586,-0.0326038,0.080811,-0.0704656,0.024359,-0.00373494,-0.0805248,0.0164951,-0.0650489,-0.0471218,-0.00637536,0.0078619,0.0383232,-0.00325188,-0.0733042,-0.0866602,-0.0110388,-0.0328236,-0.0235957,-0.0528156,0.0523136,0.0457405,-0.0544497,-0.0484742,0.0299067,-0.0194825,0.0594793,-0.0629459,-0.0668238,0.0844368,0.0210273,-0.0909263,0.0232527,0.0657518,0.00719145,-0.0110858,-0.0143332,-0.0661644,-0.00860023,-0.0166701,0.004098,0.0503114,0.0826081,-0.0288119,-0.0259024,0.0531783,0.0684679,0.0667939,-0.0743541,0.0624124,-0.0479983,-0.055202,-0.0530404,0.0112893,0.0659351,0.00439936,-0.00385358,-0.0385595,-0.00950438,0.0621275,-0.0789709,-0.0603074,-0.015115,0.0583763,-0.0828456,-0.0644043,-0.0613239,0.0433008,0.0252101,-0.0694257,0.038091,0.0728336,-0.0448049,0.000877846,-0.0635957,0.0674729,-0.0554324,0.031891,-0.0854052,0.0678378,0.0251191,0.0604063,-0.0837008,0.0723011,0.0391902,-0.0543439,0.0633508,-0.00496607,-0.0737624,0.087344,-0.0612302,-0.0501031,0.070648,-0.0163947,-0.0754866,0.0712421,0.0391735,0.0806219,0.0415708,0.0607172,-0.0790865,-0.0817083,-0.0735928,0.0188811,-0.0471342,0.00309249,0.0168974,-0.070587,0.0280292,-0.0701846,-0.0798721,0.0277898,0.00281225,0.01509,-0.0771509,0.0830335,-0.0685457,0.0220258,0.0467877,0.0514496,0.0378234,-0.00458433,0.071946,-0.0275712,-0.063036,0.0107812,0.0452641,-0.0734253,0.0683586,-0.0326038,0.080811,-0.0704656,0.024359,-0.00373494,-0.0805248,0.0164951,-0.0650489,-0.0471218,-0.00637536,0.0078619,0.0383232,-0.00325188,-0.0733042,-0.0866602,-0.0110388,-0.0328236,-0.0235957,-0.0528156,0.0523136,0.0457405,-0.0544497,-0.0484742,0.0299067,-0.0194825,0.0594793,-0.0629459,-0.0668238,0.0844368,0.0210273,-0.0909263,0.0232527,0.0657518,0.00719145,-0.0110858,-0.0143332,-0.0661644,-0.00860023,-0.0166701,0.004098,0.0503114,0.0826081,-0.0288119,-0.0259024,0.0531783,0.0684679,0.0667939,-0.0743541,0.0624124,-0.0479983,-0.055202,-0.0530404,0.0112893,0.0659351,0.00439936,-0.00385358,-0.0385595,-0.00950438,0.0621275,-0.0789709,-0.0603074,-0.015115,0.0583763,-0.0828456,-0.0644043,-0.0613239,0.0433008,0.0252101,-0.0694257,0.038091,0.0728336,-0.0448049,0.000877846,-0.0635957,0.0674729,-0.0554324,0.031891,-0.0854052,0.0678378,0.0251191,0.0604063,-0.0837008,0.0723011,0.0391902,-0.0543439,0.0633508,-0.00496607,-0.0737624,0.087344,-0.0612302,-0.0501031,0.070648,-0.0163947,-0.0754866,0.0712421,
0.042892,0.0184126,0.060422,0.0122476,0.0535382,0.0109442,0.0260552,-0.0846101,-0.00475596,0.0196617,-0.00638207,-0.0165658,-0.0346838,-0.0588344,0.0613542,-0.0698004,-0.0368109,-0.0193389,0.0152546,-0.0651994,0.0397547,-0.0377817,0.0108022,0.0341512,0.00778528,-0.0262558,0.0589054,-0.0920928,-0.0411882,0.0520507,-0.0174589,0.0774782,-0.0578107,-0.00835197,-0.0178196,-0.0837335,0.0549306,0.0236694,-0.0159151,0.0896156,0.0376195,0.0518827,0.0891358,-0.0164885,-0.0211341,0.0456732,-0.0301165,0.0734848,0.00391516,0.0262815,-0.00152268,-0.066662,-0.0196842,-0.012611,-0.0383724,0.0639413,0.0742796,-0.0324355,-0.0595094,-0.0730333,-0.0843837,0.0270826,-0.0436056,-0.0650581,0.0599905,-0.0440439,0.0369076,-0.0776555,-0.012917,-0.0551087,-0.0337245,0.049153,-0.0026233,0.00892989,0.0729602,0.0544439,-0.0257065,-0.0116409,-0.0682335,-0.0517218,-0.00315599,-0.0115935,-0.0574591,0.00159233,0.0205973,0.08718,0.0715669,-0.0118822,0.0631106,-0.0579211,-0.063391,0.0291863,-0.0696789,-0.0712187,0.000363362,-0.03825,-0.0333777,-0.00321515,-0.0590635,0.0703115,-0.0246501,0.0241465,0.0614744,0.0650065,0.0484051,-0.00226544,-0.0473153,-0.0144955,0.0855742,0.0701843,-0.0947176,-0.0565787,0.00880345,0.0661299,-0.0540985,0.0615752,0.0857243,0.0636064,-0.0787753,0.0491142,-0.024625,-0.0492334,-0.061096,0.00995103,0.00266355,0.0482683,0.0125148,-0.0676492,0.042892,0.0184126,0.060422,0.0122476,0.0535382,0.0109442,0.0260552,-0.0846101,-0.00475596,0.0196617,-0.00638207,-0.0165658,-0.0346838,-0.0588344,0.0613542,-0.0698004,-0.0368109,-0.0193389,0.0152546,-0.0651994,0.0397547,-0.0377817,0.0108022,0.0341512,0.00778528,-0.0262558,0.0589054,-0.0920928,-0.0411882,0.0520507,-0.0174589,0.0774782,-0.0578107,-0.00835197,-0.0178196,-0.0837335,0.0549306,0.0236694,-0.0159151,0.0896156,0.0376195,0.0518827,0.0891358,-0.0164885,-0.0211341,0.0456732,-0.0301165,0.0734848,0.00391516,0.0262815,-0.00152268,-0.066662,-0.0196842,-0.012611,-0.0383724,0.0639413,0.0742796,-0.0324355,-0.0595094,-0.0730333,-0.0843837,0.0270826,-0.0436056,-0.0650581,0.0599905,-0.0440439,0.0369076,-0.0776555,-0.012917,-0.0551087,-0.0337245,0.049153,-0.0026233,0.00892989,0.0729602,0.0544439,-0.0257065,-0.0116409,-0.0682335,-0.0517218,-0.00315599,-0.0115935,-0.0574591,0.00159233,0.0205973,0.08718,0.0715669,-0.0118822,0.0631106,-0.0579211,-0.063391,0.0291863,-0.0696789,-0.0712187,0.000363362,-0.03825,-0.0333777,-0.00321515,-0.0590635,0.0703115,-0.0246501,0.0241465,0.0614744,0.0650065,0.0484051,-0.00226544,-0.0473153,-0.0144955,0.0855742,0.0701843,-0.0947176,-0.0565787,0.00880345,0.0661299,-0.0540985,0.0615752,0.0857243,0.0636064,-0.0787753,0.0491142,-0.024625,-0.0492334,-0.061096,0.00995103,0.00266355,0.0482683,0.0125148,-0.0676492,
0.0395905,-0.0912303,-0.0353163,0.0746485,-0.04116,-0.00759234,-0.0516636,0.0922591,-0.0791106,0.0334966,-0.0205648,0.0733512,0.0420605,-0.00696771,-0.0538881,-0.0496663,0.0115986,0.0284642,0.062751,-0.082577,0.0946262,0.041612,0.0360975,-0.018468,-0.060491,0.0354414,0.0260627,0.0291486,0.0705576,-0.0797743,-0.0855235,0.0730199,-0.0162919,-0.0573042,0.0341518,-0.0157494,0.0360118,-0.0890932,0.0270164,0.0121793,-0.0531631,0.0690418,0.0621696,-0.0500881,-0.0462521,-0.0228423,0.0264687,0.00244956,0.00841851,0.0686066,-0.025869,0.0703811,-0.0788318,0.0753452,-0.0189589,-0.0130276,-0.0544012,-0.0116355,-0.032114,-0.0873542,-0.0355582,0.0829808,0.0237132,-0.0745095,0.0455543,0.017177,0.0543517,-0.0885703,-0.0864034,-0.032065,-0.0884635,-0.0681081,0.0187904,-0.065793,0.045752,0.00594857,0.0714398,-0.0625586,-0.0332028,0.0630343,0.00972443,-0.0137438,-0.0284367,0.0473426,-0.00116233,-0.0859106,-0.0610276,0.0709063,-0.00492642,-0.0040398,-0.0706928,0.0420044,0.0627074,0.0301601,0.0804423,0.00686774,0.063227,-0.0610156,0.0859644,0.0307461,-0.0852233,0.0225043,-0.0541453,-0.0728941,0.0818013,0.0123901,-0.00244735,-0.030542,-0.00172966,0.0427925,-0.0551894,0.0518226,-0.0628792,0.0787737,0.0340769,0.0292992,-0.0718463,-0.0124812,-0.0501883,0.00926319,-0.0296435,-0.0213884,0.0712884,-0.0888828,-0.00466012,-0.0677723,0.0108686,0.0630417,0.0395905,-0.0912303,-0.0353163,0.0746485,-0.04116,-0.00759234,-0.0516636,0.0922591,-0.0791106,0.0334966,-0.0205648,0.0733512,0.0420605,-0.00696771,-0.0538881,-0.0496663,0.0115986,0.0284642,0.062751,-0.082577,0.0946262,0.041612,0.0360975,-0.018468,-0.060491,0.0354414,0.0260627,0.0291486,0.0705576,-0.0797743,-0.0855235,0.0730199,-0.0162919,-0.0573042,0.0341518,-0.0157494,0.0360118,-0.0890932,0.0270164,0.0121793,-0.0531631,0.0690418,0.0621696,-0.0500881,-0.0462521,-0.0228423,0.0264687,0.00244956,0.00841851,0.0686066,-0.025869,0.0703811,-0.0788318,0.0753452,-0.0189589,-0.0130276,-0.0544012,-0.0116355,-0.032114,-0.0873542,-0.0355582,0.0829808,0.0237132,-0.0745095,0.0455543,0.017177,0.0543517,-0.0885703,-0.0864034,-0.032065,-0.0884635,-0.0681081,0.0187904,-0.065793,0.045752,0.00594857,0.0714398,-0.0625586,-0.0332028,0.0630343,0.00972443,-0.0137438,-0.0284367,0.0473426,-0.00116233,-0.0859106,-0.0610276,0.0709063,-0.00492642,-0.0040398,-0.0706928,0.0420044,0.0627074,0.0301601,0.0804423,0.00686774,0.063227,-0.0610156,0.0859644,0.0307461,-0.0852233,0.0225043,-0.0541453,-0.0728941,0.0818013,0.0123901,-0.00244735,-0.030542,-0.00172966,0.0427925,-0.0551894,0.0518226,-0.0628792,0.0787737,0.0340769,0.0292992,-0.0718463,-0.0124812,-0.0501883,0.00926319,-0.0296435,-0.0213884,0.0712884,-0.0888828,-0.00466012,-0.0677723,0.0108686,0.0630417,
0.026924,0.0463929,-0.0678564,0.00384289,-0.00378042,0.0545039,-0.0726766,-0.00574599,-0.0421896,-0.0391909,-0.0560396,0.011997,0.0360883,0.0152037,0.0773776,-0.0421767,0.0512189,-0.070099,0.077831,0.0518252,-0.0109029,-0.027803,0.0148852,-0.00129755,-0.000533813,-0.0587918,-0.0418587,0.0186186,0.0363511,0.0269285,-0.0478886,0.0212594,-0.041581,-0.0322671,-0.062815,-0.0132233,0.0268233,0.00845834,0.0683881,0.0582787,0.0510074,0.0875301,0.0300613,-0.0488706,-0.0606266,0.0691519,-0.0706316,0.0322623,-0.0701488,0.0589931,0.0563675,-0.0256525,-0.0615782,0.0380307,0.0148296,0.0672473,0.00286923,-0.070587,-0.027692,-0.00821271,-0.0781673,-0.0210863,-0.0449938,-0.0178768,-0.00872453,-0.0346975,-0.0780063,0.0769006,0.0574646,0.0315467,0.00900849,-0.0706687,0.0178504,0.0076005,0.0388947,-0.0914965,0.0808013,-0.0510319,-0.0216775,-0.0467909,0.00677375,0.0773816,0.0285612,-0.0490973,0.0698219,-0.0522606,0.0796491,0.0316479,0.0438047,0.0424714,-0.074839,-0.00165118,0.0166893,-0.0772743,0.00599831,0.0696417,0.0352754,0.0059897,-0.067004,-0.0597772,-0.0154809,-0.0791023,0.085735,0.076735,-0.0711167,0.0433394,0.079116,-0.0233712,0.0529077,0.0476104,0.0588403,0.0459763,-0.0388506,-0.000954733,0.05416,0.0810635,-0.050254,0.064336,0.0302534,-0.0865784,-0.0597632,-0.0844783,-0.0290407,0.0774214,0.00047706,0.0711464,-0.0240495,0.0856688,0.026924,0.0463929,-0.0678564,0.00384289,-0.00378042,0.0545039,-0.0726766,-0.00574599,-0.0421896,-0.0391909,-0.0560396,0.011997,0.0360883,0.0152037,0.0773776,-0.0421767,0.0512189,-0.070099,0.077831,0.0518252,-0.0109029,-0.027803,0.0148852,-0.00129755,-0.000533813,-0.0587918,-0.0418587,0.0186186,0.0363511,0.0269285,-0.0478886,0.0212594,-0.041581,-0.0322671,-0.062815,-0.0132233,0.0268233,0.00845834,0.0683881,0.0582787,0.0510074,0.0875301,0.0300613,-0.0488706,-0.0606266,0.0691519,-0.0706316,0.0322623,-0.0701488,0.0589931,0.0563675,-0.0256525,-0.0615782,0.0380307,0.0148296,0.0672473,0.00286923,-0.070587,-0.027692,-0.00821271,-0.0781673,-0.0210863,-0.0449938,-0.0178768,-0.00872453,-0.0346975,-0.0780063,0.0769006,0.0574646,0.0315467,0.00900849,-0.0706687,0.0178504,0.0076005,0.0388947,-0.0914965,0.0808013,-0.0510319,-0.0216775,-0.0467909,0.00677375,0.0773816,0.0285612,-0.0490973,0.0698219,-0.0522606,0.0796491,0.0316479,0.0438047,0.0424714,-0.074839,-0.00165118,0.0166893,-0.0772743,0.00599831,0.0696417,0.0352754,0.0059897,-0.067004,-0.0597772,-0.0154809,-0.0791023,0.085735,0.076735,-0.0711167,0.0433394,0.079116,-0.0233712,0.0529077,0.0476104,0.0588403,0.0459763,-0.0388506,-0.000954733,0.05416,0.0810635,-0.050254,0.064336,0.0302534,-0.0865784,-0.0597632,-0.0844783,-0.0290407,0.0774214,0.00047706,0.0711464,-0.0240495,0.0856688,
-0.0341809,0.0201612,-0.0153987,0.0806428,-0.0290087,0.0772932,0.0673047,-0.0843469,-0.0535802,-0.0680408,-0.0244379,-0.0353476,0.0230142,-0.076684,-0.0711542,0.00130338,-0.0432106,-0.0745984,-0.0552407,0.0902654,-0.073002,-0.0713699,0.0587024,-0.0834903,0.00650202,0.0377443,-0.030574,-0.0527533,-0.0823802,-0.0756851,0.0278403,-0.0423565,0.00698669,0.0112315,-0.0847895,0.0745629,-0.0269871,0.0225963,-0.0756617,0.0716174,0.0498697,0.0310365,0.076746,0.00894529,-0.0508828,0.0022253,-0.0164908,0.0636776,0.0162232,0.00736593,-0.0365598,-0.0527857,-0.0343493,-0.0196414,0.0221051,-0.0865343,-0.0803824,-0.00571085,0.00466557,-0.0886056,0.0494076,-0.0274819,-0.0548383,0.0208821,-0.0271443,-0.0411911,-0.036118,0.0624821,0.0189622,0.0472476,-0.0171566,0.0819112,0.0437713,0.0847284,-0.0119651,0.0214228,-0.023247,-0.052753,0.0505514,0.0538047,0.0673057,-0.0340102,-3.54815e-05,-0.0145282,0.0642399,0.0797017,-0.0358835,0.0899265,0.0412397,-0.0841725,-0.0493121,0.0216855,0.056729,-0.00183804,0.0762661,0.0107984,-0.0695969,0.0153795,0.0152769,0.047096,0.0713108,0.0743259,0.0870647,-0.069656,0.059859,0.0261172,-0.0767541,0.0295725,-0.0313162,0.0714212,-0.0791536,-0.075459,0.0750651,0.0913518,-0.00340454,-0.0180536,0.0744139,0.0614642,-0.00477965,0.0514069,-0.0149424,0.00329088,-0.0763706,-0.0579987,0.0153381,-0.0596279,-9.28284e-05,-0.0330824,-0.0341809,0.0201612,-0.0153987,0.0806428,-0.0290087,0.0772932,0.0673047,-0.0843469,-0.0535802,-0.0680408,-0.0244379,-0.0353476,0.0230142,-0.076684,-0.0711542,0.00130338,-0.0432106,-0.0745984,-0.0552407,0.0902654,-0.073002,-0.0713699,0.0587024,-0.0834903,0.00650202,0.0377443,-0.030574,-0.0527533,-0.0823802,-0.0756851,0.0278403,-0.0423565,0.00698669,0.0112315,-0.0847895,0.0745629,-0.0269871,0.0225963,-0.0756617,0.0716174,0.0498697,0.0310365,0.076746,0.00894529,-0.0508828,0.0022253,-0.0164908,0.0636776,0.0162232,0.00736593,-0.0365598,-0.0527857,-0.0343493,-0.0196414,0.0221051,-0.0865343,-0.0803824,-0.00571085,0.00466557,-0.0886056,0.0494076,-0.0274819,-0.0548383,0.0208821,-0.0271443,-0.0411911,-0.036118,0.0624821,0.0189622,0.0472476,-0.0171566,0.0819112,0.0437713,0.0847284,-0.0119651,0.0214228,-0.023247,-0.052753,0.0505514,0.0538047,0.0673057,-0.0340102,-3.54815e-05,-0.0145282,0.0642399,0.0797017,-0.0358835,0.0899265,0.0412397,-0.0841725,-0.0493121,0.0216855,0.056729,-0.00183804,0.0762661,0.0107984,-0.0695969,0.0153795,0.0152769,0.047096,0.0713108,0.0743259,0.0870647,-0.069656,0.059859,0.0261172,-0.0767541,0.0295725,-0.0313162,0.0714212,-0.0791536,-0.075459,0.0750651,0.0913518,-0.00340454,-0.0180536,0.0744139,0.0614642,-0.00477965,0.0514069,-0.0149424,0.00329088,-0.0763706,-0.0579987,0.0153381,-0.0596279,-9.28284e-05,-0.0330824,
-0.0168162,-0.045597,-0.0284325,-0.0666041,-0.000648541,0.07564,0.0586083,-0.036156,0.0142296,-0.0822909,-0.0442807,0.0795084,0.049017,0.0422037,-0.0206253,-0.0294921,0.0534909,0.05562,0.00242259,0.0686111,0.0462199,0.0676176,-0.049612,0.0661831,-0.0134938,0.0227595,-0.0328814,0.00797774,0.0624072,0.0361454,-0.000360357,-0.00318122,0.0756759,0.0861731,0.0129185,0.04904,0.0435604,0.0285074,-0.000998716,0.0368889,-0.01147,0.0752986,-0.0106647,-0.0841358,-0.03062,0.0669963,0.0306548,-0.071393,-0.00415387,-0.056023,0.0584362,0.00665525,0.0400099,-0.0371264,0.0366882,-0.0369704,0.0274608,-0.0726376,0.0376347,0.0695285,-0.0710989,-0.0397241,-0.0759726,0.0345024,0.0587342,-0.0725212,-0.0220891,0.00781048,-0.0165115,-0.0685551,0.0154618,0.0803852,0.0410831,-0.0743245,-0.0389167,0.0113977,-0.0593281,-0.0900022,-0.00322577,0.0660201,0.0372231,-0.0420034,0.0109488,0.0846846,0.0864374,-0.0446433,-0.053548,0.0535922,-0.0539178,0.0450868,-0.0150153,0.0519842,0.0275691,-0.0785648,0.0191492,0.0739533,-0.0181897,-0.059538,-0.0567007,-0.0791549,-0.00861131,-0.0698577,-0.0668283,0.00698008,0.0591879,0.0149795,-0.014123,0.0907457,-0.00410814,-0.0713549,0.0564773,-0.033567,-0.0457515,0.0769804,-0.0407882,-0.0484137,-0.050794,-0.0397864,-0.0427685,0.0687791,-0.044522,-0.0704019,0.0578268,0.0797876,-0.0284168,0.00199346,0.00600485,-0.0602882,-0.0168162,-0.045597,-0.0284325,-0.0666041,-0.000648541,0.07564,0.0586083,-0.036156,0.0142296,-0.0822909,-0.0442807,0.0795084,0.049017,0.0422037,-0.0206253,-0.0294921,0.0534909,0.05562,0.00242259,0.0686111,0.0462199,0.0676176,-0.049612,0.0661831,-0.0134938,0.0227595,-0.0328814,0.00797774,0.0624072,0.0361454,-0.000360357,-0.00318122,0.0756759,0.0861731,0.0129185,0.04904,0.0435604,0.0285074,-0.000998716,0.0368889,-0.01147,0.0752986,-0.0106647,-0.0841358,-0.03062,0.0669963,0.0306548,-0.071393,-0.00415387,-0.056023,0.0584362,0.00665525,0.0400099,-0.0371264,0.0366882,-0.0369704,0.0274608,-0.0726376,0.0376347,0.0695285,-0.0710989,-0.0397241,-0.0759726,0.0345024,0.0587342,-0.0725212,-0.0220891,0.00781048,-0.0165115,-0.0685551,0.0154618,0.0803852,0.0410831,-0.0743245,-0.0389167,0.0113977,-0.0593281,-0.0900022,-0.00322577,0.0660201,0.0372231,-0.0420034,0.0109488,0.0846846,0.0864374,-0.0446433,-0.053548,0.0535922,-0.0539178,0.0450868,-0.0150153,0.0519842,0.0275691,-0.0785648,0.0191492,0.0739533,-0.0181897,-0.059538,-0.0567007,-0.0791549,-0.00861131,-0.0698577,-0.0668283,0.00698008,0.0591879,0.0149795,-0.014123,0.0907457,-0.00410814,-0.0713549,0.0564773,-0.033567,-0.0457515,0.0769804,-0.0407882,-0.0484137,-0.050794,-0.0397864,-0.0427685,0.0687791,-0.044522,-0.0704019,0.0578268,0.0797876,-0.0284168,0.00199346,0.00600485,-0.0602882,
-0.0104002,-0.0156412,-0.00976938,-0.0209203,-0.0781992,-0.0505209,0.055326,0.00982719,0.00294061,-0.0540658,0.053341,-0.0198106,-0.0392374,0.0215472,0.0466514,0.0193434,-0.00812417,-0.0551404,0.0648967,-0.0840329,-0.0747855,0.0766009,0.0601558,-0.0302839,-0.0151535,0.00903077,0.0635889,-0.0584188,-0.0608493,0.0290433,-0.0824332,0.0353011,-0.00291909,0.0110083,0.0649277,0.0744401,0.0123136,-0.0827486,0.0282261,-0.0775336,-0.0339088,-0.0294809,0.0619548,0.0750276,-0.0955497,0.0466148,-0.0193731,0.046957,0.0809936,0.0637734,0.019496,-0.0524324,0.0185965,0.0788813,0.0271817,0.0333816,0.0865726,0.0333874,-0.0692641,0.0238631,-0.0160824,0.0189741,0.0366145,0.0831828,-0.0662473,-0.0372985,0.0605382,-0.0536379,0.0715708,-0.0702286,-0.0543881,0.0399237,0.0272848,0.00490948,0.0062723,-0.0508853,-0.0651609,0.0382685,-0.0747945,-0.083452,0.082075,-0.00770543,0.00399583,-0.00223216,0.048166,0.0597459,-0.0504306,-0.0461336,-0.0153275,-0.0796946,-0.0581739,-0.00149883,0.0487406,-0.0122855,-0.0258897,-0.0307799,-0.0887679,0.0649306,-0.0720281,-0.0605912,-0.0737249,-0.0273541,0.0298294,-0.00512251,0.0906473,0.0733158,-0.066471,0.0152361,-0.0613041,-0.0461185,0.0178226,0.0690029,0.0508926,0.00472553,0.0460652,-0.0725008,0.0291572,0.0414852,0.0750575,0.0216851,-0.0335679,-0.00461177,0.0304181,0.0700941,-0.0761993,0.0467313,-0.0530233,-0.0394479,-0.0104002,-0.0156412,-0.00976938,-0.0209203,-0.0781992,-0.0505209,0.055326,0.00982719,0.00294061,-0.0540658,0.053341,-0.0198106,-0.0392374,0.0215472,0.0466514,0.0193434,-0.00812417,-0.0551404,0.0648967,-0.0840329,-0.0747855,0.0766009,0.0601558,-0.0302839,-0.0151535,0.00903077,0.0635889,-0.0584188,-0.0608493,0.0290433,-0.0824332,0.0353011,-0.00291909,0.0110083,0.0649277,0.0744401,0.0123136,-0.0827486,0.0282261,-0.0775336,-0.0339088,-0.0294809,0.0619548,0.0750276,-0.0955497,0.0466148,-0.0193731,0.046957,0.0809936,0.0637734,0.019496,-0.0524324,0.0185965,0.0788813,0.0271817,0.0333816,0.0865726,0.0333874,-0.0692641,0.0238631,-0.0160824,0.0189741,0.0366145,0.0831828,-0.0662473,-0.0372985,0.0605382,-0.0536379,0.0715708,-0.0702286,-0.0543881,0.0399237,0.0272848,0.00490948,0.0062723,-0.0508853,-0.0651609,0.0382685,-0.0747945,-0.083452,0.082075,-0.00770543,0.00399583,-0.00223216,0.048166,0.0597459,-0.0504306,-0.0461336,-0.0153275,-0.0796946,-0.0581739,-0.00149883,0.0487406,-0.0122855,-0.0258897,-0.0307799,-0.0887679,0.0649306,-0.0720281,-0.0605912,-0.0737249,-0.0273541,0.0298294,-0.00512251,0.0906473,0.0733158,-0.066471,0.0152361,-0.0613041,-0.0461185,0.0178226,0.0690029,0.0508926,0.00472553,0.0460652,-0.0725008,0.0291572,0.0414852,0.0750575,0.0216851,-0.0335679,-0.00461177,0.0304181,0.0700941,-0.0761993,0.0467313,-0.0530233,-0.0394479,
-0.0314741,-0.0793388,-0.0739227,-0.0191971,0.0348244,0.0491281,-0.0899396,-0.0761888,0.0822669,0.051495,0.0238112,-0.067333,0.0661517,0.0686465,0.0515835,-0.00331864,0.0678195,0.0823061,0.0263314,0.0492862,0.052997,0.0518513,-0.0708976,-0.0448042,0.00233154,0.0461189,0.0231526,0.0708306,0.0493463,-0.0878863,-0.0126637,-0.00830674,-0.0723798,0.0658868,0.00894,-0.0470765,0.0166583,-0.0605684,-0.0389571,0.000230687,-0.0536252,0.0115065,0.0300885,0.0237448,-0.0467724,-0.000451733,-0.0737256,0.0815066,-0.00410459,0.0805857,0.00247961,0.0843201,0.00379333,0.086313,0.0603663,0.0336354,-0.0364596,-0.0689697,0.0389658,0.0685422,-0.0853408,0.028275,-0.0289167,0.0449357,-0.00676692,-0.0345019,0.0620409,-0.0600736,0.00298141,0.00916359,0.0528342,0.0224225,0.0668721,0.0522655,-0.0615494,-0.0401181,0.0158599,-0.0803619,-0.0891152,0.00305801,0.0630852,0.0746235,0.0456749,-0.0450063,-0.0714158,-0.0529802,0.054496,-0.0206166,-0.0030303,-0.000990788,-0.00660855,-0.0885876,0.0689359,0.0184434,-0.010172,0.0768355,0.0230012,-0.0237967,-0.0768545,0.0526459,-0.0479785,-0.0746701,-0.0158669,0.0139663,0.0204584,0.0106426,-0.0443944,0.0151791,0.0656769,-0.0374156,0.0814816,-0.0285746,-0.0242795,-0.0585874,0.0782695,0.0182203,0.0614813,0.0322867,0.0569533,-0.00148795,-0.0116164,0.050207,-0.0350324,0.0145285,-0.0512402,0.021342,0.0148841,-0.0342138,-0.0314741,-0.0793388,-0.0739227,-0.0191971,0.0348244,0.0491281,-0.0899396,-0.0761888,0.0822669,0.051495,0.0238112,-0.067333,0.0661517,0.0686465,0.0515835,-0.00331864,0.0678195,0.0823061,0.0263314,0.0492862,0.052997,0.0518513,-0.0708976,-0.0448042,0.00233154,0.0461189,0.0231526,0.0708306,0.0493463,-0.0878863,-0.0126637,-0.00830674,-0.0723798,0.0658868,0.00894,-0.0470765,0.0166583,-0.0605684,-0.0389571,0.000230687,-0.0536252,0.0115065,0.0300885,0.0237448,-0.0467724,-0.000451733,-0.0737256,0.0815066,-0.00410459,0.0805857,0.00247961,0.0843201,0.00379333,0.086313,0.0603663,0.0336354,-0.0364596,-0.0689697,0.0389658,0.0685422,-0.0853408,0.028275,-0.0289167,0.0449357,-0.00676692,-0.0345019,0.0620409,-0.0600736,0.00298141,0.00916359,0.0528342,0.0224225,0.0668721,0.0522655,-0.0615494,-0.0401181,0.0158599,-0.0803619,-0.0891152,0.00305801,0.0630852,0.0746235,0.0456749,-0.0450063,-0.0714158,-0.0529802,0.054496,-0.0206166,-0.0030303,-0.000990788,-0.00660855,-0.0885876,0.0689359,0.0184434,-0.010172,0.0768355,0.0230012,-0.0237967,-0.0768545,0.0526459,-0.0479785,-0.0746701,-0.0158669,0.0139663,0.0204584,0.0106426,-0.0443944,0.0151791,0.0656769,-0.0374156,0.0814816,-0.0285746,-0.0242795,-0.0585874,0.0782695,0.0182203,0.0614813,0.0322867,0.0569533,-0.00148795,-0.0116164,0.050207,-0.0350324,0.0145285,-0.0512402,0.021342,0.0148841,-0.0342138,
0.0106222,-0.0580929,-0.0810352,-0.0491995,0.0271961,-0.016078,0.00772437,-0.014693,0.044298,-0.0232033,0.0503403,0.0602222,0.0682345,-0.0816874,0.0576078,-0.071179,0.0584147,0.037272,0.0830363,-0.0424611,-0.0128256,-0.0486017,-0.00969881,-0.0850121,-0.0244547,-0.00741457,-0.0858213,0.00788926,0.051876,-0.0133242,-0.0505408,0.0419809,0.0607397,0.0690356,0.0261031,0.0505408,0.075521,0.0509056,0.0244668,0.0844341,0.0722617,-0.0363444,0.0475135,-0.0580217,0.00627206,0.0414102,0.0434811,0.0301509,-0.0231876,-0.0238166,-0.0356712,0.0760544,0.00873526,-0.0134456,-0.0577451,-0.0217688,0.00743253,0.0691552,-0.0570691,0.0823719,0.0629892,-0.0895187,0.0324597,-0.0743031,-0.031691,-0.0836351,-0.0184483,-0.0217607,0.0379744,-0.0126696,0.0701814,0.0586149,-0.0865946,0.0643626,0.00521438,0.0659155,0.012054,-0.0632169,0.0397568,0.0590851,-0.0842501,-0.0555666,0.0296811,0.0685077,0.089244,0.00692854,-0.041255,0.00871067,-0.0762995,-0.0211932,0.0517927,0.0486819,-0.00768682,0.0331837,0.0111984,0.0805772,-0.0407103,-0.0797174,0.0312502,-0.0267859,-0.068012,-0.0688549,-0.0444618,0.0855546,0.0377364,0.0893416,-0.0687338,0.0208172,-0.0425114,0.0598103,0.0535994,-0.0485425,0.00436644,0.0597213,-0.00921011,0.0370431,-0.0335063,0.0750739,-0.0712804,-0.0286609,-0.0106408,-0.0668954,-0.0780193,-0.0481973,0.0584285,-0.0562655,-0.0120344,0.02239,0.0106222,-0.0580929,-0.0810352,-0.0491995,0.0271961,-0.016078,0.00772437,-0.014693,0.044298,-0.0232033,0.0503403,0.0602222,0.0682345,-0.0816874,0.0576078,-0.071179,0.0584147,0.037272,0.0830363,-0.0424611,-0.0128256,-0.0486017,-0.00969881,-0.0850121,-0.0244547,-0.00741457,-0.0858213,0.00788926,0.051876,-0.0133242,-0.0505408,0.0419809,0.0607397,0.0690356,0.0261031,0.0505408,0.075521,0.0509056,0.0244668,0.0844341,0.0722617,-0.0363444,0.0475135,-0.0580217,0.00627206,0.0414102,0.0434811,0.0301509,-0.0231876,-0.0238166,-0.0356712,0.0760544,0.00873526,-0.0134456,-0.0577451,-0.0217688,0.00743253,0.0691552,-0.0570691,0.0823719,0.0629892,-0.0895187,0.0324597,-0.0743031,-0.031691,-0.0836351,-0.0184483,-0.0217607,0.0379744,-0.0126696,0.0701814,0.0586149,-0.0865946,0.0643626,0.00521438,0.0659155,0.012054,-0.0632169,0.0397568,0.0590851,-0.0842501,-0.0555666,0.0296811,0.0685077,0.089244,0.00692854,-0.041255,0.00871067,-0.0762995,-0.0211932,0.0517927,0.0486819,-0.00768682,0.0331837,0.0111984,0.0805772,-0.0407103,-0.0797174,0.0312502,-0.0267859,-0.068012,-0.0688549,-0.0444618,0.0855546,0.0377364,0.0893416,-0.0687338,0.0208172,-0.0425114,0.0598103,0.0535994,-0.0485425,0.00436644,0.0597213,-0.00921011,0.0370431,-0.0335063,0.0750739,-0.0712804,-0.0286609,-0.0106408,-0.0668954,-0.0780193,-0.0481973,0.0584285,-0.0562655,-0.0120344,0.02239,
-0.0236016,-0.0110663,-0.0371487,0.0097505,-0.0239323,-0.0603594,0.0153236,0.0769147,-0.0328544,-0.0274779,-0.0670701,0.0121652,0.00566456,-0.0861929,0.0274308,0.0125357,-0.0476341,0.0535685,0.091599,0.0406518,-0.0288153,0.0636299,-0.0289872,-0.0814869,-0.00925739,-0.00485044,-0.0546365,0.0487904,-0.0864091,-0.0796363,0.0835315,-0.0530809,-0.0892199,-0.0149103,0.0853922,0.0386488,-0.0152928,0.0841172,-0.0860653,0.0409573,0.0759077,0.00907731,-0.011797,-0.0225713,0.00113022,-0.0597718,-0.0154071,-0.0556846,-0.0834789,-0.0278729,-0.0648659,0.00493973,0.0108325,0.00771126,0.0691918,-0.0835313,-0.0508462,0.0706782,0.057205,-0.00840733,-0.0675758,0.0640063,-0.0425656,0.0677384,0.00637176,0.02996,-0.0519729,0.0908388,0.0329305,0.0325338,-0.0180723,0.0118024,0.0638372,0.0406419,-0.070068,-0.0618791,-0.0055698,-0.0806661,0.0790391,-0.0652625,0.0123923,0.0256303,0.0609777,-0.0809806,-0.0183491,0.0763076,-0.037515,-0.0594579,0.0166304,0.0752728,0.0428323,0.0193448,-0.0628168,-0.0210365,-0.0708888,0.00297117,0.0547745,0.0598811,0.0502461,-0.0635273,0.0563682,-0.0676004,-0.064854,0.02777,0.0597083,0.0643175,-0.0429437,-0.0427688,-0.0813034,0.0605426,-0.0666278,0.00675669,0.0492242,-0.0488135,-0.0913478,-0.0277202,0.0596166,-0.0803122,0.0280516,0.00687874,0.0116351,0.0689605,-0.0760554,0.0871112,0.00953699,-0.0540134,-0.0833795,-0.00292087,-0.0236016,-0.0110663,-0.0371487,0.0097505,-0.0239323,-0.0603594,0.0153236,0.0769147,-0.0328544,-0.0274779,-0.0670701,0.0121652,0.00566456,-0.0861929,0.0274308,0.0125357,-0.0476341,0.0535685,0.091599,0.0406518,-0.0288153,0.0636299,-0.0289872,-0.0814869,-0.00925739,-0.00485044,-0.0546365,0.0487904,-0.0864091,-0.0796363,0.0835315,-0.0530809,-0.0892199,-0.0149103,0.0853922,0.0386488,-0.0152928,0.0841172,-0.0860653,0.0409573,0.0759077,0.00907731,-0.011797,-0.0225713,0.00113022,-0.0597718,-0.0154071,-0.0556846,-0.0834789,-0.0278729,-0.0648659,0.00493973,0.0108325,0.00771126,0.0691918,-0.0835313,-0.0508462,0.0706782,0.057205,-0.00840733,-0.0675758,0.0640063,-0.0425656,0.0677384,0.00637176,0.02996,-0.0519729,0.0908388,0.0329305,0.0325338,-0.0180723,0.0118024,0.0638372,0.0406419,-0.070068,-0.0618791,-0.0055698,-0.0806661,0.0790391,-0.0652625,0.0123923,0.0256303,0.0609777,-0.0809806,-0.0183491,0.0763076,-0.037515,-0.0594579,0.0166304,0.0752728,0.0428323,0.0193448,-0.0628168,-0.0210365,-0.0708888,0.00297117,0.0547745,0.0598811,0.0502461,-0.0635273,0.0563682,-0.0676004,-0.064854,0.02777,0.0597083,0.0643175,-0.0429437,-0.0427688,-0.0813034,0.0605426,-0.0666278,0.00675669,0.0492242,-0.0488135,-0.0913478,-0.0277202,0.0596166,-0.0803122,0.0280516,0.00687874,0.0116351,0.0689605,-0.0760554,0.0871112,0.00953699,-0.0540134,-0.0833795,-0.00292087,
0.0800132,0.0922276,-0.0858797,-0.0439319,0.0493411,-0.0419761,0.0451659,-0.0769487,0.0364039,0.0399272,0.0357837,0.0187338,0.0128049,0.0463325,-0.0549308,0.00775009,-0.0398798,0.0542997,-0.0498701,-0.0243529,0.00621894,0.0313776,0.0321932,-0.047865,-0.0684783,0.0390441,0.0790367,-0.0805788,0.0533337,0.0553483,0.0563089,0.0279227,0.0608124,0.00619981,0.0635434,-0.0398938,0.0677439,-0.0429038,-0.0680571,0.0114471,-0.0674815,0.0471478,0.0570943,-0.0406032,0.0215058,0.010053,-0.0841796,0.0755593,-0.0265877,-0.0347059,0.027874,0.0235408,0.0532963,-0.00528585,-0.0327551,0.0636284,-0.0145379,0.0604999,0.0656543,0.0198521,-0.0237911,0.00848212,0.00652598,-0.0172219,0.05537,0.00891763,-0.0585178,-0.077282,-0.00842393,-0.0881795,0.0319764,-0.0676398,-0.029331,0.0714763,-0.0262175,0.0487727,0.0341457,-0.0598829,0.0219142,0.0760394,-0.0607537,0.00719724,-0.0251986,0.0461346,0.0925743,0.0588564,0.0791826,-0.0335564,0.0670273,0.0445023,0.0645584,0.0691813,-0.0782527,-0.00544073,0.0532999,-0.0655554,0.0134141,-0.046154,-0.0343772,-0.0263209,0.0398202,-0.0438004,0.0745271,0.0245978,-0.0436438,0.0772943,0.0286663,0.0134745,0.0677026,0.0107883,0.0543135,0.0760956,0.046545,0.0211364,-0.0572754,0.085194,-0.0839603,0.0559057,-0.0406126,0.015752,-0.0141067,-0.0290786,-0.0417613,0.0410363,-0.0748084,-0.0431856,0.0683749,0.0743174,0.0800132,0.0922276,-0.0858797,-0.0439319,0.0493411,-0.0419761,0.0451659,-0.0769487,0.0364039,0.0399272,0.0357837,0.0187338,0.0128049,0.0463325,-0.0549308,0.00775009,-0.0398798,0.0542997,-0.0498701,-0.0243529,0.00621894,0.0313776,0.0321932,-0.047865,-0.0684783,0.0390441,0.0790367,-0.0805788,0.0533337,0.0553483,0.0563089,0.0279227,0.0608124,0.00619981,0.0635434,-0.0398938,0.0677439,-0.0429038,-0.0680571,0.0114471,-0.0674815,0.0471478,0.0570943,-0.0406032,0.0215058,0.010053,-0.0841796,0.0755593,-0.0265877,-0.0347059,0.027874,0.0235408,0.0532963,-0.00528585,-0.0327551,0.0636284,-0.0145379,0.0604999,0.0656543,0.0198521,-0.0237911,0.00848212,0.00652598,-0.0172219,0.05537,0.00891763,-0.0585178,-0.077282,-0.00842393,-0.0881795,0.0319764,-0.0676398,-0.029331,0.0714763,-0.0262175,0.0487727,0.0341457,-0.0598829,0.0219142,0.0760394,-0.0607537,0.00719724,-0.0251986,0.0461346,0.0925743,0.0588564,0.0791826,-0.0335564,0.0670273,0.0445023,0.0645584,0.0691813,-0.0782527,-0.00544073,0.0532999,-0.0655554,0.0134141,-0.046154,-0.0343772,-0.0263209,0.0398202,-0.0438004,0.0745271,0.0245978,-0.0436438,0.0772943,0.0286663,0.0134745,0.0677026,0.0107883,0.0543135,0.0760956,0.046545,0.0211364,-0.0572754,0.085194,-0.0839603,0.0559057,-0.0406126,0.015752,-0.0141067,-0.0290786,-0.0417613,0.0410363,-0.0748084,-0.0431856,0.0683749,0.0743174,
-0.0463345,0.0677434,0.0404582,0.0255026,-0.0274909,0.023393,0.0162878,0.0533122,-0.0698028,0.0641387,0.0474586,-0.0826276,-0.0102382,0.0709551,0.074926,0.0374912,0.075965,0.0342689,-0.0427537,-0.0674879,0.0333278,0.0160443,-0.0833145,-0.0734552,0.0490956,-0.0806281,-0.0431289,0.0595677,0.0809974,-0.0476884,-0.0109241,-0.0694698,0.0365782,0.0732059,-0.0309893,0.0828566,-0.00280762,-0.0541935,-0.0114173,-0.0846686,-0.0718912,-0.0566101,0.0532748,-0.0265263,0.00972349,0.0515317,0.0134767,-0.0515757,0.0251444,0.0783251,-0.022698,0.0533056,-7.08857e-05,0.0853259,-0.0531374,0.0496158,0.0207463,-0.0546696,0.0103768,-0.0229475,0.0357502,0.0688942,-0.0625671,-0.0164294,0.048472,-0.0180588,0.0338837,-0.0676815,0.0815807,0.0616073,0.00902617,0.00417299,0.017031,0.000490302,-0.0515321,0.000111032,-0.0234139,0.0868407,0.0471558,-0.070303,0.0581979,0.00188194,0.0634694,0.0135702,0.0648636,0.0282678,0.0137106,-0.0068196,-0.0929681,-0.0155653,-0.00420824,-0.0113928,0.0678861,0.0707028,0.000381786,0.00567211,0.0688125,0.0326539,-0.0657802,-0.0636451,-0.0088253,0.00127545,0.0367033,-0.0494265,-0.0301693,-0.0722674,-0.0314373,-0.0349007,-0.0788225,0.0892277,0.0894453,-0.0122455,0.0830665,0.00361729,-0.0162189,-0.0172442,0.021813,-0.0680559,-0.0314334,-0.0718804,-0.074347,-0.058638,-0.00606481,-0.0133673,0.0395262,0.0768526,-0.0585894,0.0416562,-0.0463345,0.0677434,0.0404582,0.0255026,-0.0274909,0.023393,0.0162878,0.0533122,-0.0698028,0.0641387,0.0474586,-0.0826276,-0.0102382,0.0709551,0.074926,0.0374912,0.075965,0.0342689,-0.0427537,-0.0674879,0.0333278,0.0160443,-0.0833145,-0.0734552,0.0490956,-0.0806281,-0.0431289,0.0595677,0.0809974,-0.0476884,-0.0109241,-0.0694698,0.0365782,0.0732059,-0.0309893,0.0828566,-0.00280762,-0.0541935,-0.0114173,-0.0846686,-0.0718912,-0.0566101,0.0532748,-0.0265263,0.00972349,0.0515317,0.0134767,-0.0515757,0.0251444,0.0783251,-0.022698,0.0533056,-7.08857e-05,0.0853259,-0.0531374,0.0496158,0.0207463,-0.0546696,0.0103768,-0.0229475,0.0357502,0.0688942,-0.0625671,-0.0164294,0.048472,-0.0180588,0.0338837,-0.0676815,0.0815807,0.0616073,0.00902617,0.00417299,0.017031,0.000490302,-0.0515321,0.000111032,-0.0234139,0.0868407,0.0471558,-0.070303,0.0581979,0.00188194,0.0634694,0.0135702,0.0648636,0.0282678,0.0137106,-0.0068196,-0.0929681,-0.0155653,-0.00420824,-0.0113928,0.0678861,0.0707028,0.000381786,0.00567211,0.0688125,0.0326539,-0.0657802,-0.0636451,-0.0088253,0.00127545,0.0367033,-0.0494265,-0.0301693,-0.0722674,-0.0314373,-0.0349007,-0.0788225,0.0892277,0.0894453,-0.0122455,0.0830665,0.00361729,-0.0162189,-0.0172442,0.021813,-0.0680559,-0.0314334,-0.0718804,-0.074347,-0.058638,-0.00606481,-0.0133673,0.0395262,0.0768526,-0.0585894,0.0416562,
0.0295974,-0.0341754,-0.0184324,0.0134512,-0.0352891,-0.0739339,-0.0513739,0.0775642,0.0649426,-0.0224582,0.0657199,0.0601809,-0.0271238,0.00607501,0.0798449,-0.03939,0.0822621,0.00615922,0.0859144,0.0686952,-0.050095,-0.0370121,-0.0372011,0.0823835,-0.0351907,-0.0594205,0.0872032,-0.00189554,0.0544431,-0.0242644,0.0765668,0.0290004,0.0533399,-0.00215725,0.0568655,0.0252326,-0.012825,-0.0598116,-0.0181887,-0.0539157,0.0545289,0.0832368,0.0264587,-0.0590359,-0.042821,0.0173599,-0.0176094,0.0398025,-0.00378529,-0.0616383,0.0038991,0.0633725,-0.0382915,-0.0275378,-0.021484,-0.0484617,0.084202,-0.0759118,-0.0779402,-0.0385979,0.0663268,0.0446415,0.0612886,-0.0502771,0.0187118,-0.00493185,0.071301,0.0711923,0.0804234,-0.0515096,0.0844521,0.0222031,0.0711043,0.0253113,-0.0625891,-0.0355323,0.0772947,0.0603131,0.00469423,-0.0352447,-0.0155026,-0.0248448,-0.0627526,0.0300565,0.0411934,-0.0855326,-0.0230761,0.0668856,-0.0443181,0.0910513,0.0067433,-0.0238765,0.0689678,0.0160609,-0.0139703,-0.0639684,0.015473,0.084895,0.0785398,-0.0149924,0.00171374,0.0730457,-0.0206535,-0.0345557,-0.00706441,0.00938963,-0.010121,0.0567353,0.0589835,-0.000702904,-0.0320104,0.0215946,0.0664235,0.0571142,-0.0194032,-0.00233039,-0.0784775,-0.0568107,-0.0600496,-0.0205058,0.0323505,-0.062418,0.0626436,-0.0639028,0.0568583,0.031013,0.0427913,-0.021897,0.0295974,-0.0341754,-0.0184324,0.0134512,-0.0352891,-0.0739339,-0.0513739,0.0775642,0.0649426,-0.0224582,0.0657199,0.0601809,-0.0271238,0.00607501,0.0798449,-0.03939,0.0822621,0.00615922,0.0859144,0.0686952,-0.050095,-0.0370121,-0.0372011,0.0823835,-0.0351907,-0.0594205,0.0872032,-0.00189554,0.0544431,-0.0242644,0.0765668,0.0290004,0.0533399,-0.00215725,0.0568655,0.0252326,-0.012825,-0.0598116,-0.0181887,-0.0539157,0.0545289,0.0832368,0.0264587,-0.0590359,-0.042821,0.0173599,-0.0176094,0.0398025,-0.00378529,-0.0616383,0.0038991,0.0633725,-0.0382915,-0.0275378,-0.021484,-0.0484617,0.084202,-0.0759118,-0.0779402,-0.0385979,0.0663268,0.0446415,0.0612886,-0.0502771,0.0187118,-0.00493185,0.071301,0.0711923,0.0804234,-0.0515096,0.0844521,0.0222031,0.0711043,0.0253113,-0.0625891,-0.0355323,0.0772947,0.0603131,0.00469423,-0.0352447,-0.0155026,-0.0248448,-0.0627526,0.0300565,0.0411934,-0.0855326,-0.0230761,0.0668856,-0.0443181,0.0910513,0.0067433,-0.0238765,0.0689678,0.0160609,-0.0139703,-0.0639684,0.015473,0.084895,0.0785398,-0.0149924,0.00171374,0.0730457,-0.0206535,-0.0345557,-0.00706441,0.00938963,-0.010121,0.0567353,0.0589835,-0.000702904,-0.0320104,0.0215946,0.0664235,0.0571142,-0.0194032,-0.00233039,-0.0784775,-0.0568107,-0.0600496,-0.0205058,0.0323505,-0.062418,0.0626436,-0.0639028,0.0568583,0.031013,0.0427913,-0.021897,
-0.0534769,0.0459206,0.0559527,-0.0706345,-0.00105562,0.0488787,0.0169817,0.028758,-0.0339686,0.0168548,0.036104,-0.0168772,-0.0409896,0.0150782,0.043423,0.0709379,0.0605031,-0.01152,0.0886099,0.0645007,-0.0767271,0.0111991,-0.051571,-0.0718138,0.0515062,-0.0737439,0.0505444,0.0482452,-0.0677797,0.0278154,-0.0291203,-0.0684439,0.00166205,-0.0698873,-0.0525895,-0.0810797,0.0255935,0.030024,0.0447219,0.0688547,0.0745677,0.00687919,-0.0121727,-0.0553202,0.0706641,-0.0782244,-0.0922727,0.000571661,-0.023949,0.0227622,0.0315918,-0.0564601,0.0767505,0.00609467,0.00473831,0.026513,-0.0942312,-0.0239799,-0.044556,-0.0542995,-0.0202292,-0.0178376,0.0244437,-0.0481259,0.0761614,0.0800176,-0.00480647,-0.00653377,0.0845347,0.0811845,0.0819883,-0.0470319,-0.0344893,-0.00147892,0.0657499,0.0332991,-0.0281429,0.0764866,-0.0335502,0.0461204,-0.0263358,-0.0275296,0.0476311,-0.00536328,-0.0575436,0.0241023,0.0159658,0.055277,-0.0387717,0.0337735,0.0626926,-0.0398761,-0.0734451,-0.0246415,-0.0578681,-0.070403,-0.0376185,0.0468663,0.0835048,-0.0283273,-0.0553676,-0.0218343,0.0414187,0.0951317,0.0537048,0.00455606,0.0200215,0.0143388,-0.0574723,0.0784258,-0.0355633,-2.97745e-05,-0.086647,0.028548,0.0841001,0.0370967,-0.0372323,0.0265677,-0.0686135,0.0346848,0.0310892,0.0230551,0.0392983,-0.0536829,0.0488527,0.0286226,0.0617525,-0.0076279,-0.0534769,0.0459206,0.0559527,-0.0706345,-0.00105562,0.0488787,0.0169817,0.028758,-0.0339686,0.0168548,0.036104,-0.0168772,-0.0409896,0.0150782,0.043423,0.0709379,0.0605031,-0.01152,0.0886099,0.0645007,-0.0767271,0.0111991,-0.051571,-0.0718138,0.0515062,-0.0737439,0.0505444,0.0482452,-0.0677797,0.0278154,-0.0291203,-0.0684439,0.00166205,-0.0698873,-0.0525895,-0.0810797,0.0255935,0.030024,0.0447219,0.0688547,0.0745677,0.00687919,-0.0121727,-0.0553202,0.0706641,-0.0782244,-0.0922727,0.000571661,-0.023949,0.0227622,0.0315918,-0.0564601,0.0767505,0.00609467,0.00473831,0.026513,-0.0942312,-0.0239799,-0.044556,-0.0542995,-0.0202292,-0.0178376,0.0244437,-0.0481259,0.0761614,0.0800176,-0.00480647,-0.00653377,0.0845347,0.0811845,0.0819883,-0.0470319,-0.0344893,-0.00147892,0.0657499,0.0332991,-0.0281429,0.0764866,-0.0335502,0.0461204,-0.0263358,-0.0275296,0.0476311,-0.00536328,-0.0575436,0.0241023,0.0159658,0.055277,-0.0387717,0.0337735,0.0626926,-0.0398761,-0.0734451,-0.0246415,-0.0578681,-0.070403,-0.0376185,0.0468663,0.0835048,-0.0283273,-0.0553676,-0.0218343,0.0414187,0.0951317,0.0537048,0.00455606,0.0200215,0.0143388,-0.0574723,0.0784258,-0.0355633,-2.97745e-05,-0.086647,0.028548,0.0841001,0.0370967,-0.0372323,0.0265677,-0.0686135,0.0346848,0.0310892,0.0230551,0.0392983,-0.0536829,0.0488527,0.0286226,0.0617525,-0.0076279,
0.0805767,0.045277,-0.0737621,0.0846442,-0.00669791,-0.0528703,-0.0226939,-0.0360236,0.0567608,0.0278644,-0.0138312,0.0690785,0.00939602,-0.0410852,0.0732921,-0.0725081,-0.0557595,-0.0423388,0.0668089,-0.0746024,-0.0113189,-0.0828994,-0.0884868,0.0596547,0.0855922,0.0725504,-0.0242739,0.029504,0.0424496,-0.000168944,-0.0264968,0.0356618,0.0704517,-0.0632773,-0.0624523,-0.0139419,-0.0731935,0.0602057,0.0703124,0.00496944,-0.0476688,-0.0560306,-0.0134851,-0.00544205,0.0127317,-0.0349641,-0.00940792,-0.0877524,0.0145235,-0.025635,-0.0244723,0.0308984,-0.028205,0.062272,-0.00201862,0.0735837,0.0817331,-0.0489486,-0.0554236,0.0833378,0.0556843,-0.068896,-0.0848245,0.0606435,0.0859531,0.0229259,-0.0235276,0.0368281,-0.0842732,0.022821,0.00368089,-0.0730363,0.0621694,-0.0511884,0.00613446,0.0722883,-0.0737677,0.0363076,-0.0383986,-0.0753985,-0.0582431,-0.0610225,-0.0583035,-0.0106356,-0.0292902,0.0812964,0.0499311,0.027557,0.0414068,-0.0437585,0.0186412,0.0603372,-0.0147093,0.0690238,0.0295327,0.0504424,-0.0511828,0.00658139,0.0446479,0.0317425,0.0775135,0.0218675,0.0866672,0.0623281,0.0458272,0.045136,-0.0112241,0.0698104,-0.0835811,0.0276012,0.0130468,-0.0164604,-0.0478461,-0.0207825,-0.00337404,0.070036,0.0123349,-0.0117403,0.0322756,0.0287802,0.0469314,0.0893806,-0.0163322,-0.0681651,-0.000911788,0.047258,0.0333744,-0.0419839,0.0805767,0.045277,-0.0737621,0.0846442,-0.00669791,-0.0528703,-0.0226939,-0.0360236,0.0567608,0.0278644,-0.0138312,0.0690785,0.00939602,-0.0410852,0.0732921,-0.0725081,-0.0557595,-0.0423388,0.0668089,-0.0746024,-0.0113189,-0.0828994,-0.0884868,0.0596547,0.0855922,0.0725504,-0.0242739,0.029504,0.0424496,-0.000168944,-0.0264968,0.0356618,0.0704517,-0.0632773,-0.0624523,-0.0139419,-0.0731935,0.0602057,0.0703124,0.00496944,-0.0476688,-0.0560306,-0.0134851,-0.00544205,0.0127317,-0.0349641,-0.00940792,-0.0877524,0.0145235,-0.025635,-0.0244723,0.0308984,-0.028205,0.062272,-0.00201862,0.0735837,0.0817331,-0.0489486,-0.0554236,0.0833378,0.0556843,-0.068896,-0.0848245,0.0606435,0.0859531,0.0229259,-0.0235276,0.0368281,-0.0842732,0.022821,0.00368089,-0.0730363,0.0621694,-0.0511884,0.00613446,0.0722883,-0.0737677,0.0363076,-0.0383986,-0.0753985,-0.0582431,-0.0610225,-0.0583035,-0.0106356,-0.0292902,0.0812964,0.0499311,0.027557,0.0414068,-0.0437585,0.0186412,0.0603372,-0.0147093,0.0690238,0.0295327,0.0504424,-0.0511828,0.00658139,0.0446479,0.0317425,0.0775135,0.0218675,0.0866672,0.0623281,0.0458272,0.045136,-0.0112241,0.0698104,-0.0835811,0.0276012,0.0130468,-0.0164604,-0.0478461,-0.0207825,-0.00337404,0.070036,0.0123349,-0.0117403,0.0322756,0.0287802,0.0469314,0.0893806,-0.0163322,-0.0681651,-0.000911788,0.047258,0.0333744,-0.0419839,
-0.025773,0.0867492,-0.0342165,-0.0168275,0.0399291,0.0110113,0.0291818,-0.0769694,-0.0882221,-0.0347306,0.0669809,0.0576278,0.0379375,-0.0682529,-0.0394615,-0.0578184,0.0316678,-0.00807972,-0.0624702,-0.0669202,-0.0383613,0.0374982,-0.0393023,0.0634898,0.0728458,-0.0114634,-0.0159181,-0.0953218,0.0722664,0.020733,-0.0545304,-0.0817137,0.059064,0.079539,0.0734777,-0.0563818,-0.0744622,0.0513475,0.045631,0.0267467,-0.0663791,-0.0114751,-0.0718338,-0.0108572,-0.00481737,-0.044171,-0.0396119,0.0753554,0.0598856,-0.0302084,-0.047215,-0.0588521,-0.0194823,-0.0154826,-0.0411261,0.0241529,-0.0191919,0.0184017,0.038458,0.00850036,-0.0864298,-0.0879843,0.0580262,-0.0799007,-0.0607795,-0.0308322,-0.0805176,-0.0752724,0.0874267,-0.0108356,0.0694327,-0.0398252,0.0726802,0.0830444,-0.00691505,0.0511869,-0.0308928,0.0496281,-0.0210858,0.0151167,0.0848961,0.0827276,-0.0204164,-0.0890853,0.0267966,-0.0857539,-0.0581985,-0.0130124,-0.0598252,-0.0800868,-0.042833,-0.00667935,-0.0747108,-0.0464429,0.00431754,-0.0283688,-0.0843469,-0.0726232,0.00636694,-0.0378408,0.0449367,-0.0731861,-0.0675669,0.0107075,-0.00707678,0.0368839,-0.0270935,0.00348363,-0.0627332,-0.00704127,0.0727441,0.0104632,0.051744,0.00594005,-0.0342684,-0.060632,0.034091,0.0840778,-0.0339954,0.0389877,-0.0279235,0.0438453,-0.0275826,0.0477709,0.02882,0.0613993,-0.0619909,-0.000263369,-0.025773,0.0867492,-0.0342165,-0.0168275,0.0399291,0.0110113,0.0291818,-0.0769694,-0.0882221,-0.0347306,0.0669809,0.0576278,0.0379375,-0.0682529,-0.0394615,-0.0578184,0.0316678,-0.00807972,-0.0624702,-0.0669202,-0.0383613,0.0374982,-0.0393023,0.0634898,0.0728458,-0.0114634,-0.0159181,-0.0953218,0.0722664,0.020733,-0.0545304,-0.0817137,0.059064,0.079539,0.0734777,-0.0563818,-0.0744622,0.0513475,0.045631,0.0267467,-0.0663791,-0.0114751,-0.0718338,-0.0108572,-0.00481737,-0.044171,-0.0396119,0.0753554,0.0598856,-0.0302084,-0.047215,-0.0588521,-0.0194823,-0.0154826,-0.0411261,0.0241529,-0.0191919,0.0184017,0.038458,0.00850036,-0.0864298,-0.0879843,0.0580262,-0.0799007,-0.0607795,-0.0308322,-0.0805176,-0.0752724,0.0874267,-0.0108356,0.0694327,-0.0398252,0.0726802,0.0830444,-0.00691505,0.0511869,-0.0308928,0.0496281,-0.0210858,0.0151167,0.0848961,0.0827276,-0.0204164,-0.0890853,0.0267966,-0.0857539,-0.0581985,-0.0130124,-0.0598252,-0.0800868,-0.042833,-0.00667935,-0.0747108,-0.0464429,0.00431754,-0.0283688,-0.0843469,-0.0726232,0.00636694,-0.0378408,0.0449367,-0.0731861,-0.0675669,0.0107075,-0.00707678,0.0368839,-0.0270935,0.00348363,-0.0627332,-0.00704127,0.0727441,0.0104632,0.051744,0.00594005,-0.0342684,-0.060632,0.034091,0.0840778,-0.0339954,0.0389877,-0.0279235,0.0438453,-0.0275826,0.0477709,0.02882,0.0613993,-0.0619909,-0.000263369,
-0.0086127,-0.0800946,0.0378431,0.074766,-0.0202872,0.0396185,-0.00410115,-0.000427285,0.0444654,-0.00363008,-0.0301595,0.0272483,0.0886897,-0.0686991,0.0221611,-0.030421,-0.0560202,0.0294528,-0.0877088,-0.00392028,0.0857694,0.0618862,-0.0822084,0.0442456,-0.0432155,0.034733,0.0576444,0.0172486,0.0602908,0.00784156,-0.0817671,0.0279673,0.0219074,-0.0376661,0.0148805,0.0685307,0.0523355,-0.010679,-0.0381153,-0.028342,0.00165959,0.0489527,0.045939,0.041889,0.0211799,-0.0806347,-0.014424,-0.0849581,0.0151146,0.0676101,0.018469,-0.0454162,0.0778527,0.0217895,0.0484029,0.0411973,-0.064468,0.0154761,0.0577758,0.0372236,0.0614923,-0.0812044,-0.0541899,0.0210425,-0.0589003,0.051071,0.0530283,-0.0795675,0.0385665,-0.0595667,0.0420903,-0.0704115,0.0476572,-0.0817339,-0.0626877,0.0582826,-0.0248248,0.0321289,0.00249461,-0.0884033,0.0635361,-0.0403146,0.0381295,-0.0183654,-0.0337857,-0.0609657,0.0645831,0.0705574,-0.0696117,0.0538009,-0.0176675,0.0636155,0.0827509,-0.0863617,-0.00620955,0.0344823,-0.0193959,0.0714191,-0.0332043,0.0634987,-0.0498171,0.0674687,0.0157113,-0.051796,0.0198819,-0.0223339,-0.061627,-0.00124648,-0.0465601,-0.04756,-0.0407032,0.0415193,-0.0609617,-0.00661557,-0.0277939,0.032774,0.0271002,-0.0117696,0.0221753,0.0304522,-0.0298117,0.0086484,-0.0387838,-0.0862763,0.027234,0.0236737,0.0772567,0.0805944,-0.0086127,-0.0800946,0.0378431,0.074766,-0.0202872,0.0396185,-0.00410115,-0.000427285,0.0444654,-0.00363008,-0.0301595,0.0272483,0.0886897,-0.0686991,0.0221611,-0.030421,-0.0560202,0.0294528,-0.0877088,-0.00392028,0.0857694,0.0618862,-0.0822084,0.0442456,-0.0432155,0.034733,0.0576444,0.0172486,0.0602908,0.00784156,-0.0817671,0.0279673,0.0219074,-0.0376661,0.0148805,0.0685307,0.0523355,-0.010679,-0.0381153,-0.028342,0.00165959,0.0489527,0.045939,0.041889,0.0211799,-0.0806347,-0.014424,-0.0849581,0.0151146,0.0676101,0.018469,-0.0454162,0.0778527,0.0217895,0.0484029,0.0411973,-0.064468,0.0154761,0.0577758,0.0372236,0.0614923,-0.0812044,-0.0541899,0.0210425,-0.0589003,0.051071,0.0530283,-0.0795675,0.0385665,-0.0595667,0.0420903,-0.0704115,0.0476572,-0.0817339,-0.0626877,0.0582826,-0.0248248,0.0321289,0.00249461,-0.0884033,0.0635361,-0.0403146,0.0381295,-0.0183654,-0.0337857,-0.0609657,0.0645831,0.0705574,-0.0696117,0.0538009,-0.0176675,0.0636155,0.0827509,-0.0863617,-0.00620955,0.0344823,-0.0193959,0.0714191,-0.0332043,0.0634987,-0.0498171,0.0674687,0.0157113,-0.051796,0.0198819,-0.0223339,-0.061627,-0.00124648,-0.0465601,-0.04756,-0.0407032,0.0415193,-0.0609617,-0.00661557,-0.0277939,0.032774,0.0271002,-0.0117696,0.0221753,0.0304522,-0.0298117,0.0086484,-0.0387838,-0.0862763,0.027234,0.0236737,0.0772567,0.0805944,
0.0392559,0.0560929,-0.0331167,-0.0865907,0.00143845,-0.0466128,-0.00305045,0.0084315,-0.0788075,0.0783911,0.0490842,0.0188229,-0.0734263,0.000361489,0.00459252,0.0179743,0.0657369,-0.0326904,0.0353396,-0.0706973,-0.0178811,0.0876552,0.0656849,0.0319532,-0.0743592,0.0793355,0.0390194,-0.055753,-0.0561584,-0.0312508,-0.0495167,-0.0262384,0.0603891,0.0225986,-0.00556998,0.073709,-0.044228,-0.0489942,-0.0455497,-0.0740748,-0.0153024,-0.04338,-0.0792344,0.0471857,0.0981274,0.00087005,-0.0791519,-0.0829783,-0.0819246,-0.0478615,0.0306359,-0.0372628,0.0571353,-0.0420921,-0.0397046,0.0489069,0.0633024,0.0331018,-0.0755251,-0.0885484,0.0154897,0.0553098,-0.0412385,0.0290034,-0.0342023,-0.0850047,0.0153889,0.0415754,0.0340678,-0.0109086,0.00608042,-0.0376971,-0.0215464,0.0277055,0.00366117,0.00251744,-0.0193997,0.0654193,-0.0102413,-0.045906,0.0357,0.0223297,0.0719303,0.0507004,0.0504687,-0.0759374,0.0155616,0.0331112,-0.0272152,0.0377799,0.0876877,0.0288366,0.0140959,0.0530474,0.0372776,-0.0764395,-0.0519601,0.0257778,-0.0118688,0.0186882,0.0147592,0.0556303,0.0700457,-0.0589404,0.0497904,-0.0339905,-0.0858596,-0.0314008,-0.0561101,-0.0814058,-0.0324427,0.0292085,-0.0586072,-0.0572791,-0.0360809,0.0223417,-0.0458268,-0.0696742,0.0269774,-0.0788111,-0.0510186,-0.0560418,0.0518299,0.0364098,-0.0906746,-0.0294319,-0.0550856,-0.0546837,0.0392559,0.0560929,-0.0331167,-0.0865907,0.00143845,-0.0466128,-0.00305045,0.0084315,-0.0788075,0.0783911,0.0490842,0.0188229,-0.0734263,0.000361489,0.00459252,0.0179743,0.0657369,-0.0326904,0.0353396,-0.0706973,-0.0178811,0.0876552,0.0656849,0.0319532,-0.0743592,0.0793355,0.0390194,-0.055753,-0.0561584,-0.0312508,-0.0495167,-0.0262384,0.0603891,0.0225986,-0.00556998,0.073709,-0.044228,-0.0489942,-0.0455497,-0.0740748,-0.0153024,-0.04338,-0.0792344,0.0471857,0.0981274,0.00087005,-0.0791519,-0.0829783,-0.0819246,-0.0478615,0.0306359,-0.0372628,0.0571353,-0.0420921,-0.0397046,0.0489069,0.0633024,0.0331018,-0.0755251,-0.0885484,0.0154897,0.0553098,-0.0412385,0.0290034,-0.0342023,-0.0850047,0.0153889,0.0415754,0.0340678,-0.0109086,0.00608042,-0.0376971,-0.0215464,0.0277055,0.00366117,0.00251744,-0.0193997,0.0654193,-0.0102413,-0.045906,0.0357,0.0223297,0.0719303,0.0507004,0.0504687,-0.0759374,0.0155616,0.0331112,-0.0272152,0.0377799,0.0876877,0.0288366,0.0140959,0.0530474,0.0372776,-0.0764395,-0.0519601,0.0257778,-0.0118688,0.0186882,0.0147592,0.0556303,0.0700457,-0.0589404,0.0497904,-0.0339905,-0.0858596,-0.0314008,-0.0561101,-0.0814058,-0.0324427,0.0292085,-0.0586072,-0.0572791,-0.0360809,0.0223417,-0.0458268,-0.0696742,0.0269774,-0.0788111,-0.0510186,-0.0560418,0.0518299,0.0364098,-0.0906746,-0.0294319,-0.0550856,-0.0546837,
0.0462275,-0.00276068,0.0494934,-9.26651e-05,0.0769786,-0.0419448,-0.0329194,-0.0806944,0.0632444,-0.00828951,-0.0256462,-0.00186637,-0.0414588,0.0730884,-0.0138151,0.0169748,-0.00264956,-0.00571681,0.044953,-0.0330393,-0.0567468,0.0202894,-0.040163,0.0597852,0.0434602,-0.0228429,0.0410959,0.0683356,-0.052741,0.0778513,0.0396471,-0.0811535,0.0481259,-0.0535399,0.00776177,0.000278996,-0.0522206,-0.0484095,-0.0122441,0.046675,-0.0789268,0.0562954,0.0739469,0.0781677,-0.0156196,0.0111818,-0.026686,-0.00133411,0.0618618,-0.00102127,-0.073217,0.0266242,0.0280951,0.0790733,-0.0290041,-0.081018,-0.0502669,0.0602474,-0.0720541,0.0211901,0.0735142,0.0762406,-0.0275,-0.0312327,-0.0216588,-0.090044,0.0364666,0.0914719,0.0552887,-0.0741486,0.0182653,0.0844125,-0.0451403,0.0228508,-0.0736906,0.070075,-0.0937502,0.0251034,0.0327901,-0.0364108,0.0118384,0.0113022,-0.0483515,-0.0143925,0.0517247,0.0515338,0.0286527,0.0567342,-0.0581173,-0.087252,0.00778378,0.0220787,0.086193,-0.0238534,-0.0617167,-0.0563488,0.0754491,0.01283,0.0285963,0.0563037,0.0220644,0.0113348,0.0735749,0.0758459,-0.0580814,-0.0161777,0.0285863,0.00037169,0.038069,-0.0427116,-0.0709584,-0.00155458,0.073651,-0.00299291,0.0415583,0.0727315,-0.0256653,0.0275055,-0.0676039,0.00112299,0.033875,0.0241188,-0.0766597,-0.00282631,-0.00446519,0.0904413,0.0135897,-0.0653727,0.0462275,-0.00276068,0.0494934,-9.26651e-05,0.0769786,-0.0419448,-0.0329194,-0.0806944,0.0632444,-0.00828951,-0.0256462,-0.00186637,-0.0414588,0.0730884,-0.0138151,0.0169748,-0.00264956,-0.00571681,0.044953,-0.0330393,-0.0567468,0.0202894,-0.040163,0.0597852,0.0434602,-0.0228429,0.0410959,0.0683356,-0.052741,0.0778513,0.0396471,-0.0811535,0.0481259,-0.0535399,0.00776177,0.000278996,-0.0522206,-0.0484095,-0.0122441,0.046675,-0.0789268,0.0562954,0.0739469,0.0781677,-0.0156196,0.0111818,-0.026686,-0.00133411,0.0618618,-0.00102127,-0.073217,0.0266242,0.0280951,0.0790733,-0.0290041,-0.081018,-0.0502669,0.0602474,-0.0720541,0.0211901,0.0735142,0.0762406,-0.0275,-0.0312327,-0.0216588,-0.090044,0.0364666,0.0914719,0.0552887,-0.0741486,0.0182653,0.0844125,-0.0451403,0.0228508,-0.0736906,0.070075,-0.0937502,0.0251034,0.0327901,-0.0364108,0.0118384,0.0113022,-0.0483515,-0.0143925,0.0517247,0.0515338,0.0286527,0.0567342,-0.0581173,-0.087252,0.00778378,0.0220787,0.086193,-0.0238534,-0.0617167,-0.0563488,0.0754491,0.01283,0.0285963,0.0563037,0.0220644,0.0113348,0.0735749,0.0758459,-0.0580814,-0.0161777,0.0285863,0.00037169,0.038069,-0.0427116,-0.0709584,-0.00155458,0.073651,-0.00299291,0.0415583,0.0727315,-0.0256653,0.0275055,-0.0676039,0.00112299,0.033875,0.0241188,-0.0766597,-0.00282631,-0.00446519,0.0904413,0.0135897,-0.0653727,
0.0172712,-0.00202996,-0.0278325,0.0188663,-0.0659825,-0.0390122,-0.0188523,-0.0146963,0.0126807,0.0197787,0.041954,0.0534043,0.0116863,-0.0785658,-0.071668,0.0694505,-0.0394067,0.021755,-0.0140003,0.0143775,0.0435884,-0.0421258,-0.0283037,-0.0591198,-0.0439657,0.00532892,-0.0789227,0.0430738,-0.0515682,-0.0648331,-0.0633201,-0.0873351,-0.00908108,-0.0864685,0.0393026,-0.018795,0.011715,-0.00417159,0.0892813,0.0241228,0.0631647,0.0388416,0.0277701,0.00345849,0.0705345,0.0508165,0.0163191,0.0608032,0.0841492,0.0569177,0.0630896,0.0739413,0.0210752,-0.0700053,0.0316622,-0.0837503,0.0627437,-0.0289071,-0.0243132,0.0157475,0.0392821,-0.0349189,0.0423775,-0.0710977,0.0824365,0.0316895,0.082254,-0.0137852,-0.0506653,0.0516669,0.0630118,-0.0563631,0.00143757,-0.00359929,-0.0123496,-0.0684971,-0.0307688,-1.53788e-05,-0.0335038,-0.000797868,-0.063135,0.0440587,-0.0553263,-0.0275198,-0.0667,0.0387784,-0.0295158,0.0575283,0.00846643,-0.0236962,-0.033655,-0.00344547,0.0835647,0.0600638,0.0472711,-0.0487595,-0.060673,-0.0423488,-0.0859905,-0.0397943,-0.0421085,-0.0757008,0.0539826,0.0676209,0.0450979,0.0540306,0.0498211,0.0320101,-0.0474528,-0.0394819,0.0857826,0.0885758,-0.0107451,-0.0732319,0.0687173,0.0592754,-0.0192758,0.0413759,-0.0828999,-0.0394927,-0.0722067,-0.0508094,0.0190263,-0.000576365,-0.0788922,-0.0514651,-0.0277613,-0.0259231,0.0172712,-0.00202996,-0.0278325,0.0188663,-0.0659825,-0.0390122,-0.0188523,-0.0146963,0.0126807,0.0197787,0.041954,0.0534043,0.0116863,-0.0785658,-0.071668,0.0694505,-0.0394067,0.021755,-0.0140003,0.0143775,0.0435884,-0.0421258,-0.0283037,-0.0591198,-0.0439657,0.00532892,-0.0789227,0.0430738,-0.0515682,-0.0648331,-0.0633201,-0.0873351,-0.00908108,-0.0864685,0.0393026,-0.018795,0.011715,-0.00417159,0.0892813,0.0241228,0.0631647,0.0388416,0.0277701,0.00345849,0.0705345,0.0508165,0.0163191,0.0608032,0.0841492,0.0569177,0.0630896,0.0739413,0.0210752,-0.0700053,0.0316622,-0.0837503,0.0627437,-0.0289071,-0.0243132,0.0157475,0.0392821,-0.0349189,0.0423775,-0.0710977,0.0824365,0.0316895,0.082254,-0.0137852,-0.0506653,0.0516669,0.0630118,-0.0563631,0.00143757,-0.00359929,-0.0123496,-0.0684971,-0.0307688,-1.53788e-05,-0.0335038,-0.000797868,-0.063135,0.0440587,-0.0553263,-0.0275198,-0.0667,0.0387784,-0.0295158,0.0575283,0.00846643,-0.0236962,-0.033655,-0.00344547,0.0835647,0.0600638,0.0472711,-0.0487595,-0.060673,-0.0423488,-0.0859905,-0.0397943,-0.0421085,-0.0757008,0.0539826,0.0676209,0.0450979,0.0540306,0.0498211,0.0320101,-0.0474528,-0.0394819,0.0857826,0.0885758,-0.0107451,-0.0732319,0.0687173,0.0592754,-0.0192758,0.0413759,-0.0828999,-0.0394927,-0.0722067,-0.0508094,0.0190263,-0.000576365,-0.0788922,-0.0514651,-0.0277613,-0.0259231,
0.0129042,0.064727,0.0313526,-0.00711208,-0.0177747,0.022181,-0.0891116,0.0844841,0.067276,0.0453139,0.00282014,0.0646795,-0.00958903,-0.0655876,0.0278459,0.072821,0.0458251,0.0211964,0.0321347,-0.0573717,0.0426869,-0.0433373,-0.0415108,0.00879964,-0.0340884,-0.0444987,-0.0238866,-0.0554842,0.0902285,0.00245897,0.0202942,0.0666531,0.0846628,-0.0811561,0.0761418,0.0884918,0.00129261,0.0221726,0.0859682,0.0143763,0.02913,-0.0824354,-0.0879948,-0.0385689,-0.083589,-0.0385137,0.0889146,0.0437325,-0.0041075,-0.0809252,0.0336179,0.0510459,-0.0784457,-0.0684135,0.0460158,-0.069236,0.0940708,0.0459686,0.0834764,0.0533748,0.0249001,0.0144816,-0.0562511,0.026553,0.0569114,-0.0070466,-0.045571,-0.00438113,-0.0459068,0.091046,0.043359,-0.0143966,0.0240524,-0.050057,0.0568767,0.0775772,-0.020646,0.0338802,0.0354079,-0.0250522,-0.0480835,0.000445155,0.0120681,-0.0571911,0.0157663,0.0839592,-0.0774189,0.061192,-0.0809352,0.0436246,0.0158844,0.0829663,-0.0402023,0.0684854,0.0889322,0.033676,0.026345,0.0275828,-0.0446911,-0.0320432,0.0239919,-0.068032,-0.0421789,0.0611437,-0.00696761,0.0508183,0.00754643,0.06877,-0.0643297,0.0653718,-0.0642411,-0.0594724,0.0366314,0.0147883,0.0311187,0.0689543,-0.00573138,-0.015219,0.0525152,0.0695884,-0.09044,0.0802184,-0.0793941,0.0076398,-0.0598853,0.0528205,0.0623106,-0.0687694,0.0129042,0.064727,0.0313526,-0.00711208,-0.0177747,0.022181,-0.0891116,0.0844841,0.067276,0.0453139,0.00282014,0.0646795,-0.00958903,-0.0655876,0.0278459,0.072821,0.0458251,0.0211964,0.0321347,-0.0573717,0.0426869,-0.0433373,-0.0415108,0.00879964,-0.0340884,-0.0444987,-0.0238866,-0.0554842,0.0902285,0.00245897,0.0202942,0.0666531,0.0846628,-0.0811561,0.0761418,0.0884918,0.00129261,0.0221726,0.0859682,0.0143763,0.02913,-0.0824354,-0.0879948,-0.0385689,-0.083589,-0.0385137,0.0889146,0.0437325,-0.0041075,-0.0809252,0.0336179,0.0510459,-0.0784457,-0.0684135,0.0460158,-0.069236,0.0940708,0.0459686,0.0834764,0.0533748,0.0249001,0.0144816,-0.0562511,0.026553,0.0569114,-0.0070466,-0.045571,-0.00438113,-0.0459068,0.091046,0.043359,-0.0143966,0.0240524,-0.050057,0.0568767,0.0775772,-0.020646,0.0338802,0.0354079,-0.0250522,-0.0480835,0.000445155,0.0120681,-0.0571911,0.0157663,0.0839592,-0.0774189,0.061192,-0.0809352,0.0436246,0.0158844,0.0829663,-0.0402023,0.0684854,0.0889322,0.033676,0.026345,0.0275828,-0.0446911,-0.0320432,0.0239919,-0.068032,-0.0421789,0.0611437,-0.00696761,0.0508183,0.00754643,0.06877,-0.0643297,0.0653718,-0.0642411,-0.0594724,0.0366314,0.0147883,0.0311187,0.0689543,-0.00573138,-0.015219,0.0525152,0.0695884,-0.09044,0.0802184,-0.0793941,0.0076398,-0.0598853,0.0528205,0.0623106,-0.0687694,
0.0552712,-0.0301335,0.0609936,-0.0659732,0.00722758,0.07014,0.00768778,0.0233847,0.0431354,-0.019364,0.0156398,-0.0713122,-0.0654895,0.0234341,0.0191591,-0.0337082,-0.0868739,-0.0403382,0.0657269,-0.0573702,-0.0797716,0.00872373,-0.0533013,0.0538656,-0.0834979,-0.06639,0.0837465,0.00529734,0.0788304,-0.0454219,0.0340855,-0.0253965,-0.00659544,-0.0035066,-0.0183363,0.0551994,0.0775595,0.0837766,0.0367588,0.00366868,-0.0638648,0.00187722,0.04615,0.0442173,0.0292289,0.0556015,0.0756479,0.0722063,-0.0579494,0.0291191,-0.0765643,-0.024391,0.0323283,-0.0788339,0.0900511,0.0787635,0.0538877,0.00380936,-0.0641236,0.041663,0.0280137,-0.0175619,-0.0634376,0.0729854,-0.0572168,-0.00775068,0.0241934,-0.0751933,-0.0602701,-0.0487628,-0.068546,0.0589794,0.0846383,0.00533797,-0.0579314,0.0283614,-0.0314458,-0.0342934,0.0318275,0.0595861,-0.00464795,-0.0148529,0.0324229,0.0597595,-0.0615786,0.0703477,0.0848995,-0.07848,-0.0836763,-0.0525947,0.0525032,0.047056,-0.0776332,0.0108697,0.0726042,-0.028902,-0.0428838,0.0472106,0.0620552,-0.0633118,0.00502583,0.0518008,0.0574434,-0.0395966,0.0525654,-0.0369806,-0.0669587,0.068,0.0442987,0.0438607,0.0664699,0.0289325,0.0719306,0.0673292,0.0834488,0.0523169,0.0476297,-0.0109614,0.0840839,0.0536898,0.066327,0.0675592,-0.0400873,0.0723237,0.0234884,-0.0492602,-0.0543063,0.0395275,0.0552712,-0.0301335,0.0609936,-0.0659732,0.00722758,0.07014,0.00768778,0.0233847,0.0431354,-0.019364,0.0156398,-0.0713122,-0.0654895,0.0234341,0.0191591,-0.0337082,-0.0868739,-0.0403382,0.0657269,-0.0573702,-0.0797716,0.00872373,-0.0533013,0.0538656,-0.0834979,-0.06639,0.0837465,0.00529734,0.0788304,-0.0454219,0.0340855,-0.0253965,-0.00659544,-0.0035066,-0.0183363,0.0551994,0.0775595,0.0837766,0.0367588,0.00366868,-0.0638648,0.00187722,0.04615,0.0442173,0.0292289,0.0556015,0.0756479,0.0722063,-0.0579494,0.0291191,-0.0765643,-0.024391,0.0323283,-0.0788339,0.0900511,0.0787635,0.0538877,0.00380936,-0.0641236,0.041663,0.0280137,-0.0175619,-0.0634376,0.0729854,-0.0572168,-0.00775068,0.0241934,-0.0751933,-0.0602701,-0.0487628,-0.068546,0.0589794,0.0846383,0.00533797,-0.0579314,0.0283614,-0.0314458,-0.0342934,0.0318275,0.0595861,-0.00464795,-0.0148529,0.0324229,0.0597595,-0.0615786,0.0703477,0.0848995,-0.07848,-0.0836763,-0.0525947,0.0525032,0.047056,-0.0776332,0.0108697,0.0726042,-0.028902,-0.0428838,0.0472106,0.0620552,-0.0633118,0.00502583,0.0518008,0.0574434,-0.0395966,0.0525654,-0.0369806,-0.0669587,0.068,0.0442987,0.0438607,0.0664699,0.0289325,0.0719306,0.0673292,0.0834488,0.0523169,0.0476297,-0.0109614,0.0840839,0.0536898,0.066327,0.0675592,-0.0400873,0.0723237,0.0234884,-0.0492602,-0.0543063,0.0395275,
0.000854978,-0.00333455,0.0654198,-0.0730184,0.0286242,-0.0100669,0.0674971,0.0250841,0.0391609,-0.0226034,-0.0517806,0.0806215,0.0744571,-0.0870006,-0.0588268,-0.0868171,0.0234109,-0.0740887,-0.0351334,-0.0674028,0.0449573,-0.0600317,-0.0458758,0.080191,0.0147607,-0.0433145,0.0443737,-0.0399879,0.0213657,-0.0713263,-0.0611621,0.0263078,0.0108521,-0.0576427,0.0626828,-0.0274556,0.0195185,-0.0291852,-0.00759576,0.0852776,-0.0503841,-0.0721877,-0.0664409,-0.0162712,0.0629636,-0.00793884,0.0317569,0.000876144,-0.0533699,-0.072162,-0.0610326,0.071714,0.0285375,0.0500042,0.0460366,-0.0495232,-0.00753056,0.0443231,-0.0442005,0.062824,0.00111213,0.077044,0.0650129,-0.0629579,-0.0458368,-0.0434343,0.0418439,-0.0591744,0.0658815,0.0062369,-0.0663986,-0.00210824,0.051535,0.0377364,-0.0424221,0.0201629,-0.084524,-0.0460773,0.00582637,0.0337728,-0.0475065,-0.0496633,-0.0414404,0.0567106,-0.0716115,-0.0536209,-0.0378052,-0.0646887,0.0650518,-0.0802852,-0.0735485,0.0617815,-0.052272,-0.0609623,-0.0233555,-0.000931207,-0.0755238,0.0224328,0.0190397,0.0477804,0.0401159,0.0494442,0.053579,-0.0789185,0.0708249,0.0579149,-0.064992,-0.0345857,-0.0832509,-0.0136154,-0.00622687,0.0831765,0.0213383,0.0590233,-0.0267498,0.0413045,0.047115,0.0318581,-0.0511217,-0.0297411,-0.0140105,0.0525889,0.0481479,-0.0761649,0.0527084,0.0850047,0.034044,-0.036921,0.000854978,-0.00333455,0.0654198,-0.0730184,0.0286242,-0.0100669,0.0674971,0.0250841,0.0391609,-0.0226034,-0.0517806,0.0806215,0.0744571,-0.0870006,-0.0588268,-0.0868171,0.0234109,-0.0740887,-0.0351334,-0.0674028,0.0449573,-0.0600317,-0.0458758,0.080191,0.0147607,-0.0433145,0.0443737,-0.0399879,0.0213657,-0.0713263,-0.0611621,0.0263078,0.0108521,-0.0576427,0.0626828,-0.0274556,0.0195185,-0.0291852,-0.00759576,0.0852776,-0.0503841,-0.0721877,-0.0664409,-0.0162712,0.0629636,-0.00793884,0.0317569,0.000876144,-0.0533699,-0.072162,-0.0610326,0.071714,0.0285375,0.0500042,0.0460366,-0.0495232,-0.00753056,0.0443231,-0.0442005,0.062824,0.00111213,0.077044,0.0650129,-0.0629579,-0.0458368,-0.0434343,0.0418439,-0.0591744,0.0658815,0.0062369,-0.0663986,-0.00210824,0.051535,0.0377364,-0.0424221,0.0201629,-0.084524,-0.0460773,0.00582637,0.0337728,-0.0475065,-0.0496633,-0.0414404,0.0567106,-0.0716115,-0.0536209,-0.0378052,-0.0646887,0.0650518,-0.0802852,-0.0735485,0.0617815,-0.052272,-0.0609623,-0.0233555,-0.000931207,-0.0755238,0.0224328,0.0190397,0.0477804,0.0401159,0.0494442,0.053579,-0.0789185,0.0708249,0.0579149,-0.064992,-0.0345857,-0.0832509,-0.0136154,-0.00622687,0.0831765,0.0213383,0.0590233,-0.0267498,0.0413045,0.047115,0.0318581,-0.0511217,-0.0297411,-0.0140105,0.0525889,0.0481479,-0.0761649,0.0527084,0.0850047,0.034044,-0.036921,
-0.00205114,-0.00932376,-0.0435388,-0.0843019,0.00206669,-0.0156339,0.0832186,-0.0159831,0.0507217,0.0103211,0.0855987,0.0361196,-0.0603131,-0.0516196,-0.0374432,-0.0408287,-0.0876261,0.0470125,-0.0749114,0.0576066,0.0629275,0.045128,0.00750675,-0.0442971,0.0139852,0.035665,0.03556,0.0446568,-0.0059751,-0.0322433,-0.00714368,-0.0302445,0.0260169,0.0408043,-0.0293717,0.0492474,0.0414528,0.0170798,-0.00105998,-0.0160446,-0.0570284,-0.0497428,0.0363059,0.0317964,0.00500454,-0.0713773,0.0653355,-0.0525351,-0.0685509,-0.0304222,-0.0713144,0.0419123,0.0452612,0.0875628,0.0145196,0.0131651,-0.0352576,0.0848459,-0.0158108,0.0398287,0.0811755,0.0672816,0.0639508,-0.0572126,0.0576238,-0.0105798,0.00955244,0.0535327,0.00243088,-0.0407464,0.0611591,0.0267752,0.0750454,0.0831991,0.00022997,0.0208977,-0.0861448,-0.0288829,-0.0320433,-0.0151863,0.0133718,-0.076734,-0.0130618,-0.0804124,-0.021091,-0.0783551,0.0254666,-0.0661027,-0.0108304,-0.0917018,0.0217572,0.016925,0.0488446,-0.0722181,0.0466884,-0.0223669,0.0805582,0.0315167,-0.0446215,-0.0424239,-0.025198,-0.0520025,0.0642691,-0.044781,0.0428588,-0.0389373,-0.0820052,0.0810104,0.0859705,3.83021e-05,-0.0144057,0.080161,0.0279299,-0.0172076,0.0117885,-0.0264196,-0.00434551,0.0547783,-0.0658494,-0.0465655,0.0831842,-0.0776137,-0.0789763,-0.0471129,-0.0176913,-0.04612,-0.0427444,-0.0616131,-0.00205114,-0.00932376,-0.0435388,-0.0843019,0.00206669,-0.0156339,0.0832186,-0.0159831,0.0507217,0.0103211,0.0855987,0.0361196,-0.0603131,-0.0516196,-0.0374432,-0.0408287,-0.0876261,0.0470125,-0.0749114,0.0576066,0.0629275,0.045128,0.00750675,-0.0442971,0.0139852,0.035665,0.03556,0.0446568,-0.0059751,-0.0322433,-0.00714368,-0.0302445,0.0260169,0.0408043,-0.0293717,0.0492474,0.0414528,0.0170798,-0.00105998,-0.0160446,-0.0570284,-0.0497428,0.0363059,0.0317964,0.00500454,-0.0713773,0.0653355,-0.0525351,-0.0685509,-0.0304222,-0.0713144,0.0419123,0.0452612,0.0875628,0.0145196,0.0131651,-0.0352576,0.0848459,-0.0158108,0.0398287,0.0811755,0.0672816,0.0639508,-0.0572126,0.0576238,-0.0105798,0.00955244,0.0535327,0.00243088,-0.0407464,0.0611591,0.0267752,0.0750454,0.0831991,0.00022997,0.0208977,-0.0861448,-0.0288829,-0.0320433,-0.0151863,0.0133718,-0.076734,-0.0130618,-0.0804124,-0.021091,-0.0783551,0.0254666,-0.0661027,-0.0108304,-0.0917018,0.0217572,0.016925,0.0488446,-0.0722181,0.0466884,-0.0223669,0.0805582,0.0315167,-0.0446215,-0.0424239,-0.025198,-0.0520025,0.0642691,-0.044781,0.0428588,-0.0389373,-0.0820052,0.0810104,0.0859705,3.83021e-05,-0.0144057,0.080161,0.0279299,-0.0172076,0.0117885,-0.0264196,-0.00434551,0.0547783,-0.0658494,-0.0465655,0.0831842,-0.0776137,-0.0789763,-0.0471129,-0.0176913,-0.04612,-0.0427444,-0.0616131,
0.0570911,-0.0258141,-0.0124352,-0.0207054,0.012343,0.0554255,-0.056684,-0.00660021,-0.0319437,-0.073172,0.0689738,0.0711149,0.00427951,-0.0117707,0.0351588,0.0412018,0.0572089,0.00344412,-0.012057,0.0685591,0.0897105,-0.0237545,-0.0502173,-0.00154773,-0.00637068,-0.0560938,0.077357,0.0792705,0.0019598,0.0497731,-0.0132042,0.0183497,-0.0531992,-0.00407689,-0.0298797,0.0236991,0.00994806,-0.0230478,-0.0851706,0.064597,0.0447549,0.00228354,-0.0444735,-0.0395765,-0.0378143,0.0344931,0.0148542,-0.0433532,0.0327437,0.0736718,-0.0752448,0.0398268,0.0631782,-0.0552121,0.0608365,0.0747626,0.0346846,-0.0272988,-0.00140864,-0.0454802,0.0597822,-0.0325082,0.0038523,-0.065199,-0.0461282,-0.0350126,0.0660828,0.0484881,-0.0231268,-0.0496241,0.0695115,-0.0518338,0.0215732,-0.0448537,-0.0525716,-0.0393819,0.0350814,-0.0366946,-0.0576688,0.0350903,-0.0740606,-0.0214784,0.0663929,-0.0111851,0.0390499,-0.0702892,-0.0465372,-0.041052,0.0594503,0.0561515,0.0609802,0.0790507,-0.0259312,0.017464,0.0418256,0.0560795,0.0497227,0.0299546,-0.0671639,-0.0762779,0.0392023,-0.0789577,-0.0102575,-0.0743176,-0.0362523,-0.0221792,0.0235534,0.0349807,-0.088541,-0.00644262,0.0380189,-0.0837393,0.0783795,0.0478437,0.00198346,-0.0438392,0.0121985,-0.00507724,0.0651543,0.0645216,0.0814679,0.0474984,-0.0286589,0.0604421,-0.0521183,-0.0130324,-0.0511962,-0.0247235,0.0570911,-0.0258141,-0.0124352,-0.0207054,0.012343,0.0554255,-0.056684,-0.00660021,-0.0319437,-0.073172,0.0689738,0.0711149,0.00427951,-0.0117707,0.0351588,0.0412018,0.0572089,0.00344412,-0.012057,0.0685591,0.0897105,-0.0237545,-0.0502173,-0.00154773,-0.00637068,-0.0560938,0.077357,0.0792705,0.0019598,0.0497731,-0.0132042,0.0183497,-0.0531992,-0.00407689,-0.0298797,0.0236991,0.00994806,-0.0230478,-0.0851706,0.064597,0.0447549,0.00228354,-0.0444735,-0.0395765,-0.0378143,0.0344931,0.0148542,-0.0433532,0.0327437,0.0736718,-0.0752448,0.0398268,0.0631782,-0.0552121,0.0608365,0.0747626,0.0346846,-0.0272988,-0.00140864,-0.0454802,0.0597822,-0.0325082,0.0038523,-0.065199,-0.0461282,-0.0350126,0.0660828,0.0484881,-0.0231268,-0.0496241,0.0695115,-0.0518338,0.0215732,-0.0448537,-0.0525716,-0.0393819,0.0350814,-0.0366946,-0.0576688,0.0350903,-0.0740606,-0.0214784,0.0663929,-0.0111851,0.0390499,-0.0702892,-0.0465372,-0.041052,0.0594503,0.0561515,0.0609802,0.0790507,-0.0259312,0.017464,0.0418256,0.0560795,0.0497227,0.0299546,-0.0671639,-0.0762779,0.0392023,-0.0789577,-0.0102575,-0.0743176,-0.0362523,-0.0221792,0.0235534,0.0349807,-0.088541,-0.00644262,0.0380189,-0.0837393,0.0783795,0.0478437,0.00198346,-0.0438392,0.0121985,-0.00507724,0.0651543,0.0645216,0.0814679,0.0474984,-0.0286589,0.0604421,-0.0521183,-0.0130324,-0.0511962,-0.0247235,
0.0409616,0.0413885,-0.0655255,-0.0365932,0.0431846,0.0564095,0.0236622,0.0304639,0.0659215,0.0220453,-0.0335864,0.0257782,-0.0371617,-0.00375038,-0.0626312,0.056658,0.0203888,0.0664885,0.0485423,0.0713698,-0.0776823,-0.0344096,0.0799248,-0.0120914,-0.025469,0.0461767,0.0857469,-0.0686813,-0.0708838,0.0343909,-0.0347073,0.0696763,0.085324,0.0328,0.0289971,0.0269625,0.000477117,-0.0670913,0.0390238,0.0871233,-0.0185944,-0.057486,0.050067,-0.004947,0.0666554,0.000218629,-0.0148409,0.0512202,0.0199381,-0.0731178,-0.0340467,0.035817,-0.0508425,-0.0628168,-0.0370652,-0.0775591,0.0460649,-0.00587714,0.0659511,0.0630465,-0.0629937,-0.0582166,0.00279514,0.0483526,0.0141742,0.0458992,0.0437746,-0.00435193,-0.0526403,0.0282815,0.0510395,-0.0166861,-0.0895227,0.087691,-0.0645361,0.035871,0.0587136,-0.0664634,0.0132615,-0.0432656,0.0829797,-0.0554698,-0.0502737,0.0714176,-0.0695101,0.00479327,0.0596811,0.0403424,0.00916563,0.0405954,-0.0108156,0.0844867,-0.0694301,0.0646857,0.0373431,0.0520149,-0.0281585,0.0188927,0.0363858,0.0879268,-0.0849551,-0.046967,0.0706595,0.0915761,-0.0727111,-0.0219092,0.0691873,-0.0120582,0.0727144,-0.081502,0.035205,-0.0850639,-0.0383278,0.0838723,-0.0591655,0.0236648,-0.00195244,0.0166744,-0.0418967,-0.0466511,0.00479708,-0.0484593,-0.0719502,-0.0246105,0.0498944,0.0452113,0.0828834,0.0446279,0.0409616,0.0413885,-0.0655255,-0.0365932,0.0431846,0.0564095,0.0236622,0.0304639,0.0659215,0.0220453,-0.0335864,0.0257782,-0.0371617,-0.00375038,-0.0626312,0.056658,0.0203888,0.0664885,0.0485423,0.0713698,-0.0776823,-0.0344096,0.0799248,-0.0120914,-0.025469,0.0461767,0.0857469,-0.0686813,-0.0708838,0.0343909,-0.0347073,0.0696763,0.085324,0.0328,0.0289971,0.0269625,0.000477117,-0.0670913,0.0390238,0.0871233,-0.0185944,-0.057486,0.050067,-0.004947,0.0666554,0.000218629,-0.0148409,0.0512202,0.0199381,-0.0731178,-0.0340467,0.035817,-0.0508425,-0.0628168,-0.0370652,-0.0775591,0.0460649,-0.00587714,0.0659511,0.0630465,-0.0629937,-0.0582166,0.00279514,0.0483526,0.0141742,0.0458992,0.0437746,-0.00435193,-0.0526403,0.0282815,0.0510395,-0.0166861,-0.0895227,0.087691,-0.0645361,0.035871,0.0587136,-0.0664634,0.0132615,-0.0432656,0.0829797,-0.0554698,-0.0502737,0.0714176,-0.0695101,0.00479327,0.0596811,0.0403424,0.00916563,0.0405954,-0.0108156,0.0844867,-0.0694301,0.0646857,0.0373431,0.0520149,-0.0281585,0.0188927,0.0363858,0.0879268,-0.0849551,-0.046967,0.0706595,0.0915761,-0.0727111,-0.0219092,0.0691873,-0.0120582,0.0727144,-0.081502,0.035205,-0.0850639,-0.0383278,0.0838723,-0.0591655,0.0236648,-0.00195244,0.0166744,-0.0418967,-0.0466511,0.00479708,-0.0484593,-0.0719502,-0.0246105,0.0498944,0.0452113,0.0828834,0.0446279,
0.0281474,-0.0417578,-0.0824027,0.0633427,0.0167803,-0.0440683,-0.0707517,-0.0226121,-0.0316308,0.0590575,-0.0428113,0.0656976,0.0434295,-0.0434438,0.012385,-0.0105666,0.0824813,0.0925423,0.0295038,-0.0801289,0.0228347,-0.0889072,0.00220853,-0.0693905,0.0249597,0.0735294,-0.0447125,0.0125945,0.0313967,-0.0913599,-0.036035,-0.0335564,-0.0773148,0.0812656,-0.0236717,0.0257159,0.0864983,0.0635316,0.0492179,0.00509085,0.0214247,0.0256885,0.031669,-0.00158636,-0.00838229,-0.0181338,0.0412079,0.0202827,0.0534994,-0.0345904,0.0165961,0.0191294,0.043897,0.0182748,-0.0837375,-0.0311295,0.0233309,-0.0607142,-0.0868181,-0.0289865,-0.0379966,-0.00780748,0.0882748,0.0108685,0.00901592,-0.00160358,-0.0168372,-0.0275067,-0.01409,0.0133641,0.0383594,-0.0805035,0.0027479,0.0532493,0.0643439,-0.0389103,0.0366919,-0.0363241,0.00873009,0.000271126,-0.086558,-0.0612268,-0.0352001,0.00298747,-0.0750627,-0.0395853,-0.0581969,-0.0567647,-0.0881258,-0.00939533,-0.0758248,0.0634438,-0.0272346,0.044317,0.00718174,0.0774147,0.037317,0.0875916,0.00373364,-0.000328924,0.0659664,0.0866482,-0.0766884,-0.0361743,0.031129,-0.0858386,-0.0779886,0.0520353,0.0272709,-0.0160282,-0.0482085,-0.0126875,-0.020694,0.00763584,0.0306168,-0.0621069,0.0716994,0.0376676,-0.0703388,0.083548,0.00455308,-0.0631176,0.0649502,-0.0608395,-0.0285802,0.0681674,0.0165951,-0.0561936,0.0281474,-0.0417578,-0.0824027,0.0633427,0.0167803,-0.0440683,-0.0707517,-0.0226121,-0.0316308,0.0590575,-0.0428113,0.0656976,0.0434295,-0.0434438,0.012385,-0.0105666,0.0824813,0.0925423,0.0295038,-0.0801289,0.0228347,-0.0889072,0.00220853,-0.0693905,0.0249597,0.0735294,-0.0447125,0.0125945,0.0313967,-0.0913599,-0.036035,-0.0335564,-0.0773148,0.0812656,-0.0236717,0.0257159,0.0864983,0.0635316,0.0492179,0.00509085,0.0214247,0.0256885,0.031669,-0.00158636,-0.00838229,-0.0181338,0.0412079,0.0202827,0.0534994,-0.0345904,0.0165961,0.0191294,0.043897,0.0182748,-0.0837375,-0.0311295,0.0233309,-0.0607142,-0.0868181,-0.0289865,-0.0379966,-0.00780748,0.0882748,0.0108685,0.00901592,-0.00160358,-0.0168372,-0.0275067,-0.01409,0.0133641,0.0383594,-0.0805035,0.0027479,0.0532493,0.0643439,-0.0389103,0.0366919,-0.0363241,0.00873009,0.000271126,-0.086558,-0.0612268,-0.0352001,0.00298747,-0.0750627,-0.0395853,-0.0581969,-0.0567647,-0.0881258,-0.00939533,-0.0758248,0.0634438,-0.0272346,0.044317,0.00718174,0.0774147,0.037317,0.0875916,0.00373364,-0.000328924,0.0659664,0.0866482,-0.0766884,-0.0361743,0.031129,-0.0858386,-0.0779886,0.0520353,0.0272709,-0.0160282,-0.0482085,-0.0126875,-0.020694,0.00763584,0.0306168,-0.0621069,0.0716994,0.0376676,-0.0703388,0.083548,0.00455308,-0.0631176,0.0649502,-0.0608395,-0.0285802,0.0681674,0.0165951,-0.0561936,
-0.0289507,0.0175491,0.0295809,-0.0254074,0.0874053,-0.0642997,-0.0290071,-0.015073,0.00265383,-0.0605072,0.0680506,-0.040075,-0.0168244,-0.0756368,0.00353216,0.0513939,-0.0264201,-0.0161757,-0.0775948,-0.0596024,-0.0879479,-0.0399128,0.0623226,0.0653934,0.0116522,0.0134046,-0.0337879,-0.0851221,-0.0836127,-0.0125358,0.0327973,0.0303535,0.0565599,-0.0241356,0.0290709,0.0695832,0.0679446,0.0844327,0.0804319,-0.00988381,-0.0585699,0.0135893,0.0533835,0.0328379,0.0223102,0.0322264,0.0727662,0.0520835,-0.0193833,-0.0366467,-0.0615451,0.0725109,0.060542,-0.030721,0.0520833,-0.0844009,0.0364239,0.0435632,-0.0757448,0.0378861,0.073582,0.00975019,-0.0652893,0.010954,0.0404573,0.0340869,-0.0128923,0.071394,-0.0427907,0.0189169,-0.0373681,-0.0584961,-0.0349238,0.0396056,0.00906146,0.018103,-0.0187805,0.0562138,-0.0113682,-0.0745451,0.0381859,0.0738577,0.00129135,0.0289003,0.0393794,-0.0418931,-0.0578101,-0.0135728,0.00282018,0.0171531,0.0241667,0.0311136,-0.0537145,-0.0178701,-0.00523278,0.0725052,0.0305992,0.0519677,0.044238,0.0390953,-0.00463839,0.0340797,-0.0372871,-0.025349,0.0751906,-0.0168125,0.0814181,-0.0523494,0.0610243,-0.005852,0.0576801,0.0769438,-0.0814805,0.0978345,-0.0857722,0.084458,-0.0808546,-0.0572481,0.0121292,-0.0216586,0.0313646,-0.0834292,0.071579,0.060439,-0.0868757,-0.0724836,-0.0293918,-0.0743202,-0.0289507,0.0175491,0.0295809,-0.0254074,0.0874053,-0.0642997,-0.0290071,-0.015073,0.00265383,-0.0605072,0.0680506,-0.040075,-0.0168244,-0.0756368,0.00353216,0.0513939,-0.0264201,-0.0161757,-0.0775948,-0.0596024,-0.0879479,-0.0399128,0.0623226,0.0653934,0.0116522,0.0134046,-0.0337879,-0.0851221,-0.0836127,-0.0125358,0.0327973,0.0303535,0.0565599,-0.0241356,0.0290709,0.0695832,0.0679446,0.0844327,0.0804319,-0.00988381,-0.0585699,0.0135893,0.0533835,0.0328379,0.0223102,0.0322264,0.0727662,0.0520835,-0.0193833,-0.0366467,-0.0615451,0.0725109,0.060542,-0.030721,0.0520833,-0.0844009,0.0364239,0.0435632,-0.0757448,0.0378861,0.073582,0.00975019,-0.0652893,0.010954,0.0404573,0.0340869,-0.0128923,0.071394,-0.0427907,0.0189169,-0.0373681,-0.0584961,-0.0349238,0.0396056,0.00906146,0.018103,-0.0187805,0.0562138,-0.0113682,-0.0745451,0.0381859,0.0738577,0.00129135,0.0289003,0.0393794,-0.0418931,-0.0578101,-0.0135728,0.00282018,0.0171531,0.0241667,0.0311136,-0.0537145,-0.0178701,-0.00523278,0.0725052,0.0305992,0.0519677,0.044238,0.0390953,-0.00463839,0.0340797,-0.0372871,-0.025349,0.0751906,-0.0168125,0.0814181,-0.0523494,0.0610243,-0.005852,0.0576801,0.0769438,-0.0814805,0.0978345,-0.0857722,0.084458,-0.0808546,-0.0572481,0.0121292,-0.0216586,0.0313646,-0.0834292,0.071579,0.060439,-0.0868757,-0.0724836,-0.0293918,-0.0743202,
-0.0586161,-0.0512201,-0.0264272,0.0331382,0.0823788,0.0515241,0.0410145,-0.042859,0.0709423,0.0914899,-0.0354079,-0.0295464,0.0512975,0.0516787,-0.00858911,-0.0476486,-0.0350602,0.0675241,0.0735975,-0.0458615,-0.0553851,-0.0624533,-0.0410571,0.0701782,-0.0329374,0.0336257,0.0572797,-0.0311896,0.0708518,-0.000118514,0.00617983,0.0427618,-0.0723088,0.017136,0.059719,-0.0330552,-0.0133513,0.0518045,0.00124444,0.0259102,-0.0211766,-0.00663891,-0.0303772,-0.0470645,0.0333272,0.0314545,-0.0574072,-0.0209232,-0.0137756,0.0456758,-0.0212149,-0.00471546,0.0290356,-0.0365823,-0.0351318,0.0776117,0.0734137,0.0381574,-0.02378,0.0262638,0.0613639,-0.0611774,-0.0755004,-0.0317055,0.0868603,-0.0598818,-0.00352068,-0.037694,-0.0425902,-0.00593964,0.0333993,0.0586959,-0.0509688,-0.0219773,-0.0842411,-0.0194067,0.0839547,-0.0707655,0.0457232,0.0685104,-0.0361581,0.0581734,-0.0107276,0.0595057,-0.00972066,-0.0643771,0.0797319,0.0058032,-0.0745858,0.0763051,-0.0112246,0.0735195,0.0851179,0.0239379,0.0797778,-0.0209308,-0.0698855,-0.0473194,-0.0340872,0.0625709,-0.0365908,-0.0157185,-0.0229768,-0.0185423,-0.0748849,-0.0399918,-0.0826728,-0.0741727,-0.0160614,0.0813803,0.0515213,-0.0158827,0.0047482,-0.0759132,-0.0409154,-0.0749089,0.0584223,0.0249755,0.0383866,0.0553911,0.0612355,-0.0285219,-0.0516889,-0.078536,-0.0774257,-0.0827478,-0.0739297,-0.00745521,-0.0586161,-0.0512201,-0.0264272,0.0331382,0.0823788,0.0515241,0.0410145,-0.042859,0.0709423,0.0914899,-0.0354079,-0.0295464,0.0512975,0.0516787,-0.00858911,-0.0476486,-0.0350602,0.0675241,0.0735975,-0.0458615,-0.0553851,-0.0624533,-0.0410571,0.0701782,-0.0329374,0.0336257,0.0572797,-0.0311896,0.0708518,-0.000118514,0.00617983,0.0427618,-0.0723088,0.017136,0.059719,-0.0330552,-0.0133513,0.0518045,0.00124444,0.0259102,-0.0211766,-0.00663891,-0.0303772,-0.0470645,0.0333272,0.0314545,-0.0574072,-0.0209232,-0.0137756,0.0456758,-0.0212149,-0.00471546,0.0290356,-0.0365823,-0.0351318,0.0776117,0.0734137,0.0381574,-0.02378,0.0262638,0.0613639,-0.0611774,-0.0755004,-0.0317055,0.0868603,-0.0598818,-0.00352068,-0.037694,-0.0425902,-0.00593964,0.0333993,0.0586959,-0.0509688,-0.0219773,-0.0842411,-0.0194067,0.0839547,-0.0707655,0.0457232,0.0685104,-0.0361581,0.0581734,-0.0107276,0.0595057,-0.00972066,-0.0643771,0.0797319,0.0058032,-0.0745858,0.0763051,-0.0112246,0.0735195,0.0851179,0.0239379,0.0797778,-0.0209308,-0.0698855,-0.0473194,-0.0340872,0.0625709,-0.0365908,-0.0157185,-0.0229768,-0.0185423,-0.0748849,-0.0399918,-0.0826728,-0.0741727,-0.0160614,0.0813803,0.0515213,-0.0158827,0.0047482,-0.0759132,-0.0409154,-0.0749089,0.0584223,0.0249755,0.0383866,0.0553911,0.0612355,-0.0285219,-0.0516889,-0.078536,-0.0774257,-0.0827478,-0.0739297,-0.00745521,
0.0633265,-0.00866412,0.0800984,-0.00270256,0.0578578,-0.0285961,-0.0648016,0.0607136,-0.0316702,-0.0611796,-0.0827971,-0.0144693,-0.078564,0.0398203,-0.0135596,0.0330252,-0.0771808,0.0711221,0.0756598,0.0575491,0.0219066,-0.0604197,0.00737388,-0.0842155,-0.00424229,0.000450755,-0.0365152,0.0602879,0.0837953,0.018224,-0.0851489,0.0488857,0.00357964,-0.0613932,-0.0303662,0.0349461,-0.0079176,0.0292969,-0.0555206,0.0759838,0.0386413,-0.0804112,-0.0462702,-0.0757626,0.0235517,-0.0120632,-0.0733865,0.0547259,-0.0678031,-0.0522326,-0.0647756,0.0142858,-0.0555935,0.0865446,0.0356001,0.00862446,-0.00771345,-0.000105272,0.0309691,-0.0145356,-0.0154597,-0.00905707,0.0281181,-0.045492,-0.0475974,-0.0358774,0.00467328,0.0384147,-0.00250344,0.0744898,-0.056156,0.057573,-0.075721,-0.00328863,-0.0198244,-0.0729734,-0.0114457,0.0382412,0.0493653,0.0487695,-0.0874711,0.0567772,0.0491984,-0.03843,-0.0193602,-0.0330612,-0.0437624,0.0449865,0.0331415,-0.0427795,-0.0187885,0.0496908,0.069659,0.0413988,-0.0705909,0.064942,0.048638,0.0206041,0.0687448,0.051187,0.0418414,-0.0819656,-0.0577001,-0.0324212,0.0672349,0.0610047,0.0140838,0.0147123,0.0396342,-0.0257727,0.0784918,0.0681539,0.0468251,-0.0200994,0.0351465,-0.0663984,0.0154266,-0.0733397,-0.0870441,0.0663119,-0.018587,0.0615507,0.0112644,0.0639563,0.0681984,-0.0421299,-0.0609833,-0.0314593,0.0633265,-0.00866412,0.0800984,-0.00270256,0.0578578,-0.0285961,-0.0648016,0.0607136,-0.0316702,-0.0611796,-0.0827971,-0.0144693,-0.078564,0.0398203,-0.0135596,0.0330252,-0.0771808,0.0711221,0.0756598,0.0575491,0.0219066,-0.0604197,0.00737388,-0.0842155,-0.00424229,0.000450755,-0.0365152,0.0602879,0.0837953,0.018224,-0.0851489,0.0488857,0.00357964,-0.0613932,-0.0303662,0.0349461,-0.0079176,0.0292969,-0.0555206,0.0759838,0.0386413,-0.0804112,-0.0462702,-0.0757626,0.0235517,-0.0120632,-0.0733865,0.0547259,-0.0678031,-0.0522326,-0.0647756,0.0142858,-0.0555935,0.0865446,0.0356001,0.00862446,-0.00771345,-0.000105272,0.0309691,-0.0145356,-0.0154597,-0.00905707,0.0281181,-0.045492,-0.0475974,-0.0358774,0.00467328,0.0384147,-0.00250344,0.0744898,-0.056156,0.057573,-0.075721,-0.00328863,-0.0198244,-0.0729734,-0.0114457,0.0382412,0.0493653,0.0487695,-0.0874711,0.0567772,0.0491984,-0.03843,-0.0193602,-0.0330612,-0.0437624,0.0449865,0.0331415,-0.0427795,-0.0187885,0.0496908,0.069659,0.0413988,-0.0705909,0.064942,0.048638,0.0206041,0.0687448,0.051187,0.0418414,-0.0819656,-0.0577001,-0.0324212,0.0672349,0.0610047,0.0140838,0.0147123,0.0396342,-0.0257727,0.0784918,0.0681539,0.0468251,-0.0200994,0.0351465,-0.0663984,0.0154266,-0.0733397,-0.0870441,0.0663119,-0.018587,0.0615507,0.0112644,0.0639563,0.0681984,-0.0421299,-0.0609833,-0.0314593,
0.00320533,0.0510049,0.0753562,0.0459088,0.0720393,-0.0801922,-0.0039036,-0.0713079,0.0691608,-0.0204995,0.0766475,-0.0529676,0.0753383,0.0643689,-0.0467745,-0.0484784,0.0297542,0.0705131,-0.0244548,-0.0171834,-0.042995,0.0244529,0.0633616,-0.0665196,0.0403344,0.0761824,-0.00697188,0.0354415,0.0649007,-0.0348808,-0.0548443,-0.00189174,-0.00886329,-0.039351,-0.0675781,-0.0582402,-0.0457177,-0.0162444,-0.0334432,-0.0581071,0.0915446,0.0417346,-0.0634168,0.0635677,-0.0330076,0.0784524,0.0760577,0.0688261,0.0672876,-0.0797743,-0.0859976,-0.0686005,0.0471878,-0.0249068,-0.0179936,0.0740341,-0.0109689,0.0817632,0.00225244,0.0522628,0.0714985,0.042309,0.090982,-0.05667,-0.00365212,0.0869689,0.0270764,0.0664645,0.0616209,0.0378099,-0.0412511,0.0755052,-0.032353,-0.0806776,-0.019502,0.0794641,0.085961,-0.048173,0.0592071,-0.0567852,0.0394432,-0.0326646,-0.0365106,-0.0733687,-0.0762095,-0.0198324,0.000897896,-0.0390573,-0.0788307,-0.0359525,0.0772463,-0.0352948,-0.0129077,-0.0946448,-0.0334542,0.0742989,-0.0741184,0.0716328,-0.010999,0.0441872,-0.00598924,-0.0719354,0.0690871,0.023861,-0.0264947,0.069517,0.0598041,0.037549,-0.0855414,0.0135545,-0.0728239,-0.052937,0.0846663,-0.0808172,0.0614781,-0.0415266,-0.0105274,-0.0699874,-0.0763783,-0.0262206,0.00220803,0.0119127,-0.0170843,-0.0678264,2.5193e-05,-0.0584594,-0.0855152,-0.00315941,0.00320533,0.0510049,0.0753562,0.0459088,0.0720393,-0.0801922,-0.0039036,-0.0713079,0.0691608,-0.0204995,0.0766475,-0.0529676,0.0753383,0.0643689,-0.0467745,-0.0484784,0.0297542,0.0705131,-0.0244548,-0.0171834,-0.042995,0.0244529,0.0633616,-0.0665196,0.0403344,0.0761824,-0.00697188,0.0354415,0.0649007,-0.0348808,-0.0548443,-0.00189174,-0.00886329,-0.039351,-0.0675781,-0.0582402,-0.0457177,-0.0162444,-0.0334432,-0.0581071,0.0915446,0.0417346,-0.0634168,0.0635677,-0.0330076,0.0784524,0.0760577,0.0688261,0.0672876,-0.0797743,-0.0859976,-0.0686005,0.0471878,-0.0249068,-0.0179936,0.0740341,-0.0109689,0.0817632,0.00225244,0.0522628,0.0714985,0.042309,0.090982,-0.05667,-0.00365212,0.0869689,0.0270764,0.0664645,0.0616209,0.0378099,-0.0412511,0.0755052,-0.032353,-0.0806776,-0.019502,0.0794641,0.085961,-0.048173,0.0592071,-0.0567852,0.0394432,-0.0326646,-0.0365106,-0.0733687,-0.0762095,-0.0198324,0.000897896,-0.0390573,-0.0788307,-0.0359525,0.0772463,-0.0352948,-0.0129077,-0.0946448,-0.0334542,0.0742989,-0.0741184,0.0716328,-0.010999,0.0441872,-0.00598924,-0.0719354,0.0690871,0.023861,-0.0264947,0.069517,0.0598041,0.037549,-0.0855414,0.0135545,-0.0728239,-0.052937,0.0846663,-0.0808172,0.0614781,-0.0415266,-0.0105274,-0.0699874,-0.0763783,-0.0262206,0.00220803,0.0119127,-0.0170843,-0.0678264,2.5193e-05,-0.0584594,-0.0855152,-0.00315941,
0.0564043,-0.0127787,-0.0137195,-0.00719504,-0.0872836,0.00478436,-0.0338011,0.0873735,-0.0614723,0.0323357,-0.0641242,-0.0434801,0.0469942,0.0516031,0.0192147,-0.0671422,-0.0427981,0.0741672,0.0374599,0.0758595,-0.0255918,-0.0155744,-0.0621499,0.0620485,-0.0305802,0.0563548,-0.0191666,0.0781432,0.0862719,-0.0374458,0.0285214,0.0535776,-0.063242,-0.00208672,0.0772815,0.0421959,-0.0212924,0.0373134,-0.0837834,0.047526,0.0760338,0.0135126,0.0189858,0.0136602,-0.0577549,0.0330462,-0.0650051,0.00347578,0.0580684,-0.0257014,-0.0646489,-0.0012408,0.0813623,0.0236725,0.0832895,-0.0566898,-0.0774775,-0.0702755,0.0137087,0.0614748,0.0177329,0.0229192,-0.0137226,-0.0314347,-0.0119061,0.012876,-0.0527475,-0.0850382,-0.00993934,0.00204364,-0.068627,0.0351783,0.0327624,0.0476011,-0.0776264,-0.0142289,0.0370963,0.0629261,-0.0740526,0.0492586,-0.086034,-0.0453546,-0.0614528,0.0630296,0.0826038,0.0103841,-0.0705176,-0.0561132,-0.063881,-0.0815204,0.0135244,-0.00976452,0.0538531,0.0395211,-0.0221569,-0.00376087,0.06788,-0.0306664,-0.055145,-0.0411269,-0.00840825,-0.0651354,-0.0257094,-0.0313106,-0.070844,-0.0735017,-0.0544342,0.0552684,0.0111143,-0.0720561,0.00936779,-0.0003907,0.0244048,0.0607643,0.0447022,0.0141324,-0.0166273,-0.023177,0.00834512,-0.0489474,0.000887546,0.00475583,-0.077344,-0.019983,0.0625487,0.0482263,-0.061023,0.00625801,0.0564043,-0.0127787,-0.0137195,-0.00719504,-0.0872836,0.00478436,-0.0338011,0.0873735,-0.0614723,0.0323357,-0.0641242,-0.0434801,0.0469942,0.0516031,0.0192147,-0.0671422,-0.0427981,0.0741672,0.0374599,0.0758595,-0.0255918,-0.0155744,-0.0621499,0.0620485,-0.0305802,0.0563548,-0.0191666,0.0781432,0.0862719,-0.0374458,0.0285214,0.0535776,-0.063242,-0.00208672,0.0772815,0.0421959,-0.0212924,0.0373134,-0.0837834,0.047526,0.0760338,0.0135126,0.0189858,0.0136602,-0.0577549,0.0330462,-0.0650051,0.00347578,0.0580684,-0.0257014,-0.0646489,-0.0012408,0.0813623,0.0236725,0.0832895,-0.0566898,-0.0774775,-0.0702755,0.0137087,0.0614748,0.0177329,0.0229192,-0.0137226,-0.0314347,-0.0119061,0.012876,-0.0527475,-0.0850382,-0.00993934,0.00204364,-0.068627,0.0351783,0.0327624,0.0476011,-0.0776264,-0.0142289,0.0370963,0.0629261,-0.0740526,0.0492586,-0.086034,-0.0453546,-0.0614528,0.0630296,0.0826038,0.0103841,-0.0705176,-0.0561132,-0.063881,-0.0815204,0.0135244,-0.00976452,0.0538531,0.0395211,-0.0221569,-0.00376087,0.06788,-0.0306664,-0.055145,-0.0411269,-0.00840825,-0.0651354,-0.0257094,-0.0313106,-0.070844,-0.0735017,-0.0544342,0.0552684,0.0111143,-0.0720561,0.00936779,-0.0003907,0.0244048,0.0607643,0.0447022,0.0141324,-0.0166273,-0.023177,0.00834512,-0.0489474,0.000887546,0.00475583,-0.077344,-0.019983,0.0625487,0.0482263,-0.061023,0.00625801,
0.0802573,-0.0255228,-0.0363482,-0.0507924,-0.0616541,0.0243951,-0.0569756,0.0869834,-0.0366555,0.0524138,0.0605322,0.0709691,0.00430872,0.054133,0.0660607,0.0512773,0.0567709,0.0155215,0.0571292,-0.0242748,0.0102611,-0.0243053,0.0774658,-0.0318572,0.00902995,-0.0453988,0.0758176,0.0127181,-0.0482176,0.0330583,-0.0855314,-0.0338453,0.0829835,0.0599376,-0.0691687,0.092574,-0.0828405,-0.00909486,0.00330846,0.00380469,0.0325644,-0.0161713,0.00757414,0.0483273,-0.03182,0.0759261,0.0203894,0.060541,-0.0704169,0.0577748,-0.0859958,0.0651027,-0.00839894,0.0330125,0.0454478,-0.0446662,-0.0362937,-0.0535185,0.0275843,-0.0429785,-0.0395361,0.0459536,-0.0792254,-0.0342761,0.0227904,-0.0410968,0.026384,-0.00312076,0.00516776,0.02251,0.0666292,0.0350775,-0.0691267,0.0427844,0.0743155,-0.0510124,0.0639713,0.0450236,-0.0568882,-0.00660011,-0.0561266,0.0269692,-0.0605599,-0.0476905,-0.0505945,0.011415,0.0830958,-0.0249612,0.0598623,0.067875,0.0189945,-0.0249429,0.0232273,0.0732739,0.0839401,-0.0466344,0.00562949,-0.020204,-0.0541857,-0.03134,-0.0950924,-0.0580566,0.0406304,-0.0816845,0.0347071,0.0319425,-0.0680587,-0.033853,-0.0894712,-0.0656197,-0.00165585,0.0493115,-0.0813744,0.0407206,-0.077785,0.0108377,-0.0470233,-0.0519116,0.0898961,-0.000690606,0.0167864,-0.0401142,0.079914,0.0175509,-0.0789405,0.0363059,0.0120071,-0.0693289,0.0802573,-0.0255228,-0.0363482,-0.0507924,-0.0616541,0.0243951,-0.0569756,0.0869834,-0.0366555,0.0524138,0.0605322,0.0709691,0.00430872,0.054133,0.0660607,0.0512773,0.0567709,0.0155215,0.0571292,-0.0242748,0.0102611,-0.0243053,0.0774658,-0.0318572,0.00902995,-0.0453988,0.0758176,0.0127181,-0.0482176,0.0330583,-0.0855314,-0.0338453,0.0829835,0.0599376,-0.0691687,0.092574,-0.0828405,-0.00909486,0.00330846,0.00380469,0.0325644,-0.0161713,0.00757414,0.0483273,-0.03182,0.0759261,0.0203894,0.060541,-0.0704169,0.0577748,-0.0859958,0.0651027,-0.00839894,0.0330125,0.0454478,-0.0446662,-0.0362937,-0.0535185,0.0275843,-0.0429785,-0.0395361,0.0459536,-0.0792254,-0.0342761,0.0227904,-0.0410968,0.026384,-0.00312076,0.00516776,0.02251,0.0666292,0.0350775,-0.0691267,0.0427844,0.0743155,-0.0510124,0.0639713,0.0450236,-0.0568882,-0.00660011,-0.0561266,0.0269692,-0.0605599,-0.0476905,-0.0505945,0.011415,0.0830958,-0.0249612,0.0598623,0.067875,0.0189945,-0.0249429,0.0232273,0.0732739,0.0839401,-0.0466344,0.00562949,-0.020204,-0.0541857,-0.03134,-0.0950924,-0.0580566,0.0406304,-0.0816845,0.0347071,0.0319425,-0.0680587,-0.033853,-0.0894712,-0.0656197,-0.00165585,0.0493115,-0.0813744,0.0407206,-0.077785,0.0108377,-0.0470233,-0.0519116,0.0898961,-0.000690606,0.0167864,-0.0401142,0.079914,0.0175509,-0.0789405,0.0363059,0.0120071,-0.0693289,
0.0135767,0.0154206,-0.0429215,0.0501226,-0.0178869,-0.0727325,0.00185736,0.0465971,0.00585146,0.0537615,0.0860653,-0.0579927,-0.0417895,0.0782468,-0.0329183,0.0420755,-0.071034,0.00489032,0.0100548,0.0848494,-0.0378345,0.0231858,-0.0599643,0.0857584,-0.0727102,0.0463474,-0.0684703,-0.00572569,0.00348514,0.0103501,0.0146792,0.032861,0.0790435,-0.0376793,0.0703533,-0.0337141,0.0686086,-0.0220816,0.0692728,-0.0398013,-0.0575948,-0.0442554,-0.0809016,-0.0555252,0.0629106,0.0557843,-0.00678942,0.0434275,-0.00842221,-0.0217316,0.036228,0.0128983,-0.0422548,-0.0364358,-0.0299046,0.0555886,0.0587398,0.0306898,0.0294136,0.0374729,0.0243468,0.00148417,-0.0825462,0.0636831,0.00982482,0.0553963,0.00366248,-0.0811678,0.0839949,0.0724416,0.0340443,0.0907351,0.0819237,-0.0208502,-0.0632206,0.0570147,-0.0462737,-0.0886235,0.0618531,-0.0508697,0.000100896,-0.0817649,0.0659363,0.0872212,0.0493926,-0.0437757,0.0454082,-0.0123916,-0.0751046,0.0767806,0.0505277,-0.0507343,0.0867586,-0.0693046,-0.00405745,0.000369157,-0.0515885,-0.0639106,0.0616504,0.0430812,-0.0638248,0.0190817,-0.0255243,-0.0521886,0.00671369,0.0647467,0.0612145,-0.00719549,-0.0694297,-0.0207488,-0.00407026,-0.00690728,0.00250165,-0.0195072,0.0328386,0.085148,-0.0578759,0.0557112,-0.0480997,-0.0502742,0.0120805,-0.0925905,0.0681111,0.0224929,-0.00901291,-0.0785347,-0.0652263,-0.0556068,0.0135767,0.0154206,-0.0429215,0.0501226,-0.0178869,-0.0727325,0.00185736,0.0465971,0.00585146,0.0537615,0.0860653,-0.0579927,-0.0417895,0.0782468,-0.0329183,0.0420755,-0.071034,0.00489032,0.0100548,0.0848494,-0.0378345,0.0231858,-0.0599643,0.0857584,-0.0727102,0.0463474,-0.0684703,-0.00572569,0.00348514,0.0103501,0.0146792,0.032861,0.0790435,-0.0376793,0.0703533,-0.0337141,0.0686086,-0.0220816,0.0692728,-0.0398013,-0.0575948,-0.0442554,-0.0809016,-0.0555252,0.0629106,0.0557843,-0.00678942,0.0434275,-0.00842221,-0.0217316,0.036228,0.0128983,-0.0422548,-0.0364358,-0.0299046,0.0555886,0.0587398,0.0306898,0.0294136,0.0374729,0.0243468,0.00148417,-0.0825462,0.0636831,0.00982482,0.0553963,0.00366248,-0.0811678,0.0839949,0.0724416,0.0340443,0.0907351,0.0819237,-0.0208502,-0.0632206,0.0570147,-0.0462737,-0.0886235,0.0618531,-0.0508697,0.000100896,-0.0817649,0.0659363,0.0872212,0.0493926,-0.0437757,0.0454082,-0.0123916,-0.0751046,0.0767806,0.0505277,-0.0507343,0.0867586,-0.0693046,-0.00405745,0.000369157,-0.0515885,-0.0639106,0.0616504,0.0430812,-0.0638248,0.0190817,-0.0255243,-0.0521886,0.00671369,0.0647467,0.0612145,-0.00719549,-0.0694297,-0.0207488,-0.00407026,-0.00690728,0.00250165,-0.0195072,0.0328386,0.085148,-0.0578759,0.0557112,-0.0480997,-0.0502742,0.0120805,-0.0925905,0.0681111,0.0224929,-0.00901291,-0.0785347,-0.0652263,-0.0556068,
0.00580924,-0.049985,-0.00488792,0.0735212,0.026315,0.0494362,-0.0843116,-0.0179233,0.0314,-0.0362547,0.019234,-0.0241194,-0.0020986,-0.076914,0.0796806,-0.0060514,-0.0309891,-0.0689708,-0.0724262,-0.0350587,0.0562667,0.029788,-0.0331132,-0.0275424,-0.0808645,-0.0486005,-0.0461858,0.0524568,-0.0102054,-0.0657446,0.0717235,0.0107965,0.0111035,0.033918,0.00594763,-0.0742883,0.00401919,-0.0539115,0.0190999,-0.000873559,0.0500449,0.00184647,0.0769925,0.0525471,0.031667,0.0799988,0.0149341,0.0560555,-0.0114244,0.0127101,0.0841761,0.0532071,0.00793192,0.0265334,0.0498837,0.0590736,0.0791457,-0.0671384,0.02781,-0.0820825,-0.0657577,-0.0498212,0.0748102,-0.0470215,0.0321697,-0.017588,0.0466092,0.0751587,-0.0265449,0.0392752,0.0230772,-0.00503575,0.0298713,0.059831,0.0143484,-0.0261588,0.0141808,-0.0714869,-0.0698154,0.0627735,-0.0156616,0.0792422,0.0290246,0.00660846,0.055201,0.0420395,-0.0367697,-0.017048,0.0810011,0.0686713,0.086998,-0.0751071,0.0305566,0.0741015,-0.025715,-0.0828838,0.0166356,-0.00310179,0.00535108,0.0754567,0.036932,-0.00484916,0.0639959,0.0672247,0.0506024,-0.0459038,-0.0649999,-0.0219806,-0.00210711,0.0313085,-0.0660176,-0.077268,-0.0823385,0.075013,-0.00176465,0.0323076,0.0091312,0.0798903,-0.0261792,0.0590721,0.0726077,0.0344534,-0.00841457,-0.0689,-0.0291485,0.083166,-0.0320219,0.0685778,0.00580924,-0.049985,-0.00488792,0.0735212,0.026315,0.0494362,-0.0843116,-0.0179233,0.0314,-0.0362547,0.019234,-0.0241194,-0.0020986,-0.076914,0.0796806,-0.0060514,-0.0309891,-0.0689708,-0.0724262,-0.0350587,0.0562667,0.029788,-0.0331132,-0.0275424,-0.0808645,-0.0486005,-0.0461858,0.0524568,-0.0102054,-0.0657446,0.0717235,0.0107965,0.0111035,0.033918,0.00594763,-0.0742883,0.00401919,-0.0539115,0.0190999,-0.000873559,0.0500449,0.00184647,0.0769925,0.0525471,0.031667,0.0799988,0.0149341,0.0560555,-0.0114244,0.0127101,0.0841761,0.0532071,0.00793192,0.0265334,0.0498837,0.0590736,0.0791457,-0.0671384,0.02781,-0.0820825,-0.0657577,-0.0498212,0.0748102,-0.0470215,0.0321697,-0.017588,0.0466092,0.0751587,-0.0265449,0.0392752,0.0230772,-0.00503575,0.0298713,0.059831,0.0143484,-0.0261588,0.0141808,-0.0714869,-0.0698154,0.0627735,-0.0156616,0.0792422,0.0290246,0.00660846,0.055201,0.0420395,-0.0367697,-0.017048,0.0810011,0.0686713,0.086998,-0.0751071,0.0305566,0.0741015,-0.025715,-0.0828838,0.0166356,-0.00310179,0.00535108,0.0754567,0.036932,-0.00484916,0.0639959,0.0672247,0.0506024,-0.0459038,-0.0649999,-0.0219806,-0.00210711,0.0313085,-0.0660176,-0.077268,-0.0823385,0.075013,-0.00176465,0.0323076,0.0091312,0.0798903,-0.0261792,0.0590721,0.0726077,0.0344534,-0.00841457,-0.0689,-0.0291485,0.083166,-0.0320219,0.0685778,
0.0690448,-0.041426,0.0761864,0.068568,-0.0262166,0.0646579,-0.00222397,0.040726,0.0461204,0.0852267,0.0768167,-0.0357537,0.081201,-0.0202776,-0.0195099,-0.0105946,0.0132548,-0.0428332,-0.0397249,0.0776241,-0.0550553,-0.0363109,-0.0241814,0.0349111,-0.0119008,0.0574144,-0.0661533,-0.00136602,0.0484864,0.0807712,0.0536708,0.0341462,-0.0157251,0.0244211,0.036269,-0.0828695,0.0888628,-0.0619757,-0.0443134,-0.0296505,-0.0825403,0.0838394,0.0153848,0.0550729,-0.0255891,0.036556,0.0188598,0.0706882,-0.0157141,-0.0537557,-0.0889106,-0.0435691,-0.0287205,-0.035345,-0.0361373,0.0340009,-0.0738235,0.0285243,-0.0111079,0.0168351,0.0502199,0.0643098,0.0623988,0.0535275,-0.0666297,0.0440599,-0.000497034,-0.0781931,0.0120721,-0.056946,-0.0632659,-0.0769722,-0.0363367,-0.010267,-0.0386329,-0.0401937,-0.00818314,-0.00272476,-0.0354979,0.026752,-0.0723389,0.0610215,0.0365393,0.0509238,-0.00044698,-0.0136371,-0.00508691,-0.0786532,-0.086303,-0.0443839,-0.0132048,0.0229511,-0.0503025,-0.0695569,-0.0820537,-0.0761298,0.0333444,0.0199732,-0.0533732,-0.0844067,-0.0483253,0.0667781,-0.0789098,0.00286325,-0.032789,-0.0473269,0.0217118,-0.0121951,0.0280524,0.0641431,0.0751504,0.0173014,0.0168186,-0.0488128,0.0657912,0.0364952,0.0637382,-0.0807223,0.000790253,0.0670137,-0.0132869,0.0180901,0.0371945,-0.0819702,-0.0379606,0.00703302,-0.0870368,-0.0831083,0.0690448,-0.041426,0.0761864,0.068568,-0.0262166,0.0646579,-0.00222397,0.040726,0.0461204,0.0852267,0.0768167,-0.0357537,0.081201,-0.0202776,-0.0195099,-0.0105946,0.0132548,-0.0428332,-0.0397249,0.0776241,-0.0550553,-0.0363109,-0.0241814,0.0349111,-0.0119008,0.0574144,-0.0661533,-0.00136602,0.0484864,0.0807712,0.0536708,0.0341462,-0.0157251,0.0244211,0.036269,-0.0828695,0.0888628,-0.0619757,-0.0443134,-0.0296505,-0.0825403,0.0838394,0.0153848,0.0550729,-0.0255891,0.036556,0.0188598,0.0706882,-0.0157141,-0.0537557,-0.0889106,-0.0435691,-0.0287205,-0.035345,-0.0361373,0.0340009,-0.0738235,0.0285243,-0.0111079,0.0168351,0.0502199,0.0643098,0.0623988,0.0535275,-0.0666297,0.0440599,-0.000497034,-0.0781931,0.0120721,-0.056946,-0.0632659,-0.0769722,-0.0363367,-0.010267,-0.0386329,-0.0401937,-0.00818314,-0.00272476,-0.0354979,0.026752,-0.0723389,0.0610215,0.0365393,0.0509238,-0.00044698,-0.0136371,-0.00508691,-0.0786532,-0.086303,-0.0443839,-0.0132048,0.0229511,-0.0503025,-0.0695569,-0.0820537,-0.0761298,0.0333444,0.0199732,-0.0533732,-0.0844067,-0.0483253,0.0667781,-0.0789098,0.00286325,-0.032789,-0.0473269,0.0217118,-0.0121951,0.0280524,0.0641431,0.0751504,0.0173014,0.0168186,-0.0488128,0.0657912,0.0364952,0.0637382,-0.0807223,0.000790253,0.0670137,-0.0132869,0.0180901,0.0371945,-0.0819702,-0.0379606,0.00703302,-0.0870368,-0.0831083,
-0.0660619,0.0562581,-0.071484,0.0478644,-0.0752978,0.0624162,-0.0849063,0.0317805,0.0280187,0.0721897,-0.050027,0.00770205,-0.0783345,0.0218761,0.0305425,-0.0791924,0.00203307,-0.051828,-0.0144548,-0.0827624,-0.0497946,-0.0681081,-0.0406709,-0.0201108,-0.0158995,0.0308574,0.0550178,0.0423971,0.01571,-0.0845667,0.0338613,0.0317716,0.014621,0.083009,-0.0404386,0.0508783,0.0706643,-0.01926,0.0503848,-0.0284162,0.0460329,0.00312319,-0.0390765,-0.0645789,0.0187324,0.0702577,0.0346019,0.0535253,0.00596872,-0.037155,0.0559669,0.0359758,0.0857642,0.0477416,0.0437022,0.0537985,-0.0128091,-0.00781481,0.0623529,0.071245,-0.0366297,0.0370948,0.0502578,-0.0383901,0.0110271,-0.045784,0.0664646,-0.0186707,-0.0156247,0.0031626,0.0809679,0.0489681,0.052119,0.00831484,-0.00888741,0.0426871,-0.0267288,0.00630828,0.0563701,-0.0412167,-0.0591258,0.0592375,0.0711991,-0.00202915,0.0649795,-0.0798382,-0.0865444,-0.0255053,0.0780355,0.0529651,-0.0541544,-0.0320831,-0.0834932,0.000941104,0.00933821,-0.0618598,0.0308814,-0.0383389,-0.00963675,-0.0246393,-0.0775971,-0.00264533,0.0336754,0.0260914,0.0266081,-0.0135808,0.0529818,-0.0371681,0.0249802,0.0559198,0.0206467,0.045185,-0.0762953,-0.0909582,0.0282349,0.0341043,-0.0300396,0.0742531,0.0341813,0.0392511,-0.062097,-0.00620646,-0.0620183,-0.00412948,-0.0828312,0.00867778,-0.0237227,0.0307134,-0.0660619,0.0562581,-0.071484,0.0478644,-0.0752978,0.0624162,-0.0849063,0.0317805,0.0280187,0.0721897,-0.050027,0.00770205,-0.0783345,0.0218761,0.0305425,-0.0791924,0.00203307,-0.051828,-0.0144548,-0.0827624,-0.0497946,-0.0681081,-0.0406709,-0.0201108,-0.0158995,0.0308574,0.0550178,0.0423971,0.01571,-0.0845667,0.0338613,0.0317716,0.014621,0.083009,-0.0404386,0.0508783,0.0706643,-0.01926,0.0503848,-0.0284162,0.0460329,0.00312319,-0.0390765,-0.0645789,0.0187324,0.0702577,0.0346019,0.0535253,0.00596872,-0.037155,0.0559669,0.0359758,0.0857642,0.0477416,0.0437022,0.0537985,-0.0128091,-0.00781481,0.0623529,0.071245,-0.0366297,0.0370948,0.0502578,-0.0383901,0.0110271,-0.045784,0.0664646,-0.0186707,-0.0156247,0.0031626,0.0809679,0.0489681,0.052119,0.00831484,-0.00888741,0.0426871,-0.0267288,0.00630828,0.0563701,-0.0412167,-0.0591258,0.0592375,0.0711991,-0.00202915,0.0649795,-0.0798382,-0.0865444,-0.0255053,0.0780355,0.0529651,-0.0541544,-0.0320831,-0.0834932,0.000941104,0.00933821,-0.0618598,0.0308814,-0.0383389,-0.00963675,-0.0246393,-0.0775971,-0.00264533,0.0336754,0.0260914,0.0266081,-0.0135808,0.0529818,-0.0371681,0.0249802,0.0559198,0.0206467,0.045185,-0.0762953,-0.0909582,0.0282349,0.0341043,-0.0300396,0.0742531,0.0341813,0.0392511,-0.062097,-0.00620646,-0.0620183,-0.00412948,-0.0828312,0.00867778,-0.0237227,0.0307134,
0.080549,0.0651952,-0.0350638,0.0228086,-0.0421816,0.0591454,0.0879801,-0.0197956,0.0509608,-0.00093397,-0.071571,-0.0271181,-0.0832244,0.0560218,-0.0533916,0.0754534,0.0783586,0.0422418,0.0850621,0.0465225,0.033298,0.0116622,0.0267355,0.0771688,0.0234957,0.0231965,0.0115268,0.0212224,0.00109299,0.0525085,0.0243626,0.0319238,0.0371376,-0.0776015,-0.0451731,0.0687032,-0.0291791,-0.00212848,-0.0167214,0.00183898,0.0517958,-0.0175602,-0.0723754,-0.0478412,-0.0561764,0.0745974,-0.0334169,-0.0398407,0.0155214,0.0483279,0.0661717,0.0794997,0.0357004,-0.00654654,0.035622,0.042213,-0.0467401,0.0785162,-0.0343436,0.0714403,-0.0906378,0.0200273,0.00774787,-0.0354628,0.00495351,-0.00289025,-0.0619179,-0.0493203,-0.0117698,-0.0340852,-0.0206749,-0.0369846,-0.0403978,-0.0134074,0.0628977,-0.0863382,-0.0770847,0.000588004,0.0664475,-0.0199561,-0.0709228,0.0508449,-0.0751084,0.0469281,-0.0670736,-0.0381849,0.019622,0.0421101,0.0514899,-0.0669155,0.0850209,0.0375807,0.0295104,0.0761703,0.060703,0.0917683,0.0617274,0.0622833,-0.0363199,0.0404132,0.0466578,-0.0722822,-0.0798274,-0.00493662,-0.0831622,0.0766156,-0.0357255,0.0316741,0.0899761,0.000171625,0.0519827,0.0225248,-0.0750407,0.0402535,0.00503269,-0.0495086,-0.0288726,0.0371549,0.0519812,0.0613524,0.077612,0.00102986,0.074486,-0.0171234,-0.0867369,0.000565736,-0.0611063,0.0447646,0.080549,0.0651952,-0.0350638,0.0228086,-0.0421816,0.0591454,0.0879801,-0.0197956,0.0509608,-0.00093397,-0.071571,-0.0271181,-0.0832244,0.0560218,-0.0533916,0.0754534,0.0783586,0.0422418,0.0850621,0.0465225,0.033298,0.0116622,0.0267355,0.0771688,0.0234957,0.0231965,0.0115268,0.0212224,0.00109299,0.0525085,0.0243626,0.0319238,0.0371376,-0.0776015,-0.0451731,0.0687032,-0.0291791,-0.00212848,-0.0167214,0.00183898,0.0517958,-0.0175602,-0.0723754,-0.0478412,-0.0561764,0.0745974,-0.0334169,-0.0398407,0.0155214,0.0483279,0.0661717,0.0794997,0.0357004,-0.00654654,0.035622,0.042213,-0.0467401,0.0785162,-0.0343436,0.0714403,-0.0906378,0.0200273,0.00774787,-0.0354628,0.00495351,-0.00289025,-0.0619179,-0.0493203,-0.0117698,-0.0340852,-0.0206749,-0.0369846,-0.0403978,-0.0134074,0.0628977,-0.0863382,-0.0770847,0.000588004,0.0664475,-0.0199561,-0.0709228,0.0508449,-0.0751084,0.0469281,-0.0670736,-0.0381849,0.019622,0.0421101,0.0514899,-0.0669155,0.0850209,0.0375807,0.0295104,0.0761703,0.060703,0.0917683,0.0617274,0.0622833,-0.0363199,0.0404132,0.0466578,-0.0722822,-0.0798274,-0.00493662,-0.0831622,0.0766156,-0.0357255,0.0316741,0.0899761,0.000171625,0.0519827,0.0225248,-0.0750407,0.0402535,0.00503269,-0.0495086,-0.0288726,0.0371549,0.0519812,0.0613524,0.077612,0.00102986,0.074486,-0.0171234,-0.0867369,0.000565736,-0.0611063,0.0447646,
-0.0848674,0.00526915,-0.0456386,0.0626245,0.0488635,0.0601578,-0.0291881,-0.0612541,-0.0752514,0.0503273,-0.00623714,-0.0791425,-0.0452155,0.0135817,0.0611202,0.0549918,0.0910349,-0.0844883,0.0229934,0.00664139,0.0143444,0.0825334,0.0386537,-0.0178712,0.0613837,0.0380096,-0.0583911,-0.0811275,-0.0559901,0.0623714,-0.0561093,0.000407263,0.0739612,-0.00268178,-0.0358481,0.0164775,0.0275413,0.0676468,0.0827001,-0.0287906,-0.0626504,0.0644524,0.0677917,0.0159128,0.0419907,0.08329,0.0302676,-0.0584924,0.0298663,-0.0536593,0.0846262,0.0790541,-0.0186306,0.0817877,-0.0774076,-0.0691274,0.0321705,-0.0117083,-0.0388386,0.0587812,0.0569698,0.0526799,-0.0471973,0.00892582,-0.0312358,0.0431102,0.00969104,-0.0792453,-0.0383464,-0.0374964,-0.0211038,-0.0565708,0.00158485,-0.0750464,-0.0779067,0.0660442,-0.0327397,0.0830378,0.0422855,0.0487363,0.0510255,-0.034905,-0.0454413,0.0696971,-0.0457305,0.0395039,-0.0845846,-0.0432054,-0.0877881,-0.0289291,0.0180042,0.058914,-0.0730208,0.0630266,0.013982,0.0678783,0.0260912,-0.00381775,-0.0413222,0.027238,-0.00412497,-0.0674628,0.00382218,-0.0188286,-0.0266831,-0.065016,0.0727335,0.0516586,-0.0276258,0.0348657,0.0232892,0.0202044,-0.0194067,-0.0849679,-0.0831283,-0.0728504,0.0236912,0.0252893,-0.0605868,0.0121965,0.0861127,-0.0522307,0.00359154,-0.034985,-0.032127,-0.0741183,-0.0382898,0.0753736,-0.0848674,0.00526915,-0.0456386,0.0626245,0.0488635,0.0601578,-0.0291881,-0.0612541,-0.0752514,0.0503273,-0.00623714,-0.0791425,-0.0452155,0.0135817,0.0611202,0.0549918,0.0910349,-0.0844883,0.0229934,0.00664139,0.0143444,0.0825334,0.0386537,-0.0178712,0.0613837,0.0380096,-0.0583911,-0.0811275,-0.0559901,0.0623714,-0.0561093,0.000407263,0.0739612,-0.00268178,-0.0358481,0.0164775,0.0275413,0.0676468,0.0827001,-0.0287906,-0.0626504,0.0644524,0.0677917,0.0159128,0.0419907,0.08329,0.0302676,-0.0584924,0.0298663,-0.0536593,0.0846262,0.0790541,-0.0186306,0.0817877,-0.0774076,-0.0691274,0.0321705,-0.0117083,-0.0388386,0.0587812,0.0569698,0.0526799,-0.0471973,0.00892582,-0.0312358,0.0431102,0.00969104,-0.0792453,-0.0383464,-0.0374964,-0.0211038,-0.0565708,0.00158485,-0.0750464,-0.0779067,0.0660442,-0.0327397,0.0830378,0.0422855,0.0487363,0.0510255,-0.034905,-0.0454413,0.0696971,-0.0457305,0.0395039,-0.0845846,-0.0432054,-0.0877881,-0.0289291,0.0180042,0.058914,-0.0730208,0.0630266,0.013982,0.0678783,0.0260912,-0.00381775,-0.0413222,0.027238,-0.00412497,-0.0674628,0.00382218,-0.0188286,-0.0266831,-0.065016,0.0727335,0.0516586,-0.0276258,0.0348657,0.0232892,0.0202044,-0.0194067,-0.0849679,-0.0831283,-0.0728504,0.0236912,0.0252893,-0.0605868,0.0121965,0.0861127,-0.0522307,0.00359154,-0.034985,-0.032127,-0.0741183,-0.0382898,0.0753736,
-0.0237121,0.0895237,0.0182098,0.0275191,0.0193855,-0.0553853,0.0583544,0.0547992,-0.0222618,-0.0391094,0.0369674,-0.00515961,-0.026096,-0.0864177,-0.0354068,-0.0303306,-0.0345389,0.000197936,0.023549,0.0936908,-0.0397979,0.049394,-0.0135539,0.0766026,-0.0388458,0.0135658,0.027747,-0.0909249,-0.0369101,-0.0273981,-0.0867108,-0.017086,0.0714399,-0.0795829,-0.0260264,0.0511821,0.000162681,-0.0537933,-0.0346387,0.00883639,0.0663846,-0.049195,0.0285065,0.0668879,0.00620944,0.0357283,-0.00441949,-0.00250836,0.0458256,-0.0741369,-0.0414192,-0.0462022,-0.017623,0.0823249,-0.0704445,-0.0805958,-0.0496773,-0.069898,0.00574996,-0.0103264,0.0306329,0.0704555,-0.0816689,-0.055356,0.0259671,0.0554621,-0.0823511,-0.0815127,0.0228711,0.074884,-0.0839084,0.0232164,-0.0558078,0.0639893,0.0169655,0.0872325,-0.00889277,-0.028689,-0.0152997,-0.0376538,-0.0657088,-0.00178402,-0.0153374,0.0111869,0.0305772,-0.0272904,-0.0105365,0.070334,-0.0663778,0.0311138,-0.0350215,-0.0729293,-0.0520531,-0.0204659,-0.0826301,0.0725518,0.00289101,0.0563803,0.0139965,0.0478698,0.00190932,0.0611419,0.0020598,-0.00382804,-0.0638923,-0.0208079,-0.0193091,0.0551991,0.0395672,-0.0856818,0.04314,-0.065158,-0.0171743,0.038482,-0.0288315,0.0662706,0.0814464,-0.0748491,-0.0304837,-0.0526755,-0.0200101,0.0125127,0.0417984,0.0375132,-0.0851673,-0.0184325,0.00666808,0.0588159,-0.0237121,0.0895237,0.0182098,0.0275191,0.0193855,-0.0553853,0.0583544,0.0547992,-0.0222618,-0.0391094,0.0369674,-0.00515961,-0.026096,-0.0864177,-0.0354068,-0.0303306,-0.0345389,0.000197936,0.023549,0.0936908,-0.0397979,0.049394,-0.0135539,0.0766026,-0.0388458,0.0135658,0.027747,-0.0909249,-0.0369101,-0.0273981,-0.0867108,-0.017086,0.0714399,-0.0795829,-0.0260264,0.0511821,0.000162681,-0.0537933,-0.0346387,0.00883639,0.0663846,-0.049195,0.0285065,0.0668879,0.00620944,0.0357283,-0.00441949,-0.00250836,0.0458256,-0.0741369,-0.0414192,-0.0462022,-0.017623,0.0823249,-0.0704445,-0.0805958,-0.0496773,-0.069898,0.00574996,-0.0103264,0.0306329,0.0704555,-0.0816689,-0.055356,0.0259671,0.0554621,-0.0823511,-0.0815127,0.0228711,0.074884,-0.0839084,0.0232164,-0.0558078,0.0639893,0.0169655,0.0872325,-0.00889277,-0.028689,-0.0152997,-0.0376538,-0.0657088,-0.00178402,-0.0153374,0.0111869,0.0305772,-0.0272904,-0.0105365,0.070334,-0.0663778,0.0311138,-0.0350215,-0.0729293,-0.0520531,-0.0204659,-0.0826301,0.0725518,0.00289101,0.0563803,0.0139965,0.0478698,0.00190932,0.0611419,0.0020598,-0.00382804,-0.0638923,-0.0208079,-0.0193091,0.0551991,0.0395672,-0.0856818,0.04314,-0.065158,-0.0171743,0.038482,-0.0288315,0.0662706,0.0814464,-0.0748491,-0.0304837,-0.0526755,-0.0200101,0.0125127,0.0417984,0.0375132,-0.0851673,-0.0184325,0.00666808,0.0588159,
0.00451993,0.017642,-0.0243414,-0.050922,0.0150516,-0.037305,-0.00627801,0.0320388,-0.0683309,0.0409524,-0.0505307,-0.001463,-0.0800588,-0.00496972,0.0661141,-0.0537422,-0.0562157,-0.0120288,0.0802385,0.0423789,-0.0595909,-0.0259504,0.0104125,0.03099,-0.0325773,0.0682336,-0.0363474,0.0389108,-0.080107,0.0817516,-0.0621938,0.0181969,0.0662625,-0.00715347,-0.0651932,-0.0621253,0.0605055,-0.0496758,0.0612299,-0.058398,-0.0787475,0.039504,0.0192963,-0.0146984,0.0144233,0.0446726,-0.0641848,-0.0043854,-0.041027,-0.0326258,-0.0792283,0.0347172,0.0521758,0.0178208,-0.0893796,-0.0554032,-0.0730368,0.00665537,-0.0775721,-0.0429828,0.0365888,0.015083,0.0102665,-0.0746743,-0.0416519,0.0275011,-0.0576671,0.0519647,0.0614024,-0.0631101,0.0418879,-0.0610129,-0.0248131,0.0130778,0.0384397,-0.0263514,-0.0803133,-0.0460827,0.0532721,-0.0234292,-0.084216,-0.0216443,0.000739991,0.0433343,0.000529275,-0.0786786,-0.0093974,0.0251358,-0.0526807,-0.0237998,0.0445491,-0.0651,0.0784976,-0.0115439,0.0759698,-0.0519438,-0.0857112,-0.0535961,0.0387631,0.0526974,-0.0587682,0.0299155,-0.0105293,0.0540169,0.0378141,0.0902709,0.032931,0.0788359,-0.060654,0.0364466,0.0808902,-0.0384035,0.0740469,0.0192855,-0.0258852,0.067729,-0.050706,0.0510786,-0.0519244,0.0437892,0.0542708,0.0306209,0.0248593,-0.0520669,-0.0604075,0.00541636,-0.0598519,-0.0202079,0.00451993,0.017642,-0.0243414,-0.050922,0.0150516,-0.037305,-0.00627801,0.0320388,-0.0683309,0.0409524,-0.0505307,-0.001463,-0.0800588,-0.00496972,0.0661141,-0.0537422,-0.0562157,-0.0120288,0.0802385,0.0423789,-0.0595909,-0.0259504,0.0104125,0.03099,-0.0325773,0.0682336,-0.0363474,0.0389108,-0.080107,0.0817516,-0.0621938,0.0181969,0.0662625,-0.00715347,-0.0651932,-0.0621253,0.0605055,-0.0496758,0.0612299,-0.058398,-0.0787475,0.039504,0.0192963,-0.0146984,0.0144233,0.0446726,-0.0641848,-0.0043854,-0.041027,-0.0326258,-0.0792283,0.0347172,0.0521758,0.0178208,-0.0893796,-0.0554032,-0.0730368,0.00665537,-0.0775721,-0.0429828,0.0365888,0.015083,0.0102665,-0.0746743,-0.0416519,0.0275011,-0.0576671,0.0519647,0.0614024,-0.0631101,0.0418879,-0.0610129,-0.0248131,0.0130778,0.0384397,-0.0263514,-0.0803133,-0.0460827,0.0532721,-0.0234292,-0.084216,-0.0216443,0.000739991,0.0433343,0.000529275,-0.0786786,-0.0093974,0.0251358,-0.0526807,-0.0237998,0.0445491,-0.0651,0.0784976,-0.0115439,0.0759698,-0.0519438,-0.0857112,-0.0535961,0.0387631,0.0526974,-0.0587682,0.0299155,-0.0105293,0.0540169,0.0378141,0.0902709,0.032931,0.0788359,-0.060654,0.0364466,0.0808902,-0.0384035,0.0740469,0.0192855,-0.0258852,0.067729,-0.050706,0.0510786,-0.0519244,0.0437892,0.0542708,0.0306209,0.0248593,-0.0520669,-0.0604075,0.00541636,-0.0598519,-0.0202079,
0.0183379,0.0592181,0.027348,-0.0761514,-0.0211731,0.0194852,-0.030072,0.00779125,0.0628387,-0.0819304,-0.0497739,0.0392128,0.0455275,-0.00925732,0.0886242,0.0411749,-0.0453465,0.0829744,0.0799563,-0.0245193,-0.00199487,0.0296292,0.0453262,0.0360854,-0.0339029,-0.0753878,-0.0153745,-0.0852945,-0.0159907,0.000545916,0.0659302,-0.0152034,-0.0535251,-0.0855599,-0.0256154,-0.031444,-0.00699454,0.0543638,0.0644428,0.0110076,0.0773866,0.0548141,-0.0517737,-0.0156316,0.0396279,-0.0310086,-0.0554508,0.0612551,0.00163222,0.0414888,0.085121,-0.0888697,0.0193671,0.0816744,0.0347152,0.0420012,0.0782406,0.0688055,-0.0023787,0.0500741,-0.0582278,0.0771301,0.0860013,0.0467808,-0.0878678,0.0196549,-0.0542075,-0.021988,0.0296238,-0.0671339,0.0664213,0.0194115,0.0144956,-0.0101291,0.00993971,-0.058725,0.0310006,0.0702894,-0.0411161,-0.0160237,0.0674825,0.0113188,0.00902357,-0.0801911,-0.0134537,-0.0770593,-0.0189784,0.0475259,-0.0568535,-0.0136783,-0.025189,-0.0376165,0.00258243,0.00487123,-0.0451133,0.0461173,-0.0500777,0.0813088,0.0295634,-0.023465,-0.0393535,0.0726383,0.0853307,0.0152656,-0.019371,0.0602195,0.087692,-0.0796987,-0.0475293,-0.0405248,0.0534914,-0.0870236,0.0737651,-0.0805021,0.0181578,0.0417641,-0.0856061,-0.0442958,0.0460515,0.0161455,0.031734,-0.0341454,-0.0658742,0.079301,-0.0558839,0.030959,0.0141837,0.0123596,0.0183379,0.0592181,0.027348,-0.0761514,-0.0211731,0.0194852,-0.030072,0.00779125,0.0628387,-0.0819304,-0.0497739,0.0392128,0.0455275,-0.00925732,0.0886242,0.0411749,-0.0453465,0.0829744,0.0799563,-0.0245193,-0.00199487,0.0296292,0.0453262,0.0360854,-0.0339029,-0.0753878,-0.0153745,-0.0852945,-0.0159907,0.000545916,0.0659302,-0.0152034,-0.0535251,-0.0855599,-0.0256154,-0.031444,-0.00699454,0.0543638,0.0644428,0.0110076,0.0773866,0.0548141,-0.0517737,-0.0156316,0.0396279,-0.0310086,-0.0554508,0.0612551,0.00163222,0.0414888,0.085121,-0.0888697,0.0193671,0.0816744,0.0347152,0.0420012,0.0782406,0.0688055,-0.0023787,0.0500741,-0.0582278,0.0771301,0.0860013,0.0467808,-0.0878678,0.0196549,-0.0542075,-0.021988,0.0296238,-0.0671339,0.0664213,0.0194115,0.0144956,-0.0101291,0.00993971,-0.058725,0.0310006,0.0702894,-0.0411161,-0.0160237,0.0674825,0.0113188,0.00902357,-0.0801911,-0.0134537,-0.0770593,-0.0189784,0.0475259,-0.0568535,-0.0136783,-0.025189,-0.0376165,0.00258243,0.00487123,-0.0451133,0.0461173,-0.0500777,0.0813088,0.0295634,-0.023465,-0.0393535,0.0726383,0.0853307,0.0152656,-0.019371,0.0602195,0.087692,-0.0796987,-0.0475293,-0.0405248,0.0534914,-0.0870236,0.0737651,-0.0805021,0.0181578,0.0417641,-0.0856061,-0.0442958,0.0460515,0.0161455,0.031734,-0.0341454,-0.0658742,0.079301,-0.0558839,0.030959,0.0141837,0.0123596,
-0.0684803,-0.0561669,-0.0276234,-0.0180492,-0.0125097,-0.0750337,0.00975356,-0.028827,-0.0188661,-0.0394044,-0.0454299,0.0199766,-0.0367481,-0.012428,-0.0557317,0.00425807,-0.0376772,0.0277961,0.0583809,-0.0627346,-0.0737176,-0.0765898,0.064517,0.0546617,0.00886904,0.0140591,0.0527762,0.0154388,-0.0411544,-0.00501703,0.0247707,0.00725592,0.0846688,-0.00782828,0.0282133,-0.0411608,0.0334184,0.0671876,0.00150159,0.0685217,0.0500556,-0.0674679,-0.0355053,0.00924965,0.078413,-0.0532018,0.0250113,-0.0432168,-0.0741641,-0.0414807,-0.0540332,-0.0224812,0.0252662,-0.0258583,0.0295379,0.036648,-0.0500353,0.0705055,-0.0607043,0.00774316,0.00380589,0.0531455,0.0418202,-0.0720055,-0.0332027,0.011912,-0.0749209,0.040271,0.0782503,-0.0659788,-0.0329307,-0.00903061,0.0539889,0.035844,0.0811548,0.0116308,-0.0353344,-0.0726102,0.0688134,-0.0545804,-0.0398293,0.0646743,-0.00557986,-0.0174181,0.0143972,0.0186535,0.000917137,0.0312396,-0.0567003,0.0332281,0.08777,-0.0181034,0.0120978,0.00252977,0.0169338,0.00129399,-0.0537761,-0.00983764,-0.0427914,-0.0178985,0.0680653,-0.0485337,-0.0177082,0.0264802,-0.00946736,0.0332341,0.0549522,0.0497988,0.0605805,-0.0506381,0.0786812,0.0546385,-0.0760942,0.049911,-0.0625485,0.0194867,-0.029391,-0.039299,0.0487934,-0.0691168,-0.0290887,0.092244,0.0462396,-0.0632218,-0.0817965,-0.0768442,0.0533348,-0.0389373,-0.0684803,-0.0561669,-0.0276234,-0.0180492,-0.0125097,-0.0750337,0.00975356,-0.028827,-0.0188661,-0.0394044,-0.0454299,0.0199766,-0.0367481,-0.012428,-0.0557317,0.00425807,-0.0376772,0.0277961,0.0583809,-0.0627346,-0.0737176,-0.0765898,0.064517,0.0546617,0.00886904,0.0140591,0.0527762,0.0154388,-0.0411544,-0.00501703,0.0247707,0.00725592,0.0846688,-0.00782828,0.0282133,-0.0411608,0.0334184,0.0671876,0.00150159,0.0685217,0.0500556,-0.0674679,-0.0355053,0.00924965,0.078413,-0.0532018,0.0250113,-0.0432168,-0.0741641,-0.0414807,-0.0540332,-0.0224812,0.0252662,-0.0258583,0.0295379,0.036648,-0.0500353,0.0705055,-0.0607043,0.00774316,0.00380589,0.0531455,0.0418202,-0.0720055,-0.0332027,0.011912,-0.0749209,0.040271,0.0782503,-0.0659788,-0.0329307,-0.00903061,0.0539889,0.035844,0.0811548,0.0116308,-0.0353344,-0.0726102,0.0688134,-0.0545804,-0.0398293,0.0646743,-0.00557986,-0.0174181,0.0143972,0.0186535,0.000917137,0.0312396,-0.0567003,0.0332281,0.08777,-0.0181034,0.0120978,0.00252977,0.0169338,0.00129399,-0.0537761,-0.00983764,-0.0427914,-0.0178985,0.0680653,-0.0485337,-0.0177082,0.0264802,-0.00946736,0.0332341,0.0549522,0.0497988,0.0605805,-0.0506381,0.0786812,0.0546385,-0.0760942,0.049911,-0.0625485,0.0194867,-0.029391,-0.039299,0.0487934,-0.0691168,-0.0290887,0.092244,0.0462396,-0.0632218,-0.0817965,-0.0768442,0.0533348,-0.0389373,
0.0256407,0.0740129,-0.0690257,-0.0530012,-0.0412425,-0.0539005,0.0610858,0.0187798,0.0296591,-0.0279162,-0.00517697,0.067255,-0.0013338,-0.0434062,-0.0716202,-0.0251476,0.0503143,-0.0256405,-0.00619191,0.0888814,-0.0216461,0.0616924,-0.00180806,-0.00567816,-0.0273556,-0.0527671,-0.0654821,-0.0535462,-0.0341896,0.0627116,0.0686663,-0.0556271,0.013938,-0.0628544,0.0656945,0.0179042,0.0202874,0.0724458,0.024527,0.0549647,-0.0626722,-0.0464726,-0.0471988,0.037789,0.0648222,0.0718197,-0.00609316,0.0635432,-0.0107498,-0.061926,0.0491711,-0.0834909,-0.0231466,0.0642665,0.0167265,0.0267476,-0.0863266,-0.0702793,-0.0547633,0.00470398,-0.0602018,-0.0515263,0.056789,0.0368733,0.0113017,0.0196222,-0.0112812,0.0672321,0.060993,-0.00771694,-0.0521004,0.0250949,0.0200627,0.0202161,-0.0326055,-0.00262303,0.0273266,-0.0837129,0.0615372,0.0744973,-0.0253385,-0.0128462,0.0260179,-0.027373,-0.0844786,0.0719169,-0.064463,0.00347792,0.0644687,0.0538017,0.0687721,-0.0415032,-0.0330686,-0.0262704,0.00675667,0.0505664,0.0678626,0.0703841,-0.00284093,0.0244588,0.00906848,-0.057274,-0.00648197,0.00378052,-0.0267389,-0.045125,-0.0693101,-0.0013999,-0.0169558,-0.0453258,0.0234508,-0.074533,-0.0557285,0.048483,0.0804401,-0.0639242,0.0237069,0.0297868,0.0623687,-0.0629787,-0.0396178,-0.0278884,-0.00675055,-0.00149027,-0.0403061,0.0589027,0.0514189,0.0634518,0.0256407,0.0740129,-0.0690257,-0.0530012,-0.0412425,-0.0539005,0.0610858,0.0187798,0.0296591,-0.0279162,-0.00517697,0.067255,-0.0013338,-0.0434062,-0.0716202,-0.0251476,0.0503143,-0.0256405,-0.00619191,0.0888814,-0.0216461,0.0616924,-0.00180806,-0.00567816,-0.0273556,-0.0527671,-0.0654821,-0.0535462,-0.0341896,0.0627116,0.0686663,-0.0556271,0.013938,-0.0628544,0.0656945,0.0179042,0.0202874,0.0724458,0.024527,0.0549647,-0.0626722,-0.0464726,-0.0471988,0.037789,0.0648222,0.0718197,-0.00609316,0.0635432,-0.0107498,-0.061926,0.0491711,-0.0834909,-0.0231466,0.0642665,0.0167265,0.0267476,-0.0863266,-0.0702793,-0.0547633,0.00470398,-0.0602018,-0.0515263,0.056789,0.0368733,0.0113017,0.0196222,-0.0112812,0.0672321,0.060993,-0.00771694,-0.0521004,0.0250949,0.0200627,0.0202161,-0.0326055,-0.00262303,0.0273266,-0.0837129,0.0615372,0.0744973,-0.0253385,-0.0128462,0.0260179,-0.027373,-0.0844786,0.0719169,-0.064463,0.00347792,0.0644687,0.0538017,0.0687721,-0.0415032,-0.0330686,-0.0262704,0.00675667,0.0505664,0.0678626,0.0703841,-0.00284093,0.0244588,0.00906848,-0.057274,-0.00648197,0.00378052,-0.0267389,-0.045125,-0.0693101,-0.0013999,-0.0169558,-0.0453258,0.0234508,-0.074533,-0.0557285,0.048483,0.0804401,-0.0639242,0.0237069,0.0297868,0.0623687,-0.0629787,-0.0396178,-0.0278884,-0.00675055,-0.00149027,-0.0403061,0.0589027,0.0514189,0.0634518,
0.0659987,-0.0248259,-0.0752482,-0.0183968,0.0352555,-0.0476583,-0.0183872,-0.0108813,0.0285494,0.0582901,0.056302,0.00388338,0.00254145,-0.0400095,0.0655453,0.0690374,0.0579287,0.0782659,-0.00509328,-0.00903254,-0.0724463,-0.0565475,0.0762458,-0.0377685,0.0403418,0.0474972,0.058939,-0.0427877,0.00873332,-0.0584351,-0.0111285,-0.0845194,-0.00728559,0.0624471,0.0837146,0.0784498,0.0272521,0.0660174,0.0874127,0.0389259,-0.0219915,0.0156573,-0.0670065,0.0789003,-0.0852565,-0.00718218,0.0355466,0.0715763,-0.0466433,0.0318673,-0.0810295,0.0684721,-0.0273379,-0.0587893,-0.0137894,0.0531437,0.0403962,0.0342067,0.0149726,0.0729905,0.0787673,0.0327954,-0.0423781,-0.0806784,0.0847322,-0.0665666,-0.0394324,0.0360531,0.0766152,0.027659,0.0647208,0.0113113,0.052585,-0.0184209,-0.0612537,0.0724104,-0.00724839,-0.0238822,0.0282962,-0.0746773,0.0355566,0.0421605,0.0197818,0.0809674,0.0511216,-0.00178429,-0.0720571,0.044766,-0.0759182,-0.0110001,0.0476854,0.0393642,0.00277774,-0.0315635,0.0386734,-0.0367068,0.00690395,0.0667372,0.013022,-0.0268253,-0.0197827,-0.0456065,0.0193496,0.0225881,0.0424076,-0.0280871,-0.0098393,-0.0640903,0.0748401,0.0709031,-0.00225106,0.0253387,-0.0638284,-0.0348834,0.00571152,-0.0346712,0.0773024,0.0139601,0.0553377,-0.00707569,-0.012783,0.0375738,0.0778596,0.0716352,0.0866359,-0.0419454,-0.0517427,-0.0662417,0.0659987,-0.0248259,-0.0752482,-0.0183968,0.0352555,-0.0476583,-0.0183872,-0.0108813,0.0285494,0.0582901,0.056302,0.00388338,0.00254145,-0.0400095,0.0655453,0.0690374,0.0579287,0.0782659,-0.00509328,-0.00903254,-0.0724463,-0.0565475,0.0762458,-0.0377685,0.0403418,0.0474972,0.058939,-0.0427877,0.00873332,-0.0584351,-0.0111285,-0.0845194,-0.00728559,0.0624471,0.0837146,0.0784498,0.0272521,0.0660174,0.0874127,0.0389259,-0.0219915,0.0156573,-0.0670065,0.0789003,-0.0852565,-0.00718218,0.0355466,0.0715763,-0.0466433,0.0318673,-0.0810295,0.0684721,-0.0273379,-0.0587893,-0.0137894,0.0531437,0.0403962,0.0342067,0.0149726,0.0729905,0.0787673,0.0327954,-0.0423781,-0.0806784,0.0847322,-0.0665666,-0.0394324,0.0360531,0.0766152,0.027659,0.0647208,0.0113113,0.052585,-0.0184209,-0.0612537,0.0724104,-0.00724839,-0.0238822,0.0282962,-0.0746773,0.0355566,0.0421605,0.0197818,0.0809674,0.0511216,-0.00178429,-0.0720571,0.044766,-0.0759182,-0.0110001,0.0476854,0.0393642,0.00277774,-0.0315635,0.0386734,-0.0367068,0.00690395,0.0667372,0.013022,-0.0268253,-0.0197827,-0.0456065,0.0193496,0.0225881,0.0424076,-0.0280871,-0.0098393,-0.0640903,0.0748401,0.0709031,-0.00225106,0.0253387,-0.0638284,-0.0348834,0.00571152,-0.0346712,0.0773024,0.0139601,0.0553377,-0.00707569,-0.012783,0.0375738,0.0778596,0.0716352,0.0866359,-0.0419454,-0.0517427,-0.0662417,
-0.0355406,0.0785311,0.0828722,0.0660952,0.0308226,-0.0288993,0.0945504,0.0835474,-0.0640607,-0.0744901,-0.00430456,0.0197217,0.0532708,-0.0571474,0.0318741,-0.0801321,0.03291,0.0497111,-0.0187428,0.0174663,-0.0734894,0.0592895,-0.056588,0.0220429,0.0560133,0.0264281,0.00911013,0.0681616,-0.0161362,-0.0641652,0.055495,0.0739768,-0.0812342,-0.0498076,0.0803958,-0.0772197,-0.0166531,-0.0796603,0.0569041,-0.0433047,0.0708064,0.0542751,-0.0519634,-0.0309481,0.0425171,0.00994839,-0.0489157,0.0241377,0.0349931,0.0088319,-0.048741,0.028803,0.0566338,-0.022699,-0.0138837,-0.0281471,-0.0627625,-0.0579739,-0.00063311,0.0737862,0.0104953,-0.0459475,-0.0836359,0.00246132,-0.00508942,0.0449528,-0.0442982,-0.0591169,-0.070818,0.0547826,-0.0377421,0.0165587,-0.0745427,0.00438747,0.0804077,-0.0802773,-0.0939755,0.0734686,0.0213156,0.0690767,-0.0387477,-0.0894205,0.0463661,-0.0712687,-0.0509111,0.083659,0.0451186,0.047551,-0.0831843,-0.000270119,0.0195464,0.0899662,0.0878321,-0.031515,-0.0868848,-0.0556832,0.0618704,0.0802844,0.00844224,0.00044338,0.0682728,0.0273674,0.0505185,-0.0730987,-0.0563635,0.00151445,0.0886917,-0.0392464,0.0127518,-0.0516834,0.0716227,0.0767338,-0.0927247,0.053402,-0.0321951,-0.0828143,-0.084918,0.0576328,-0.0507462,0.00163377,0.0651549,-0.0304904,0.00967438,-0.0327526,0.0243149,-0.0827146,-0.0674611,0.0162923,-0.0355406,0.0785311,0.0828722,0.0660952,0.0308226,-0.0288993,0.0945504,0.0835474,-0.0640607,-0.0744901,-0.00430456,0.0197217,0.0532708,-0.0571474,0.0318741,-0.0801321,0.03291,0.0497111,-0.0187428,0.0174663,-0.0734894,0.0592895,-0.056588,0.0220429,0.0560133,0.0264281,0.00911013,0.0681616,-0.0161362,-0.0641652,0.055495,0.0739768,-0.0812342,-0.0498076,0.0803958,-0.0772197,-0.0166531,-0.0796603,0.0569041,-0.0433047,0.0708064,0.0542751,-0.0519634,-0.0309481,0.0425171,0.00994839,-0.0489157,0.0241377,0.0349931,0.0088319,-0.048741,0.028803,0.0566338,-0.022699,-0.0138837,-0.0281471,-0.0627625,-0.0579739,-0.00063311,0.0737862,0.0104953,-0.0459475,-0.0836359,0.00246132,-0.00508942,0.0449528,-0.0442982,-0.0591169,-0.070818,0.0547826,-0.0377421,0.0165587,-0.0745427,0.00438747,0.0804077,-0.0802773,-0.0939755,0.0734686,0.0213156,0.0690767,-0.0387477,-0.0894205,0.0463661,-0.0712687,-0.0509111,0.083659,0.0451186,0.047551,-0.0831843,-0.000270119,0.0195464,0.0899662,0.0878321,-0.031515,-0.0868848,-0.0556832,0.0618704,0.0802844,0.00844224,0.00044338,0.0682728,0.0273674,0.0505185,-0.0730987,-0.0563635,0.00151445,0.0886917,-0.0392464,0.0127518,-0.0516834,0.0716227,0.0767338,-0.0927247,0.053402,-0.0321951,-0.0828143,-0.084918,0.0576328,-0.0507462,0.00163377,0.0651549,-0.0304904,0.00967438,-0.0327526,0.0243149,-0.0827146,-0.0674611,0.0162923,
0.0329948,-0.0239886,-0.0911707,-0.030241,0.0765452,-0.0713177,0.000397974,0.0831751,-0.0559236,-0.0859177,0.00290282,0.0499089,0.0847522,-0.0509516,-0.0194058,0.0458906,-8.72251e-05,0.0734521,-0.0590549,-0.0535239,-0.0104339,0.0776173,0.051306,-0.00402643,0.0581179,-0.0223398,-0.057482,-0.012131,0.0504653,-0.0784912,0.0759444,-0.0225135,0.0578559,-0.00530862,-0.0502989,0.0816415,-0.0703375,-0.0298633,-0.0398972,0.0702588,-0.0657507,-0.0322105,-0.0835455,-0.0331521,0.076538,-0.00143672,0.000997235,0.0439736,-0.0200672,-0.0691575,-0.0110545,0.00216407,-0.0627567,0.0526778,-0.004712,-0.0785916,-0.0384403,0.0661925,-0.0731565,-0.0715707,-0.0555988,-0.0652444,0.0386979,0.0194607,0.00915444,0.00785535,0.0107051,0.0750824,-0.0320781,-0.0717262,0.0689465,0.037181,0.0341487,-0.0255249,-0.0678926,-0.0633396,-0.0157396,-0.0114029,0.00845029,0.0732192,-0.0726771,-0.0767213,-0.0259966,0.0635237,-0.0230715,-0.0504323,0.0364784,0.0429914,0.0716797,-0.0486595,0.0833468,0.0490193,0.0704608,-0.0383877,-0.0268459,-0.00283625,-0.0206942,-0.016847,-0.0309873,-0.0418256,0.0799832,-0.0259884,0.0350312,0.0524974,-0.0409083,-0.0789039,-0.0828807,-0.0507431,-0.0669475,0.0455372,-0.0358111,0.0221671,0.00758894,0.0414129,-0.00544991,-0.00684343,-0.0679602,-0.00569889,-0.0332981,0.0517086,-0.0300739,-0.0843923,-0.0680941,-0.0409222,-0.0542964,-0.0332089,-0.0583643,0.075672,0.0329948,-0.0239886,-0.0911707,-0.030241,0.0765452,-0.0713177,0.000397974,0.0831751,-0.0559236,-0.0859177,0.00290282,0.0499089,0.0847522,-0.0509516,-0.0194058,0.0458906,-8.72251e-05,0.0734521,-0.0590549,-0.0535239,-0.0104339,0.0776173,0.051306,-0.00402643,0.0581179,-0.0223398,-0.057482,-0.012131,0.0504653,-0.0784912,0.0759444,-0.0225135,0.0578559,-0.00530862,-0.0502989,0.0816415,-0.0703375,-0.0298633,-0.0398972,0.0702588,-0.0657507,-0.0322105,-0.0835455,-0.0331521,0.076538,-0.00143672,0.000997235,0.0439736,-0.0200672,-0.0691575,-0.0110545,0.00216407,-0.0627567,0.0526778,-0.004712,-0.0785916,-0.0384403,0.0661925,-0.0731565,-0.0715707,-0.0555988,-0.0652444,0.0386979,0.0194607,0.00915444,0.00785535,0.0107051,0.0750824,-0.0320781,-0.0717262,0.0689465,0.037181,0.0341487,-0.0255249,-0.0678926,-0.0633396,-0.0157396,-0.0114029,0.00845029,0.0732192,-0.0726771,-0.0767213,-0.0259966,0.0635237,-0.0230715,-0.0504323,0.0364784,0.0429914,0.0716797,-0.0486595,0.0833468,0.0490193,0.0704608,-0.0383877,-0.0268459,-0.00283625,-0.0206942,-0.016847,-0.0309873,-0.0418256,0.0799832,-0.0259884,0.0350312,0.0524974,-0.0409083,-0.0789039,-0.0828807,-0.0507431,-0.0669475,0.0455372,-0.0358111,0.0221671,0.00758894,0.0414129,-0.00544991,-0.00684343,-0.0679602,-0.00569889,-0.0332981,0.0517086,-0.0300739,-0.0843923,-0.0680941,-0.0409222,-0.0542964,-0.0332089,-0.0583643,0.075672,
