Hello Word 95
-1.086931 -1.212464 -3.967285 -1.196176 0.218334 -0.227886 -0.248995 1.649906 0.585132 0.066250 0.422848 0.095589 -1.015480 -0.285039 0.841525 -1.028681 0.887804 -0.067568 -0.480825 0.382259 -1.662524 -0.425088 1.472979 1.317787 0.304223 -0.953081 0.562138 0.123586 -0.631792 -0.524714 -1.046445 0.153613 -2.562116 -0.097140 0.903964 -0.709253 0.745966 0.467052 -1.863154 0.067677 0.909429 0.768045 0.654957 -1.261806 -0.907105 -2.361697 -0.196935 0.040747 -0.132887 0.909241 1.779659 1.261061 0.240669 -0.327058 -0.104184 -2.522072 0.496666 -0.163540 -0.628036 1.627551 -0.543868 -0.364183 -0.197065 -1.424955 -0.289978 1.855122 -0.249440 -0.213839 -0.555153 -0.966599 -0.615341 -1.848512 1.305316 0.338763 -1.742877 -0.722157 0.042105 0.855048 2.811002 0.135708 1.631895 2.050178 1.287511 1.748402 -0.056300 -0.065177 -0.719619 1.025738 1.531891 -0.828919 1.116586 -0.131699 -0.767981 0.450692 0.486624 1.899456 -0.923403 0.471272 -0.021062 -0.546405 -0.497213 -0.454108 0.871591 0.213840 -1.139688 -1.381305 -0.325624 1.678504 0.189813 -0.301151 -0.064631 1.149754 0.795916 -1.115849 -0.943212 1.116415 -0.767742 -1.357184 0.337805 -0.423949 -1.377801 1.537618 -0.416266 -0.786474 0.716814 -0.835764 -2.349488 1.471424
First value: -1.086931

step 1/128
Layer output: [ -0.865328 -0.378641 -0.173791 0.214052 0.136513 0.831036 -0.977742 -0.213050 0.046255 -0.606931 0.369868 0.610668 0.821469 0.947681 0.182487 -0.685835 0.990461 0.061329 -0.034824 0.897704 0.615474 0.947908 -0.497252 0.979951 0.814458 0.384012 0.883598 -0.253870 0.863980 -0.920924 -0.057881 -0.943832 -0.580891 -0.214380 -0.794242 -0.939209 0.826918 -0.176721 -0.353002 0.199288 0.566272 -0.713039 0.294628 0.767948 0.222132 0.448224 0.209322 -0.740998 0.506290 0.135928 -0.521322 0.966339 -0.882532 0.006996 -0.557499 -0.204211 -0.482954 0.371726 0.290433 -0.193318 0.334155 0.131665 -0.055610 0.781267 0.701138 -0.651462 0.730963 0.772829 -0.883148 0.784196 -0.434690 -0.031090 -0.038291 0.885750 -0.927770 -0.880722 0.146819 -0.566573 0.810072 0.802617 -0.303219 -0.490586 -0.722610 -0.472074 0.488794 -0.377067 0.342215 -0.132073 0.629705 0.286826 -0.532205 0.956880 0.827029 0.926249 0.672111 0.813491 -0.961444 0.809730 -0.916058 0.790253 -0.508087 0.979216 0.966269 -0.726288 -0.529264 0.089789 0.887475 -0.761836 0.787536 -0.655808 0.334337 0.305044 -0.820548 -0.127093 0.811188 0.936078 -0.764407 0.668727 0.990085 0.532294 -0.623579 -0.792317 0.782022 -0.423588 0.437779 0.979418 -0.299248 -0.918467 ]
step 2/128
Layer output: [ -0.889317 -0.208140 -0.240063 -0.181815 0.124444 0.590264 -0.952588 -0.308672 -0.189711 -0.428709 0.549659 0.163708 0.900259 0.949203 -0.408665 -0.290023 0.990686 -0.034494 -0.072169 0.449909 0.221209 0.912696 -0.860403 0.854372 0.974075 0.634004 0.784514 -0.361889 0.661050 -0.909554 0.796051 -0.892129 -0.761581 -0.071601 -0.448994 -0.804839 0.928009 -0.270362 -0.378222 -0.279347 -0.299782 -0.414551 0.226701 0.934474 -0.368935 -0.325425 0.686040 -0.534972 0.520966 0.653343 -0.185978 0.916386 -0.919518 0.438065 -0.369563 -0.502311 -0.659965 0.673060 0.353538 -0.155509 0.224553 0.727462 0.212749 0.779651 0.243020 -0.651182 0.691529 0.779081 -0.935862 0.544008 -0.826366 0.516396 0.333326 0.705230 -0.889459 -0.586970 -0.408295 -0.638581 0.794363 0.953009 -0.171042 -0.204677 -0.284797 -0.499802 0.525016 -0.293938 0.245386 0.425192 0.059404 0.230265 -0.386242 0.982630 0.765834 0.968943 0.684401 0.702730 -0.860481 0.241461 -0.703041 0.833695 -0.387794 0.980949 0.984738 -0.422429 -0.674678 0.304428 0.912323 -0.592311 0.416441 -0.354745 0.398603 -0.459876 -0.819413 -0.007172 0.732696 0.901561 -0.811741 0.541271 0.955708 -0.232070 -0.940241 -0.673272 0.636711 -0.294497 0.077482 0.985614 -0.094762 -0.810497 ]
step 3/128
Layer output: [ -0.833004 -0.061923 0.306845 0.169046 0.485170 0.597702 -0.891447 -0.084249 0.095049 -0.785222 0.522990 0.058013 0.913899 0.831611 -0.226338 0.042279 0.994304 -0.065269 -0.247837 0.735643 0.614474 0.955376 -0.676805 0.943509 0.769377 0.223067 0.707087 -0.078078 0.737537 -0.812791 0.514209 -0.866574 -0.695507 0.290693 -0.742003 -0.835494 0.687752 -0.306586 0.000995 0.253806 -0.482442 -0.193040 -0.293931 0.813421 0.155527 0.621881 0.023114 -0.474577 0.375402 0.287199 0.117028 0.899038 -0.703883 -0.137250 -0.189541 -0.053894 -0.780096 0.632787 -0.412561 -0.375657 0.177575 0.262751 0.414176 0.799532 0.245993 -0.549746 0.669246 0.809852 -0.916163 0.448552 -0.478070 0.370063 0.378695 0.644935 -0.903958 -0.883081 -0.091007 -0.270443 0.899029 0.780485 -0.044324 -0.428722 -0.391047 -0.440076 0.277670 -0.281865 0.265822 0.151327 0.580095 0.553558 -0.249053 0.960297 0.487633 0.901658 0.679415 0.834870 -0.920106 0.471170 -0.826551 0.580047 -0.624948 0.957331 0.981616 -0.706465 -0.568668 0.060944 0.945017 -0.483106 0.775333 -0.039306 0.107051 0.049167 -0.669362 -0.176915 0.701442 0.918495 -0.646274 0.603113 0.955786 0.511786 -0.802174 -0.507330 0.768600 -0.185046 0.222798 0.984774 0.287723 -0.894409 ]
step 4/128
Layer output: [ -0.878458 0.298000 0.128523 -0.165387 -0.168047 0.818978 -0.951185 -0.397051 -0.464605 -0.333620 0.554108 0.082133 0.910857 0.971968 -0.299783 -0.327782 0.989407 -0.154095 -0.346599 0.767448 0.327327 0.933094 -0.699021 0.977232 0.768769 0.335013 0.683933 0.004070 0.817687 -0.626292 0.636410 -0.828432 -0.873688 0.045822 -0.851842 -0.927113 0.871499 -0.283898 -0.020215 0.569529 -0.113102 -0.620353 -0.206699 0.855792 0.352452 -0.100698 0.409499 -0.546825 0.752426 0.324274 -0.688239 0.935687 -0.768250 -0.170640 -0.640492 -0.061124 -0.616437 -0.185169 -0.249088 0.019096 0.172870 0.241686 0.031852 0.376187 0.513978 -0.405304 0.264642 0.827702 -0.914777 0.639633 -0.791779 0.617564 0.465644 0.864627 -0.886032 -0.699277 -0.072026 -0.555075 0.931351 0.880509 -0.080055 -0.669117 0.017751 -0.540238 0.551847 -0.401498 0.108887 0.058656 0.557771 0.204502 -0.178599 0.973591 0.453822 0.988305 0.850630 0.775453 -0.872156 0.319977 -0.785477 0.723705 -0.704476 0.955203 0.986581 -0.832535 0.012701 0.607850 0.939244 -0.509606 0.670872 -0.795296 0.078333 0.305032 -0.346662 0.108436 0.721349 0.946877 -0.538438 0.434536 0.902955 -0.175620 -0.766079 -0.502314 0.669591 -0.346074 0.319524 0.977923 -0.268748 -0.887929 ]
step 5/128
Layer output: [ -0.843748 0.108467 -0.218803 0.158349 -0.472357 0.783771 -0.965421 0.097874 -0.364463 -0.691010 0.336898 0.788026 0.896752 0.956710 0.223579 -0.306600 0.988228 0.089668 -0.162840 0.719590 0.401871 0.878909 -0.358256 0.967396 0.812111 0.006512 0.951976 0.163333 0.752708 -0.825131 0.045412 -0.934085 -0.458293 -0.394101 -0.819853 -0.837842 0.875198 -0.313117 -0.054830 0.074247 0.664236 -0.157832 0.104144 0.176214 0.481300 0.384357 0.228794 -0.495262 -0.015434 -0.022522 -0.044464 0.923211 -0.734767 -0.411163 -0.773488 -0.344157 -0.713271 0.388624 0.436920 -0.687526 0.234559 -0.406086 -0.095365 0.922891 0.595824 -0.386479 0.622172 0.801971 -0.936685 0.683049 -0.678355 -0.068111 0.270423 0.889486 -0.941372 -0.929274 0.495654 -0.844505 0.910048 0.392681 0.215708 -0.605129 -0.369903 -0.508311 0.696994 -0.407574 0.321726 -0.424001 0.473953 0.544605 -0.752297 0.967023 0.296756 0.961072 0.745555 0.922023 -0.943245 -0.074135 -0.920420 0.863929 -0.400824 0.981047 0.936839 -0.770271 -0.813489 0.415082 0.885204 -0.175297 0.425140 0.107308 0.425870 0.302414 -0.226161 0.249435 0.503143 0.817465 -0.592638 0.562236 0.988635 0.480713 -0.608589 -0.716039 0.666322 0.070431 0.119937 0.986710 0.080464 -0.853297 ]
step 6/128
Layer output: [ -0.927344 0.419922 -0.299263 0.014661 -0.306154 0.762167 -0.960517 -0.344266 -0.005661 -0.683230 0.393731 0.517111 0.810154 0.980450 0.008305 -0.361220 0.987377 -0.166214 -0.481645 0.719973 0.237753 0.928586 -0.319120 0.928675 0.686989 0.550069 0.960280 0.102344 0.871000 -0.788163 0.104794 -0.930253 -0.431637 -0.018226 -0.789875 -0.654766 0.597052 -0.421019 -0.546288 -0.216989 0.372015 -0.594406 0.583262 0.774886 0.083882 0.568730 0.824781 -0.532511 -0.180691 0.164346 -0.504391 0.947496 -0.801493 0.199551 -0.470418 0.183040 -0.420434 0.378699 -0.158105 0.008892 0.000806 0.025810 0.558956 0.956224 0.822449 -0.347054 0.471776 0.871023 -0.938642 0.627098 -0.496092 -0.082150 0.242228 0.866454 -0.825296 -0.791458 0.097627 -0.748539 0.958005 0.863706 -0.139133 -0.726844 -0.496615 -0.545091 0.231915 -0.521081 0.423270 -0.002675 0.699419 0.728958 -0.457866 0.970705 0.136894 0.951252 0.608140 0.847865 -0.915323 0.097567 -0.828333 0.785996 -0.323784 0.979692 0.964191 -0.534762 -0.400875 0.150983 0.940024 -0.413803 0.701110 -0.288552 0.608859 0.269826 -0.815262 0.374457 0.397677 0.904024 -0.724077 0.498423 0.987369 0.440903 -0.863254 -0.687558 0.620059 0.161229 0.796262 0.980551 -0.103787 -0.915122 ]
step 7/128
Layer output: [ -0.909624 0.107471 0.141841 0.134961 0.056059 0.103907 -0.939342 -0.316192 -0.165025 -0.655288 0.207054 0.252490 0.750577 0.949526 -0.289471 -0.469256 0.975475 0.084807 0.053337 0.762734 -0.046700 0.940024 -0.365187 0.942122 0.667147 0.575320 0.879324 -0.322928 0.736666 -0.622597 -0.255384 -0.487173 -0.543886 -0.534108 -0.649904 -0.748837 0.783897 -0.553093 0.135874 0.613971 0.333737 -0.517112 -0.034630 0.638321 -0.081655 0.237997 0.513796 -0.617462 -0.074882 0.359370 -0.219809 0.902786 -0.481662 0.177762 -0.573717 -0.052683 -0.628215 0.459109 0.343609 -0.105782 0.541632 0.280820 -0.432855 0.843553 0.453801 -0.567078 0.619381 0.734531 -0.936356 0.628032 -0.743868 0.087146 0.145981 0.752390 -0.873354 -0.740988 0.444969 -0.561321 0.690802 0.894093 -0.129567 -0.681034 -0.641729 -0.549071 0.349699 -0.273327 0.579669 -0.141004 0.452147 0.569885 -0.727735 0.974052 0.362742 0.947176 0.717873 0.789023 -0.853385 0.360469 -0.859392 0.780407 -0.241585 0.989780 0.945759 -0.703352 -0.437094 -0.403553 0.972417 -0.392153 0.549467 -0.539321 0.073785 -0.087842 -0.493634 0.037251 0.730759 0.879529 -0.905379 0.641044 0.982468 0.483677 -0.755350 -0.818911 0.814560 -0.246372 0.450673 0.966226 -0.318216 -0.864805 ]
step 8/128
Layer output: [ -0.963056 -0.312725 0.148821 -0.159979 -0.024501 0.641609 -0.935078 -0.486023 -0.445383 -0.675457 0.749490 -0.172315 0.891703 0.972288 -0.152677 -0.484188 0.993737 0.094628 -0.206750 0.903722 0.468725 0.909542 -0.544260 0.973887 0.841092 0.352534 0.958781 -0.567841 0.843042 -0.744733 0.625570 -0.968387 -0.080891 -0.391300 0.142096 -0.770326 0.948737 -0.479934 -0.278308 0.497190 -0.137348 -0.642985 0.145569 0.679031 -0.154821 0.236283 0.513230 -0.391823 0.539253 -0.215940 0.041979 0.976976 -0.879498 -0.230727 -0.878629 0.014056 -0.456867 0.547093 0.698270 -0.079966 0.216759 0.286729 0.240040 0.825842 0.862263 -0.493294 0.629456 0.795678 -0.973689 0.452594 -0.488361 0.163700 -0.082205 0.665110 -0.744457 -0.905164 0.031904 -0.750761 0.962963 0.878592 0.057196 -0.519059 -0.592235 -0.814258 -0.121921 -0.424128 -0.161553 -0.042391 0.460619 0.291083 -0.518211 0.968954 0.554930 0.902834 0.557411 0.783344 -0.885872 0.333350 -0.876975 0.821677 -0.281303 0.964497 0.938397 -0.545126 -0.380056 0.340253 0.881490 -0.351148 0.416627 -0.629766 0.239900 0.057146 -0.405169 -0.025079 0.369592 0.755452 -0.595363 0.506427 0.946240 0.418859 -0.917511 -0.767307 0.524697 -0.041028 0.126577 0.977109 -0.892890 -0.896662 ]
step 9/128
Layer output: [ -0.751566 -0.161436 0.357408 -0.188715 -0.522941 0.694197 -0.927650 -0.418911 -0.495318 -0.439599 0.827057 -0.104340 0.907557 0.939147 -0.542949 -0.012349 0.987884 0.082071 0.203901 0.657748 0.683126 0.935645 -0.756744 0.878861 0.960122 0.620873 0.837575 -0.263278 0.808093 -0.884207 0.641048 -0.885751 -0.520713 -0.343370 -0.739941 -0.861512 0.775015 -0.492658 -0.455249 0.087282 -0.143611 -0.391807 0.573070 0.819340 -0.002117 0.079016 0.753841 -0.510552 0.720019 0.293391 -0.457868 0.924659 -0.950516 -0.066575 -0.656785 -0.470351 -0.397674 0.176085 -0.330734 -0.034313 0.512081 0.551233 0.564304 0.876449 0.358157 -0.326433 0.707195 0.853689 -0.954768 0.709106 -0.605406 0.476967 0.511805 0.874769 -0.828825 -0.856913 -0.099398 -0.746806 0.861441 0.926544 0.316830 -0.227999 -0.339165 -0.657579 0.607982 -0.372197 0.241514 -0.033024 0.177908 0.661377 -0.298322 0.986529 0.618994 0.973723 0.673617 0.905015 -0.879852 0.048017 -0.821131 0.760660 -0.393564 0.973939 0.971027 -0.746633 -0.616465 0.249317 0.889828 -0.476133 0.809589 -0.348437 0.240511 -0.373683 -0.762622 0.539603 0.477686 0.849283 -0.682984 0.576953 0.944720 0.400413 -0.741984 -0.586757 0.677754 -0.259310 0.464917 0.986107 -0.110713 -0.797893 ]
step 10/128
Layer output: [ -0.881835 -0.612940 0.010571 0.018902 -0.302383 0.716345 -0.959862 -0.668696 -0.019501 -0.790548 0.529667 0.121168 0.924550 0.957622 0.119280 -0.364033 0.992164 -0.572800 -0.314326 0.740165 0.267089 0.973831 -0.150257 0.975545 0.970864 -0.078504 0.827368 -0.197298 0.802858 -0.685214 0.363965 -0.899488 -0.173661 -0.091498 -0.829086 -0.815078 0.877928 -0.568205 -0.174077 -0.350920 -0.219885 -0.149511 0.431013 0.820511 0.024882 0.464635 0.498189 -0.667383 0.284196 0.458310 -0.385823 0.972369 -0.944432 -0.220326 -0.751504 -0.035195 -0.749417 0.188853 -0.178562 -0.412366 0.147081 0.258457 -0.229983 0.779247 0.753238 -0.540152 -0.058041 0.854534 -0.953312 0.360262 -0.343859 0.400380 0.137598 0.623789 -0.788039 -0.865895 0.617160 -0.810129 0.974366 0.814234 0.078135 -0.345432 -0.729607 -0.761552 0.124366 -0.663283 -0.229306 0.247014 0.340534 0.644227 -0.755924 0.967219 0.575867 0.954851 0.467876 0.772857 -0.932478 0.430940 -0.757928 0.676984 -0.340277 0.969621 0.968224 -0.588605 -0.642276 0.144915 0.924507 -0.193200 0.755492 -0.435748 0.100671 0.385982 -0.643905 -0.252398 0.791981 0.925661 -0.198115 0.574602 0.890807 0.735936 -0.726381 -0.741161 0.323487 -0.258906 0.415542 0.974263 -0.144854 -0.923690 ]
step 11/128
Layer output: [ -0.804131 -0.249525 0.204581 -0.083453 -0.374429 0.776835 -0.926508 -0.784974 -0.671763 -0.854211 0.683817 -0.386924 0.917096 0.949287 0.172110 -0.328449 0.969468 -0.398645 -0.677482 0.780728 0.456968 0.958289 -0.599069 0.974564 0.920504 0.076346 0.768860 -0.112970 0.765018 -0.676145 0.348027 -0.822217 -0.622306 -0.194488 -0.452116 -0.884252 0.928589 0.051499 -0.440633 0.425934 -0.244400 -0.486131 0.440075 0.760491 -0.321077 -0.015226 0.158268 -0.737542 0.447656 0.279865 -0.205369 0.953582 -0.736891 -0.407462 -0.427302 -0.006997 -0.690961 0.224097 -0.175261 -0.158681 0.164821 0.401008 -0.092115 0.816333 0.812548 -0.647811 0.192899 0.604472 -0.961704 0.572958 -0.497157 0.813786 0.257373 0.436539 -0.841244 -0.860700 0.226907 -0.484995 0.977321 0.798888 -0.318441 -0.312347 -0.626255 -0.323517 0.645439 -0.611897 0.359484 -0.432084 0.723167 0.709482 -0.630239 0.986988 0.592784 0.940672 0.870001 0.611718 -0.935915 0.450942 -0.927129 0.725902 -0.352349 0.959318 0.925645 -0.748617 -0.314926 0.175178 0.968910 0.182012 0.574782 -0.476257 0.201255 -0.178895 -0.380377 -0.250208 0.392466 0.916005 -0.548574 0.652196 0.973808 0.495757 -0.653434 -0.644175 0.367481 -0.160118 0.531627 0.970372 0.122849 -0.920916 ]
step 12/128
Layer output: [ -0.935041 0.225923 -0.210878 0.271902 -0.232358 0.504839 -0.964859 -0.462245 -0.500720 -0.375647 0.376952 0.129708 0.847948 0.973096 -0.093807 -0.280895 0.987314 -0.076040 -0.316259 0.599824 0.369471 0.943535 -0.448679 0.943666 0.874256 0.273756 0.874108 -0.175380 0.882229 -0.753528 0.368824 -0.844525 -0.399348 -0.509586 -0.557868 -0.875498 0.906208 -0.228457 -0.603309 -0.276076 0.417357 0.039596 0.393495 0.756624 0.246948 0.081341 0.567169 -0.403075 -0.087167 -0.117186 -0.415379 0.919881 -0.814660 0.157228 -0.567673 -0.170480 -0.745669 0.323214 0.363924 0.366437 0.361443 0.295048 0.255909 0.927563 0.543538 -0.313535 0.463416 0.768319 -0.862894 0.398304 -0.493687 0.196648 0.478990 0.669141 -0.878180 -0.711031 0.376403 -0.589955 0.932121 0.942943 -0.347208 -0.616002 -0.432411 -0.596272 0.644252 -0.291155 0.747331 0.242211 0.573768 0.722138 -0.603384 0.979027 0.280209 0.968882 0.393675 0.819099 -0.941197 0.093553 -0.822474 0.800274 -0.387971 0.954691 0.925982 -0.715011 -0.591875 0.372470 0.872753 -0.382399 0.415747 -0.378088 0.680761 0.233040 -0.341975 0.394082 0.337377 0.927404 -0.851688 0.424248 0.988327 0.212681 -0.771271 -0.802596 0.797700 -0.237759 0.535964 0.969347 -0.312715 -0.779216 ]
step 13/128
Layer output: [ -0.792372 -0.222803 -0.157735 -0.515442 -0.293400 0.507750 -0.961109 -0.615875 -0.005554 -0.511182 0.892362 0.031854 0.737980 0.956286 -0.562562 -0.368714 0.991167 0.254988 -0.018721 0.827238 0.218434 0.970917 -0.592417 0.949547 0.902371 0.055697 0.762067 -0.577734 0.554669 -0.550434 0.009480 -0.877185 -0.784148 0.070769 -0.871533 -0.889597 0.818966 -0.192518 -0.606428 0.265845 -0.327905 -0.392077 -0.209593 0.654019 0.106721 0.571638 0.188728 -0.694149 0.426410 0.555058 -0.447814 0.971815 -0.919325 -0.305281 -0.540538 -0.185421 -0.602717 0.141028 0.439816 -0.096717 0.290303 0.425432 0.312162 0.916714 0.831095 -0.399689 0.711662 0.622540 -0.959916 0.095104 -0.425559 0.392603 0.346691 0.586019 -0.879438 -0.816917 0.390877 -0.715115 0.850033 0.760177 0.165393 -0.631957 -0.557174 -0.668205 0.475481 -0.847364 0.088302 -0.340054 0.562982 0.734947 -0.868253 0.966162 0.772527 0.924207 0.711894 0.893004 -0.812862 0.504963 -0.898558 0.707412 -0.377222 0.965881 0.980826 -0.755483 -0.457896 0.401355 0.939339 -0.530267 0.656816 0.004146 -0.087625 -0.213489 -0.545077 0.170468 0.555105 0.824224 -0.497751 0.529523 0.957469 0.483980 -0.792092 -0.832074 0.437176 -0.355807 0.009494 0.977763 -0.174220 -0.954680 ]
step 14/128
Layer output: [ -0.838815 -0.515062 0.018418 0.138938 -0.388864 0.856897 -0.950451 -0.442668 -0.506321 -0.704203 0.541122 0.216884 0.846490 0.967153 0.181441 -0.356485 0.974087 -0.056317 -0.259043 0.709010 0.631671 0.948189 -0.316497 0.878071 0.778485 -0.021347 0.826061 0.244078 0.882738 -0.618088 0.019680 -0.941449 -0.775427 0.620022 -0.825638 -0.924175 0.546820 0.115623 -0.239498 0.230803 -0.325295 -0.563820 0.102548 0.721113 0.512359 0.195258 0.008408 -0.601448 -0.129757 0.291266 -0.571607 0.934381 -0.815406 0.019290 -0.321260 -0.286437 -0.591492 -0.093553 0.230406 -0.563586 -0.072597 -0.192885 0.135152 0.618057 0.561557 -0.613244 0.269903 0.478479 -0.936792 0.087282 -0.435447 0.621270 0.813028 0.439819 -0.924956 -0.887477 0.407751 -0.259672 0.968743 0.827507 0.119460 -0.790677 -0.685474 -0.700105 0.791878 -0.884143 -0.179192 -0.170588 0.810156 0.508235 -0.748218 0.965218 0.762827 0.931218 0.914894 0.903855 -0.965965 0.658920 -0.732584 0.849789 -0.051225 0.928583 0.985744 -0.921040 -0.703396 0.602664 0.934427 -0.624932 0.741356 -0.242795 0.586105 -0.540950 -0.336226 0.170730 0.496560 0.924579 -0.536361 0.221825 0.957723 0.410159 -0.774818 -0.761707 0.767382 -0.282632 0.468011 0.979698 0.335837 -0.897105 ]
step 15/128
Layer output: [ -0.847427 -0.534528 -0.007301 -0.040967 -0.207076 0.917391 -0.970782 -0.024270 -0.231287 -0.629160 0.598093 0.366438 0.876639 0.949958 0.558955 -0.346724 0.986731 0.168975 -0.172848 0.885599 0.852463 0.937702 -0.208693 0.932792 0.652544 0.145476 0.927340 0.078707 0.722892 -0.738057 0.319113 -0.903635 -0.554414 -0.199933 -0.781806 -0.920231 0.821072 -0.395063 -0.150708 0.598267 0.006176 -0.610622 0.029286 0.693969 0.108389 0.331451 0.321588 -0.459766 0.234390 0.220296 -0.248675 0.926928 -0.941132 -0.273791 -0.345759 -0.226809 -0.786896 -0.151701 -0.213186 -0.156020 0.288109 -0.084785 0.515631 0.687817 0.444345 -0.188948 0.561045 0.649622 -0.923423 0.473208 -0.645373 0.633232 0.468942 0.893867 -0.914662 -0.877625 -0.444386 -0.700579 0.909171 0.917945 0.239052 -0.337115 -0.642741 -0.767156 0.450832 -0.587462 0.515646 0.072937 0.706616 0.230038 -0.521052 0.959217 0.651583 0.909042 0.752271 0.849581 -0.957968 0.670392 -0.594761 0.750808 -0.610154 0.974011 0.977446 -0.857580 -0.747478 0.487677 0.823521 -0.829378 0.550315 0.227359 0.226383 0.244142 -0.566956 -0.225432 0.859511 0.855428 -0.502779 0.212548 0.985308 -0.037748 -0.644664 -0.598255 0.734835 0.160629 0.312239 0.975562 -0.369050 -0.942432 ]
step 16/128
Layer output: [ -0.786304 0.117937 -0.074403 0.528700 0.436224 0.546755 -0.927866 -0.141550 -0.251633 -0.546433 0.328599 0.292116 0.900001 0.967999 0.178850 -0.365571 0.993948 -0.516567 -0.231616 0.890310 0.226141 0.921029 -0.597542 0.928864 0.806934 0.557654 0.722279 0.038511 0.728947 -0.791159 -0.051938 -0.942734 -0.685657 -0.192187 -0.743432 -0.837242 0.888431 -0.309605 -0.394876 0.236563 0.267432 -0.777419 0.074459 0.715469 -0.006405 0.200714 -0.100413 -0.233843 0.080266 -0.079534 0.017553 0.987148 -0.874636 0.190104 -0.736326 -0.483444 -0.472822 0.057788 -0.059173 -0.218354 0.264453 0.178849 0.162095 0.774531 0.636136 -0.639490 0.514390 0.850523 -0.898195 0.305753 -0.370048 0.322496 -0.033188 0.134506 -0.892476 -0.518653 0.016085 -0.449152 0.928297 0.831772 -0.054143 -0.417145 -0.255972 -0.348753 0.221004 -0.738623 0.069817 0.260568 0.637065 -0.117162 -0.689672 0.927335 0.715618 0.951188 0.692647 0.842431 -0.924376 0.634682 -0.751588 0.837284 -0.881138 0.980672 0.982483 -0.267958 -0.842751 -0.012702 0.932906 -0.679610 0.219336 -0.326968 -0.055998 -0.067889 -0.716726 0.073267 0.695382 0.926293 0.018019 0.498485 0.966898 0.401295 -0.723868 -0.845374 0.744195 -0.570293 0.020749 0.964578 -0.305801 -0.901795 ]
step 17/128
Layer output: [ -0.925557 -0.101060 0.054176 0.439106 -0.095510 0.860020 -0.951263 -0.365179 -0.374078 -0.513491 0.596769 0.264382 0.764640 0.971203 -0.295940 -0.243888 0.992075 -0.099542 -0.349909 0.531243 0.214048 0.872862 -0.210206 0.761091 0.767110 -0.462325 0.922586 0.134949 0.820078 -0.658233 -0.046047 -0.909910 -0.716446 0.460359 -0.590192 -0.844659 0.804930 -0.555972 -0.468861 0.083200 0.373349 -0.285073 0.741390 0.708107 0.416399 0.284746 0.695598 -0.242693 -0.079448 0.344739 -0.497080 0.944671 -0.822705 -0.304935 -0.597530 0.069761 -0.598229 -0.104597 0.427221 -0.528337 0.263135 0.322175 0.397175 0.793392 0.720551 -0.689562 0.123579 0.842536 -0.950408 0.744386 -0.648878 0.058540 0.514057 0.764560 -0.947262 -0.641054 0.372053 -0.666430 0.919268 0.900945 -0.346732 -0.759592 -0.788458 -0.864837 0.546969 -0.805884 0.390250 -0.168908 0.677463 0.274546 -0.521791 0.978534 0.408077 0.942567 0.717403 0.728627 -0.914755 0.287132 -0.815447 0.596557 -0.373847 0.984739 0.961855 -0.836610 -0.436118 0.258052 0.903934 -0.759841 0.839417 -0.507479 0.142303 0.097855 -0.775954 -0.002121 0.686308 0.728106 -0.514769 0.384641 0.977168 0.361358 -0.849036 -0.754734 0.844350 0.302524 0.623232 0.985877 -0.013339 -0.946727 ]
step 18/128
Layer output: [ -0.859997 0.173057 -0.001875 0.235710 0.119442 0.754542 -0.956832 -0.395593 -0.187393 -0.379894 0.774388 0.458797 0.817291 0.913351 -0.091676 -0.299933 0.990051 0.433986 -0.288371 0.758079 0.563536 0.984122 -0.724233 0.952626 0.947919 0.360782 0.803205 -0.292506 0.641950 -0.792353 0.146791 -0.791066 -0.456380 -0.314387 -0.909425 -0.831751 0.764541 -0.122301 -0.020447 0.681626 0.360397 -0.120071 0.045671 0.655316 -0.315354 -0.053341 0.390755 -0.530409 0.588439 0.176820 -0.008826 0.964185 -0.762161 -0.077226 -0.484287 -0.025802 -0.645672 0.263187 -0.439989 -0.374013 0.313448 0.206857 0.332694 0.830546 0.646333 -0.612300 0.625254 0.946277 -0.975076 0.722597 -0.594371 0.586258 0.187181 0.642738 -0.877619 -0.888362 -0.181269 -0.800164 0.939697 0.892081 0.421933 -0.441546 -0.546721 -0.373562 0.588043 -0.625903 0.089859 -0.044453 -0.270999 0.452488 -0.636033 0.994283 0.704086 0.976095 0.761932 0.498424 -0.925494 0.066449 -0.671537 0.851304 -0.627068 0.981347 0.973691 -0.760509 -0.499847 -0.315032 0.967082 -0.439501 0.882562 -0.136057 -0.298438 -0.063634 -0.745332 0.105664 0.818194 0.831375 -0.759750 0.706079 0.969110 0.210052 -0.803225 -0.693851 0.751693 -0.019013 0.189729 0.995329 0.039709 -0.894407 ]
step 19/128
Layer output: [ -0.851048 0.105515 -0.647671 -0.095407 -0.202546 0.706953 -0.962091 -0.413494 -0.350881 -0.792853 0.635303 0.256037 0.902282 0.969295 0.043080 -0.361738 0.993168 -0.332060 -0.490014 0.735267 0.369633 0.925765 -0.394742 0.952308 0.780226 0.105226 0.929388 0.226428 0.797615 -0.751402 0.252817 -0.918813 -0.537215 0.459966 -0.802484 -0.895371 0.750578 0.234234 -0.404966 0.114859 -0.055851 -0.440176 -0.257689 0.912279 0.639128 -0.091921 0.275349 -0.397875 0.172816 0.366562 -0.260514 0.958369 -0.826075 0.271819 -0.600731 0.170815 -0.734886 -0.041521 -0.145308 -0.204297 0.090547 0.226457 0.158687 0.802290 0.784160 -0.718875 0.553620 0.865734 -0.951994 0.614052 -0.714807 0.476728 0.486193 0.617264 -0.739556 -0.790959 0.297839 -0.503498 0.940138 0.859583 -0.062822 -0.668989 -0.409407 -0.658293 0.306632 -0.684951 0.262441 0.351751 0.504159 0.592617 -0.619453 0.973103 0.412927 0.923998 0.893213 0.772065 -0.897627 0.213965 -0.890970 0.765887 -0.393723 0.959486 0.948318 -0.368949 -0.670346 0.259182 0.789727 -0.541424 0.403582 0.017951 0.711914 -0.031141 -0.755032 0.102624 0.647563 0.806583 -0.325901 0.666410 0.969573 0.348171 -0.783873 -0.601046 0.577223 -0.385806 0.205358 0.988716 0.014523 -0.945711 ]
step 20/128
Layer output: [ -0.851617 -0.289143 -0.086837 0.006302 -0.233911 0.811296 -0.978105 -0.479740 -0.096051 -0.367073 0.743385 0.134914 0.824229 0.978162 0.296782 -0.552411 0.981345 0.316028 0.486503 0.872534 0.526597 0.894431 -0.091977 0.945869 0.898115 0.519863 0.954287 0.457243 0.768879 -0.738573 0.627240 -0.887876 -0.304504 -0.083264 -0.747732 -0.908717 0.836472 -0.317660 -0.052279 0.325874 0.426262 -0.298330 -0.232563 0.788599 0.105765 0.224963 0.206914 -0.096442 -0.192592 0.129947 -0.256578 0.925309 -0.853079 -0.333314 -0.566615 -0.348185 -0.677981 0.252783 0.149774 -0.151729 0.320171 -0.270748 -0.086625 0.916926 0.552164 -0.732819 0.657194 0.853948 -0.869789 0.245149 -0.036315 0.167617 0.337499 0.817648 -0.959481 -0.763299 -0.310243 -0.896132 0.901507 0.876278 -0.248195 -0.622155 -0.660884 -0.779891 0.394644 -0.459018 0.503044 0.275930 0.364595 0.419866 -0.768256 0.972422 0.041314 0.889843 0.703950 0.790032 -0.936993 0.259533 -0.502295 0.780777 -0.461810 0.943658 0.986616 -0.619935 -0.832696 -0.035554 0.887305 -0.900128 0.768252 0.003532 0.032531 0.302550 -0.348085 0.207218 0.877421 0.872380 -0.448609 0.771266 0.971681 0.347982 -0.704633 -0.504585 0.785102 0.043833 0.023563 0.973162 -0.089053 -0.931017 ]
step 21/128
Layer output: [ -0.846568 0.002013 0.437939 0.395055 -0.312115 0.643710 -0.975276 -0.596115 -0.093993 -0.747782 0.703785 -0.072861 0.953302 0.976196 0.353819 -0.203967 0.983807 0.241275 -0.492649 0.695253 0.342797 0.953492 -0.754484 0.981617 0.811061 0.266903 0.795086 -0.290359 0.743192 -0.625389 0.367821 -0.924007 -0.658504 0.050699 -0.836030 -0.889839 0.740564 -0.059387 -0.474181 0.484689 0.026937 -0.070076 0.370109 0.590818 -0.456778 0.116311 0.381251 -0.694754 0.028783 -0.017988 -0.152408 0.987088 -0.694380 -0.448504 -0.731706 0.042688 -0.823157 0.331283 0.103870 -0.113268 0.482027 0.512784 0.343212 0.855367 0.719356 -0.733901 0.737666 0.670977 -0.957796 0.527609 -0.469128 0.088756 0.032144 0.577381 -0.859797 -0.751976 0.214917 -0.763418 0.942323 0.535807 0.178323 -0.681493 -0.150076 -0.646660 0.573134 -0.466647 0.190674 0.264563 0.509464 0.180400 -0.803184 0.986628 0.653080 0.887793 0.639006 0.424829 -0.965149 0.006936 -0.725312 0.725164 -0.695223 0.856867 0.967361 -0.473557 -0.487695 -0.100312 0.927172 -0.769314 0.712425 -0.608176 -0.463796 0.156809 -0.850559 0.093336 0.582420 0.869493 -0.445649 0.439016 0.975715 0.725272 -0.892018 -0.791719 0.854512 -0.241262 0.634900 0.973069 -0.533158 -0.962204 ]
step 22/128
Layer output: [ -0.848740 -0.284482 -0.184696 -0.159630 0.047398 0.716089 -0.951560 -0.487126 -0.187792 -0.570281 0.793430 -0.011208 0.955076 0.921288 -0.157164 -0.547011 0.977706 0.434454 -0.235026 0.880157 0.209134 0.970276 -0.741354 0.816226 0.927614 0.684312 0.880686 -0.242207 0.680455 -0.901717 0.002453 -0.812309 0.120814 0.355331 -0.604603 -0.913537 0.698238 -0.437993 -0.354142 -0.106212 -0.036335 -0.601748 0.425358 0.816721 -0.173569 0.248774 0.497339 -0.699275 0.597410 0.325890 -0.156888 0.951115 -0.907771 -0.547397 -0.815997 -0.151569 -0.676615 0.035556 -0.297425 0.059206 0.633449 0.524952 -0.080493 0.848841 0.794782 -0.313076 0.770320 0.920648 -0.964443 0.657238 -0.096704 0.371587 0.144759 0.717886 -0.825160 -0.814213 -0.126001 -0.604773 0.701476 0.744237 -0.012151 -0.787814 -0.524153 -0.696950 0.345941 -0.567394 0.132040 0.117476 0.751764 0.624752 -0.700828 0.967983 0.584576 0.940713 0.545760 0.864661 -0.963240 0.225776 -0.775789 0.877853 -0.093906 0.964865 0.983186 -0.525669 -0.784213 0.282604 0.919738 -0.639972 0.727869 0.028220 0.098209 -0.498518 -0.840989 0.204606 0.459398 0.898466 -0.579983 0.598080 0.984665 0.429056 -0.920239 -0.551458 0.852617 -0.419462 -0.021511 0.978350 -0.464130 -0.951759 ]
step 23/128
Layer output: [ -0.832930 0.476761 -0.281323 0.332904 -0.092563 0.612748 -0.932122 -0.339972 -0.325888 -0.684871 0.236625 0.350815 0.724950 0.962089 -0.045243 -0.698454 0.990418 -0.093804 -0.349014 0.869279 0.360658 0.929438 -0.163783 0.910786 0.604105 0.223122 0.918085 0.079579 0.899518 -0.659061 0.565125 -0.821817 -0.415147 0.371692 -0.597325 -0.672245 0.797745 -0.328602 0.186586 0.304419 0.368118 -0.508803 0.182322 0.422360 -0.369892 0.452929 0.448272 -0.479342 -0.488047 0.128033 -0.397299 0.940605 -0.674111 -0.060608 -0.603366 0.304988 -0.611963 0.277502 -0.061030 -0.379441 0.579480 0.006378 0.410439 0.796298 0.592521 -0.004102 0.372865 0.826407 -0.934251 0.707000 -0.827105 0.106994 0.244222 0.709008 -0.819933 -0.762844 0.539284 -0.661494 0.953729 0.736064 -0.139431 -0.787082 -0.527480 -0.639924 0.462031 -0.635659 -0.000341 0.066301 0.683288 0.532474 -0.519857 0.943495 0.327736 0.878713 0.809196 0.780184 -0.927328 0.103422 -0.882960 0.583854 -0.471342 0.974432 0.954073 -0.828345 -0.382472 0.171871 0.955922 -0.552149 0.385788 -0.277307 0.534691 0.221210 -0.475133 0.400014 0.322695 0.914943 -0.739404 0.756376 0.958405 0.325925 -0.855046 -0.864867 0.847554 -0.163655 0.162003 0.974308 -0.209847 -0.972380 ]
step 24/128
Layer output: [ -0.876861 0.288268 -0.347644 0.328478 -0.244921 0.701482 -0.912902 -0.240212 -0.523271 -0.738691 0.195515 0.401092 0.766609 0.919385 -0.006610 -0.527739 0.989163 0.059706 0.211718 0.843085 0.309980 0.927108 -0.358157 0.860803 0.573008 0.338771 0.938060 0.117409 0.845031 -0.733189 0.149715 -0.864009 -0.748340 0.132580 -0.759922 -0.754615 0.816832 -0.604440 -0.185206 0.180345 0.498552 -0.548060 0.109475 0.757563 0.610737 0.333665 0.689688 -0.193292 -0.102662 0.326308 -0.279294 0.944292 -0.853871 -0.165362 -0.664960 0.245042 -0.647269 0.436929 0.328082 -0.294921 0.557983 0.147171 0.329052 0.859172 0.614927 -0.297040 0.242502 0.913734 -0.945274 0.529963 -0.168334 -0.083951 0.565098 0.646509 -0.863617 -0.861126 0.632277 -0.834047 0.879905 0.758404 0.037795 -0.465174 -0.411837 -0.851579 0.367689 -0.648980 0.477633 -0.051134 0.760436 0.553413 -0.483091 0.976409 0.526919 0.931170 0.762345 0.866691 -0.898771 0.243146 -0.898376 0.655397 -0.718954 0.975431 0.968199 -0.834059 -0.631174 0.287374 0.945501 -0.685045 0.596985 -0.301132 0.207105 0.056248 -0.598908 0.268006 0.497112 0.884644 -0.716933 0.606422 0.944178 0.610100 -0.733118 -0.841042 0.712367 -0.082430 0.468677 0.973884 0.113980 -0.918961 ]
step 25/128
Layer output: [ -0.866067 0.173954 -0.250232 0.568857 -0.305465 0.710104 -0.919000 -0.075146 -0.127047 -0.734448 0.098205 0.229340 0.773511 0.952534 0.061509 -0.172761 0.991400 0.122440 -0.046004 0.758372 0.493449 0.939452 -0.416220 0.890014 0.470040 0.498183 0.949053 -0.099930 0.840055 -0.723459 0.342089 -0.841509 -0.724432 0.098857 -0.588705 -0.881035 0.681201 -0.524075 0.004525 0.178376 0.264738 -0.146407 0.381614 0.642661 0.386515 0.512878 0.578774 -0.470583 -0.013131 0.348405 -0.394355 0.929070 -0.774441 0.077025 -0.600847 0.565810 -0.543349 0.465358 0.056201 -0.419473 0.469666 0.106828 0.241347 0.927312 0.693434 -0.372673 0.538746 0.822532 -0.956700 0.636465 -0.573308 0.192338 0.597035 0.444149 -0.826030 -0.798391 0.382405 -0.824008 0.896106 0.843486 0.210553 -0.697368 -0.364170 -0.856268 0.502681 -0.349888 0.429430 -0.220286 0.755784 0.447667 -0.650839 0.958938 0.226415 0.892155 0.823676 0.877254 -0.909680 0.152405 -0.905303 0.698503 -0.521912 0.987162 0.974243 -0.856885 -0.754607 0.173901 0.921703 -0.678833 0.660204 -0.593564 0.258275 0.039087 -0.603883 0.080755 0.481036 0.913682 -0.712882 0.629762 0.965890 0.566538 -0.625253 -0.743681 0.727085 -0.083255 0.406094 0.986660 0.090059 -0.926185 ]
step 26/128
Layer output: [ -0.906616 -0.062330 -0.256591 -0.107773 -0.064720 0.631072 -0.944614 -0.360064 -0.281647 -0.578712 0.727190 0.098475 0.851466 0.962089 0.159359 -0.434337 0.995220 0.172915 -0.140948 0.773561 0.535175 0.965556 -0.415108 0.920215 0.850950 0.368131 0.915378 -0.483246 0.774432 -0.725580 0.292102 -0.867042 -0.328740 0.200950 -0.707013 -0.861500 0.477312 -0.440056 -0.490155 0.207344 -0.238098 -0.551865 0.318451 0.659804 0.022309 0.229907 0.396758 -0.824463 0.391714 0.103497 0.020521 0.950956 -0.781921 0.100807 -0.486747 0.206539 -0.658784 0.414332 0.547388 -0.382208 0.677138 0.158784 0.023397 0.887031 0.688196 -0.780552 0.575635 0.826104 -0.926430 0.469051 -0.376525 0.737672 0.177199 0.684463 -0.903965 -0.687165 0.418843 -0.756029 0.914333 0.916140 -0.316758 -0.645244 -0.344930 -0.598357 0.062512 -0.559002 -0.083106 0.103442 0.557926 0.531866 -0.751992 0.932161 0.676773 0.957224 0.662392 0.900313 -0.944173 0.438390 -0.777619 0.708834 -0.510464 0.979685 0.987478 -0.762742 -0.779721 0.593364 0.880145 -0.322405 0.484185 -0.266472 0.103160 -0.323513 -0.542144 0.213394 0.366734 0.955546 -0.704754 0.591457 0.982597 0.667296 -0.868289 -0.789223 0.678703 -0.560516 0.301743 0.975757 -0.635346 -0.855922 ]
step 27/128
Layer output: [ -0.838535 -0.263104 -0.341529 0.366261 0.142188 0.750334 -0.873743 -0.558208 0.308271 -0.370769 0.538557 -0.443250 0.956289 0.927278 0.310810 -0.712693 0.987352 0.438872 -0.283621 0.798522 0.627183 0.954408 -0.528073 0.880055 0.908860 0.649653 0.898023 -0.310142 0.646632 -0.855958 0.203874 -0.946598 -0.504556 -0.591579 -0.652074 -0.909093 0.803170 -0.230865 -0.389168 -0.152191 0.018004 -0.001154 0.426254 0.785644 0.454812 0.208691 0.385076 -0.671535 0.294356 0.159643 -0.228032 0.963606 -0.920581 -0.271783 -0.689076 -0.381849 -0.674638 0.004523 0.406770 -0.147675 0.597188 0.201840 0.349325 0.884412 0.634699 -0.778436 0.885943 0.787080 -0.886615 0.720692 -0.260071 0.525569 0.169735 0.666620 -0.884731 -0.811751 -0.069189 -0.817603 0.881509 0.877537 -0.265309 -0.391227 -0.374197 -0.683689 0.465059 -0.595373 0.112850 0.136825 0.371743 0.371093 -0.795438 0.969781 0.601133 0.957761 0.568186 0.834919 -0.950769 0.384490 -0.845813 0.854668 -0.500849 0.973569 0.977253 -0.576911 -0.790530 0.205758 0.905751 -0.655809 0.725787 -0.093348 0.008357 0.442082 -0.851995 0.295947 0.471229 0.779266 -0.657623 0.280858 0.963256 0.634444 -0.840378 -0.734995 0.738864 -0.600640 0.005819 0.980306 0.007696 -0.948546 ]
step 28/128
Layer output: [ -0.839262 -0.402988 0.193017 0.286163 0.134697 0.556671 -0.936589 -0.843315 -0.015595 -0.593470 0.552066 -0.118385 0.927031 0.956718 0.217607 -0.100970 0.989713 -0.364435 -0.468790 0.736284 0.403669 0.963946 -0.618081 0.859241 0.918755 0.669511 0.861465 -0.003940 0.720754 -0.653584 0.694137 -0.707232 -0.729706 -0.236942 -0.027175 -0.755388 0.939561 -0.187999 -0.658373 -0.106319 -0.087418 -0.532028 0.385217 0.666703 -0.317927 -0.021521 0.306078 -0.618230 0.638346 -0.415699 0.326029 0.849439 -0.880052 -0.429968 -0.820214 0.015489 -0.648942 0.515017 0.022795 -0.149134 0.155490 0.232840 0.343931 0.862518 0.714540 -0.510388 0.759688 0.860547 -0.886932 0.360970 -0.450834 0.073050 0.463271 0.461504 -0.830596 -0.937111 -0.033374 -0.752229 0.948481 0.849999 0.247961 -0.775736 -0.526208 -0.536757 0.293473 -0.336005 0.425801 0.136012 0.795259 0.655202 -0.729794 0.979421 0.677822 0.898746 0.507236 0.808924 -0.915508 0.442672 -0.736634 0.931107 -0.604655 0.938432 0.975508 -0.740638 -0.593805 0.054862 0.930470 -0.296389 0.811078 0.005878 0.138173 0.220930 -0.630672 0.169931 0.725104 0.860251 0.110754 0.723336 0.977754 0.339852 -0.884311 -0.757412 0.463104 -0.323534 0.331279 0.991485 -0.160880 -0.907073 ]
step 29/128
Layer output: [ -0.821768 0.355969 0.042130 0.425461 -0.510061 0.763098 -0.866534 -0.265883 -0.472822 -0.578843 0.503054 0.161975 0.909863 0.975243 0.203574 0.221438 0.979307 0.049531 -0.659669 0.870637 0.385167 0.933878 -0.788939 0.905851 0.793227 0.068306 0.920327 0.117386 0.885326 -0.834023 0.009305 -0.834501 -0.728599 0.131545 -0.439297 -0.888519 0.912176 -0.111193 -0.543063 -0.082313 0.513779 -0.386576 0.523505 0.406313 -0.085718 0.634414 0.619444 -0.438978 -0.097978 0.107559 -0.426152 0.931924 -0.885378 -0.116110 -0.730779 0.186988 -0.734158 0.218270 0.366227 -0.424514 0.387000 0.151809 0.390144 0.807532 0.529656 -0.604903 0.367570 0.808079 -0.903915 0.682969 -0.465166 -0.461640 0.494340 0.663967 -0.952566 -0.920895 0.224033 -0.783031 0.945738 0.846895 0.065260 -0.704300 -0.581136 -0.704372 0.551572 -0.707873 0.262911 -0.302932 0.689707 0.600492 -0.512993 0.967039 0.131703 0.944796 0.703208 0.798962 -0.949324 -0.114526 -0.874305 0.892661 -0.112941 0.979598 0.927185 -0.739882 -0.730998 0.251697 0.948558 -0.310353 0.694400 -0.387731 0.200212 0.261935 -0.537908 0.647787 0.099958 0.926958 -0.844552 0.602942 0.988872 0.075872 -0.906473 -0.795822 0.789519 0.297133 0.591797 0.974587 -0.318319 -0.850462 ]
step 30/128
Layer output: [ -0.845655 0.156012 0.248698 0.319075 0.040237 0.800611 -0.894563 -0.502088 -0.212083 -0.529573 0.448468 0.302780 0.930794 0.970686 0.613679 -0.068051 0.993516 -0.004559 -0.145658 0.557537 0.756514 0.945862 -0.556964 0.951480 0.767774 0.724884 0.928998 0.227574 0.896679 -0.892703 0.281485 -0.838715 -0.676769 -0.633007 -0.720332 -0.882128 0.861946 -0.234903 -0.361474 0.498560 0.119178 -0.421174 0.471360 0.286547 -0.168641 0.564416 0.326410 -0.204566 0.490614 -0.238965 -0.404964 0.892659 -0.868802 -0.358757 -0.576358 -0.009145 -0.323210 -0.074388 -0.369283 0.135713 -0.065607 -0.047233 0.340337 0.837359 0.632400 -0.739799 0.409595 0.889264 -0.907111 0.219591 -0.523334 0.454743 0.154983 0.671393 -0.849310 -0.828856 -0.200755 -0.700590 0.914127 0.848157 0.255828 -0.745136 -0.400733 -0.560103 0.374865 -0.265499 0.388132 -0.338802 0.053880 0.614343 -0.730619 0.961267 0.182105 0.977126 0.848621 0.866939 -0.888337 0.485890 -0.853173 0.765719 -0.625932 0.969717 0.952883 -0.225699 -0.781614 -0.081320 0.961498 -0.501552 0.819953 -0.252618 0.383650 -0.133967 -0.544060 0.126866 0.537521 0.894738 -0.768789 0.631026 0.986727 0.408436 -0.748525 -0.517048 0.748415 -0.038886 0.540073 0.983263 0.271918 -0.848574 ]
step 31/128
Layer output: [ -0.769508 -0.008874 -0.200688 -0.508928 -0.204973 0.789394 -0.934893 -0.502338 -0.104366 -0.776488 0.308809 0.331777 0.837575 0.978587 0.331071 -0.638780 0.991752 0.306408 -0.517924 0.740181 0.339390 0.968734 -0.631107 0.952852 0.886364 -0.226999 0.877703 -0.212132 0.447260 -0.804102 0.605707 -0.950330 -0.492300 -0.338131 -0.510065 -0.844626 0.858771 0.064971 -0.733220 0.496959 -0.105405 -0.298837 0.560601 0.567428 0.301090 0.265575 0.379543 -0.662470 0.344754 0.381051 -0.173629 0.934918 -0.808950 -0.197199 -0.725163 -0.242161 -0.290896 0.256585 0.571045 0.261471 0.394597 -0.183944 0.585546 0.907767 0.824811 -0.527704 0.783775 0.643866 -0.975552 0.516757 -0.517569 0.618064 0.472191 0.817273 -0.802958 -0.913202 -0.012232 -0.651249 0.807649 0.844956 -0.026182 -0.305608 -0.578998 -0.671572 0.724538 -0.638677 0.002342 -0.385579 0.471272 0.456773 -0.662116 0.992602 0.596100 0.915977 0.603390 0.680391 -0.876440 0.398701 -0.942465 0.861323 -0.586363 0.977236 0.945587 -0.912005 -0.521795 -0.060242 0.936362 -0.616186 0.147792 0.088899 0.457340 0.316419 -0.389103 0.138832 0.606670 0.695152 -0.449468 0.522422 0.977436 0.553389 -0.660608 -0.719059 0.835323 -0.361870 -0.082685 0.988119 -0.125244 -0.943093 ]
step 32/128
Layer output: [ -0.795765 -0.369311 -0.163048 -0.159570 -0.502952 0.527104 -0.978300 -0.491740 -0.272230 -0.371567 0.508807 0.356252 0.944420 0.941730 0.342974 -0.427095 0.978250 0.283257 -0.218763 0.779568 0.139599 0.954770 -0.601411 0.949632 0.932253 0.430079 0.912018 -0.146529 0.819951 -0.658126 0.614604 -0.931037 -0.252003 -0.179661 -0.436885 -0.891044 0.884123 -0.492569 -0.449898 0.379172 0.396445 -0.518962 0.297576 0.505823 -0.104575 0.144754 0.459278 -0.688221 0.196937 -0.009428 -0.149492 0.919492 -0.874434 -0.259071 -0.679793 -0.388694 -0.585825 0.047926 -0.046965 -0.203251 0.734489 -0.157299 0.068276 0.806963 0.269118 -0.205596 0.767685 0.802140 -0.950824 0.532962 -0.784784 -0.157959 0.101769 0.630984 -0.453923 -0.853559 -0.201673 -0.789955 0.881836 0.734610 0.243497 -0.439560 -0.717740 -0.553833 0.513820 -0.319185 -0.016951 -0.044044 0.437198 0.115493 -0.877920 0.969133 0.640084 0.932441 0.590700 0.896798 -0.935267 0.317346 -0.605637 0.854069 -0.553734 0.970935 0.914473 -0.532974 -0.768762 -0.087355 0.952778 -0.782276 0.550489 -0.476870 0.208011 0.336203 -0.572143 0.310024 0.786314 0.862981 -0.717908 0.629673 0.963980 0.416689 -0.354714 -0.783887 0.788581 -0.243736 0.223603 0.974723 -0.313936 -0.951076 ]
step 33/128
Layer output: [ -0.873408 -0.317375 -0.041498 0.099525 -0.322279 0.671309 -0.920534 -0.558171 -0.151939 -0.635145 0.766193 0.295159 0.931583 0.927468 0.205268 -0.009747 0.977834 0.478753 -0.737049 0.870059 0.530810 0.967351 -0.853226 0.975887 0.914391 0.219696 0.914907 -0.231061 0.487750 -0.603771 0.475747 -0.894565 -0.497322 -0.079032 -0.771056 -0.962585 0.854938 -0.167262 -0.625873 0.284142 0.506042 -0.344014 0.226686 0.593356 0.216588 0.181640 0.626780 -0.711215 0.497712 0.055383 -0.613385 0.963941 -0.939954 -0.409723 -0.671130 -0.269609 -0.449071 0.224758 0.263610 -0.222741 0.484693 0.193439 0.227912 0.801259 0.758392 -0.494248 0.830224 0.739899 -0.918256 0.463025 -0.251429 0.172459 0.456124 0.910268 -0.817849 -0.936995 0.217875 -0.853267 0.931213 0.830636 0.226965 -0.314452 -0.290565 -0.829545 0.459774 -0.515607 -0.180832 0.366399 0.769447 0.170642 -0.770594 0.960630 0.537678 0.930655 0.683166 0.892446 -0.952068 0.523400 -0.878080 0.909857 -0.616624 0.968062 0.956989 -0.620549 -0.287276 0.314612 0.875123 -0.759309 0.553748 -0.233811 0.171357 0.560808 -0.776808 0.313691 0.530554 0.708225 -0.765134 0.210130 0.976119 0.343707 -0.711020 -0.799542 0.895945 0.075112 -0.046128 0.988163 -0.334380 -0.969002 ]
step 34/128
Layer output: [ -0.872078 0.163103 -0.125561 0.648399 -0.404006 0.755789 -0.883390 -0.100281 -0.276072 -0.497491 0.427790 0.405890 0.831982 0.971260 0.161625 -0.351253 0.983147 0.035148 -0.679516 0.457346 0.653575 0.958350 -0.637565 0.934458 0.728986 0.309568 0.937618 -0.016000 0.849797 -0.766528 0.224424 -0.916915 -0.760866 -0.175807 -0.704659 -0.848791 0.771473 -0.502380 -0.234337 0.345853 0.397480 -0.431092 0.347160 0.561433 0.162293 0.429441 0.714921 -0.702274 -0.144592 0.094987 -0.473268 0.956085 -0.911934 -0.101664 -0.665926 -0.110145 -0.555385 0.032608 0.047113 0.026723 0.242231 0.229778 0.187892 0.823174 0.669640 -0.494426 0.545598 0.555516 -0.967774 0.587651 -0.477761 0.189916 0.325254 0.585317 -0.902131 -0.854797 0.544303 -0.735661 0.966244 0.829850 0.036596 -0.524429 -0.584456 -0.610441 0.520124 -0.625865 -0.037475 -0.149338 0.668507 0.529488 -0.517373 0.967672 0.299572 0.931498 0.651562 0.836526 -0.948577 -0.031823 -0.861200 0.870234 -0.501532 0.971149 0.968402 -0.625061 -0.215853 0.221779 0.912067 -0.464886 0.634554 -0.565098 0.572442 0.153671 -0.770444 0.347566 0.186293 0.733944 -0.594174 0.229692 0.983057 0.289260 -0.870627 -0.772799 0.698381 -0.056162 0.609505 0.988254 -0.404403 -0.862329 ]
step 35/128
Layer output: [ -0.788616 -0.129265 0.184713 0.027198 -0.392550 0.689651 -0.944769 -0.447917 -0.301327 -0.451205 0.596454 0.229949 0.931248 0.925075 0.118338 -0.439918 0.991279 -0.107464 -0.285320 0.695318 0.607404 0.971882 -0.532896 0.959150 0.742252 -0.031428 0.916803 -0.387590 0.855088 -0.819474 0.435755 -0.834356 -0.715543 -0.392042 -0.788766 -0.861946 0.648757 -0.375425 -0.467913 0.564207 0.141442 -0.534340 0.411195 0.536606 0.283218 0.522625 0.333065 -0.833278 0.088966 0.455847 0.346330 0.967122 -0.799734 0.034245 -0.410764 -0.185798 0.016156 0.086893 0.444703 0.105632 0.288440 0.106149 -0.211101 0.872743 0.626977 -0.779175 0.676925 0.557144 -0.967848 0.607617 -0.669927 0.843894 0.052274 0.758063 -0.767035 -0.849349 0.419674 -0.732027 0.953209 0.904978 0.057937 -0.380745 -0.348778 -0.679229 0.644901 -0.647183 -0.082790 -0.404039 0.440443 0.378433 -0.613492 0.964826 0.625484 0.971187 0.866761 0.925651 -0.935201 0.268231 -0.828164 0.871715 -0.638024 0.982395 0.960728 -0.845432 -0.561314 -0.075954 0.890307 -0.490645 0.651142 -0.726231 0.426240 -0.327094 -0.765777 -0.193539 0.507901 0.886526 -0.820003 0.438583 0.981905 0.462223 -0.538729 -0.486451 0.797395 -0.086653 0.430147 0.956554 -0.219163 -0.892076 ]
step 36/128
Layer output: [ -0.927631 -0.393025 0.228487 -0.316626 0.096091 0.842615 -0.943361 -0.588126 -0.491424 -0.471274 0.536019 0.352000 0.912243 0.940873 0.311793 -0.291911 0.996792 0.173983 -0.041331 0.855877 0.757485 0.962104 -0.357828 0.952687 0.761514 0.664066 0.967859 -0.320081 0.828357 -0.735681 0.416074 -0.720625 -0.139091 -0.520114 -0.801404 -0.867568 0.879036 -0.564781 0.235542 0.379505 0.010377 -0.371839 0.008183 0.611399 -0.194275 0.044506 0.145332 -0.313728 0.205649 0.450803 -0.183004 0.942940 -0.892538 0.092826 -0.554590 0.157474 -0.381043 0.151934 -0.027230 0.546975 0.526442 0.321015 -0.171867 0.819218 0.805657 -0.499201 0.516007 0.853083 -0.919497 0.525334 -0.325443 0.392494 -0.517148 0.727191 -0.831040 -0.576204 0.357759 -0.816576 0.923059 0.914088 -0.379068 -0.356189 -0.768320 -0.721933 0.419999 -0.258879 0.569864 -0.409524 0.641171 0.624058 -0.709596 0.982351 0.401863 0.934057 0.477389 0.804133 -0.879565 0.318375 -0.782675 0.716569 -0.530043 0.983218 0.947933 -0.514049 -0.438422 -0.013093 0.919924 -0.733602 0.695084 -0.479040 0.278149 -0.314984 -0.710554 0.292417 0.680836 0.837798 -0.630835 0.629004 0.986782 -0.054275 -0.705495 -0.582418 0.322966 -0.078141 0.558257 0.966722 -0.176056 -0.726138 ]
step 37/128
Layer output: [ -0.931281 0.196776 -0.203566 -0.050008 0.473520 0.734693 -0.956867 -0.663002 -0.342629 -0.524557 0.434988 0.243724 0.946340 0.967659 0.310743 -0.551637 0.986232 0.252227 0.039749 0.832168 0.518921 0.972977 -0.450923 0.934228 0.922956 0.475294 0.876182 -0.556430 0.657074 -0.841939 0.696691 -0.785917 0.041427 -0.355229 -0.610285 -0.792359 0.924622 0.047188 -0.187834 -0.187847 0.130238 -0.328914 0.226645 0.811142 -0.124184 -0.324909 0.546607 -0.580805 0.639651 0.161393 -0.338991 0.946869 -0.914567 0.350264 -0.708667 -0.340959 -0.665032 0.282314 0.405366 0.066994 0.784872 0.474878 0.242893 0.783552 0.739106 -0.612686 0.342294 0.807227 -0.954104 0.502808 -0.659962 0.001475 -0.035801 0.764834 -0.617778 -0.866944 0.065415 -0.581569 0.871847 0.922815 -0.133412 -0.504142 -0.712937 -0.638095 0.610898 -0.208556 0.493005 -0.007430 0.757495 -0.223764 -0.684130 0.979421 0.434965 0.951561 0.640256 0.757668 -0.880700 0.404712 -0.760759 0.591227 -0.311964 0.961100 0.869604 -0.737649 -0.708122 -0.206162 0.910713 -0.536085 0.248035 -0.471358 0.179308 -0.355898 -0.702232 0.020818 0.750048 0.844878 -0.745597 0.772486 0.990527 0.355134 -0.880530 -0.687792 0.717582 -0.405928 0.404225 0.957718 -0.549842 -0.931150 ]
step 38/128
Layer output: [ -0.873955 -0.079482 0.185933 -0.006383 0.141639 0.769179 -0.963200 -0.706918 0.390002 -0.580568 0.385899 0.478735 0.954726 0.865307 -0.453936 -0.384807 0.992484 0.230240 0.413430 0.541337 0.189927 0.891363 -0.459799 0.946724 0.862558 0.454375 0.689167 0.089817 0.660180 -0.610852 0.574849 -0.869595 -0.693846 0.142954 -0.533543 -0.764360 0.681509 -0.168426 -0.688006 0.421244 0.037320 -0.636853 0.492333 0.810753 0.048951 0.187786 0.344282 -0.724657 0.265570 0.350758 -0.071680 0.976036 -0.862626 -0.180118 -0.590703 -0.565803 -0.413008 0.274243 0.470466 -0.441065 0.467924 0.284851 -0.116066 0.754338 0.602659 -0.620984 0.861607 0.963448 -0.952857 0.435554 -0.372280 0.329036 0.179194 0.479344 -0.846231 -0.592304 0.013163 -0.678983 0.925505 0.740033 -0.219656 -0.562526 -0.315388 -0.460397 0.796468 -0.615922 0.150775 -0.001891 0.792016 0.006642 -0.796684 0.968623 0.576967 0.856254 0.712886 0.675868 -0.938810 0.836810 -0.889727 0.634060 -0.510021 0.965955 0.976454 -0.756714 -0.876723 0.109984 0.959410 -0.808784 0.411309 -0.172367 -0.598247 0.123354 -0.858733 -0.076334 0.719178 0.953431 -0.496572 0.624789 0.964401 0.520501 -0.833416 -0.736396 0.873912 -0.565469 0.377018 0.973340 -0.015080 -0.956641 ]
step 39/128
Layer output: [ -0.916886 -0.150184 0.084494 0.062564 0.248554 0.754345 -0.955874 -0.638280 0.307337 -0.637521 0.392320 0.179426 0.914197 0.920734 0.293246 -0.467167 0.983556 0.392269 -0.379862 0.663339 0.670578 0.968535 -0.605187 0.939677 0.945441 0.566945 0.838504 -0.443099 0.537379 -0.690560 0.675640 -0.642737 -0.625258 -0.276450 -0.866496 -0.836965 0.894405 0.159769 -0.205412 -0.110504 -0.297676 -0.142639 0.184637 0.743750 0.229569 -0.063327 0.619289 -0.625173 0.423846 0.204339 -0.257515 0.957090 -0.912381 -0.354237 -0.688291 -0.130352 -0.779051 0.620070 0.403959 -0.196846 0.679605 0.654327 0.283199 0.814865 0.796666 -0.824487 0.672668 0.803894 -0.887332 0.770958 -0.283995 0.020560 0.336232 0.588191 -0.863895 -0.853517 0.108480 -0.827159 0.811161 0.739246 -0.145961 -0.407512 -0.434242 -0.562451 0.614571 -0.392944 0.246489 0.480254 0.563604 0.247209 -0.882252 0.970615 0.576292 0.931460 0.591311 0.875723 -0.799055 0.428847 -0.912888 0.759547 -0.573123 0.962241 0.985959 -0.478532 -0.764040 0.253279 0.918775 -0.833050 0.378802 -0.513606 -0.009754 -0.060071 -0.648226 -0.095335 0.601295 0.890711 -0.829834 0.465603 0.981287 0.403495 -0.788833 -0.460171 0.900654 -0.185041 0.551785 0.970517 0.087880 -0.906798 ]
step 40/128
Layer output: [ -0.880612 0.208529 0.086623 0.534864 -0.201032 0.870035 -0.925953 -0.606979 0.178362 -0.757110 0.047092 0.477302 0.728160 0.972061 0.037915 -0.312686 0.991042 0.116545 -0.245695 0.636521 0.415884 0.942120 -0.206358 0.864029 0.717642 0.321413 0.959504 -0.260506 0.829733 -0.658640 0.551466 -0.859174 -0.749757 -0.364666 -0.492872 -0.810266 0.760713 -0.427072 -0.113265 0.102676 0.341020 0.183574 0.158561 0.812901 0.341186 0.662067 0.529685 -0.506719 0.030351 0.202460 -0.004691 0.920006 -0.858115 -0.275093 -0.557906 0.325902 -0.457764 0.418361 0.382814 -0.055659 0.267499 0.471686 0.249651 0.925519 0.781486 -0.490577 0.679451 0.758599 -0.948650 0.717319 -0.487890 0.075689 0.247714 0.573838 -0.872558 -0.862529 0.444490 -0.749252 0.959277 0.849167 -0.150710 -0.584974 -0.569362 -0.671026 0.751161 -0.311376 0.219729 0.232450 0.722376 0.430766 -0.625106 0.972484 0.502253 0.838461 0.746286 0.810053 -0.891736 0.134173 -0.928978 0.795538 -0.604349 0.965617 0.969508 -0.767785 -0.193586 0.173781 0.912089 -0.721746 0.717348 -0.475750 0.320846 0.252708 -0.501860 0.339250 0.501314 0.866742 -0.578999 0.563801 0.992091 0.524673 -0.771914 -0.721393 0.672140 -0.131711 0.609388 0.985588 -0.071696 -0.919945 ]
step 41/128
Layer output: [ -0.906777 0.385052 -0.237381 0.236009 0.091005 0.412565 -0.947348 -0.513554 -0.263955 -0.601891 0.150338 0.228055 0.922917 0.956444 -0.023848 -0.655347 0.980408 0.312503 -0.186882 0.798889 0.665498 0.967575 -0.293858 0.921586 0.812995 0.385336 0.966986 -0.325358 0.429888 -0.750907 0.560268 -0.427735 -0.486700 -0.398115 -0.467168 -0.884687 0.883613 -0.193136 -0.310922 0.426435 0.407784 -0.658361 -0.365922 0.766822 0.311233 0.601786 0.510436 -0.773174 -0.090315 0.383761 -0.234476 0.926045 -0.803150 -0.238353 -0.430551 -0.016767 -0.527898 0.058781 0.126277 0.380290 0.774306 0.244603 -0.365172 0.797267 0.579084 -0.661032 0.623476 0.503497 -0.963039 0.506530 -0.681870 0.173394 -0.075197 0.521704 -0.851423 -0.848134 0.383462 -0.617184 0.919560 0.903116 0.013173 -0.653656 -0.641170 -0.574342 0.732332 -0.363348 0.376163 -0.166507 0.743550 0.263326 -0.732685 0.943783 0.556126 0.911117 0.528153 0.829581 -0.907542 0.449232 -0.889746 0.717029 -0.440790 0.984919 0.945267 -0.742959 -0.702243 -0.070922 0.950599 -0.331274 0.317756 -0.757066 -0.051088 -0.181261 -0.829436 0.082341 0.714699 0.913309 -0.846096 0.669910 0.982999 0.695162 -0.872431 -0.843991 0.674424 -0.446561 0.661459 0.958960 -0.666112 -0.906962 ]
step 42/128
Layer output: [ -0.891436 -0.232269 -0.154331 0.075468 0.157425 0.469175 -0.965888 -0.518290 0.047776 -0.483499 0.563147 0.646741 0.878286 0.963631 0.123507 -0.453848 0.994874 -0.112499 -0.205614 0.692524 0.247315 0.933191 -0.223885 0.919110 0.929661 0.579103 0.933879 -0.676361 0.824996 -0.879522 0.563228 -0.943702 -0.397899 -0.248904 -0.718130 -0.876192 0.928524 -0.407267 -0.036134 -0.007053 0.403904 -0.582019 -0.152942 0.958714 0.167343 -0.290338 0.554817 -0.676224 0.472497 0.080637 -0.163456 0.977865 -0.889939 0.432773 -0.616179 -0.004013 -0.494671 0.448449 0.247387 -0.357683 0.390869 0.057048 -0.135014 0.803819 0.789914 -0.549591 0.630270 0.626612 -0.915956 0.720666 -0.669092 0.000544 -0.173785 0.554105 -0.570097 -0.853913 0.632718 -0.757589 0.937903 0.847138 0.078775 -0.634322 -0.534567 -0.375658 0.481932 -0.605468 -0.020547 0.418324 0.754397 -0.228231 -0.910036 0.986248 0.648381 0.918843 0.635294 0.838205 -0.922587 0.363745 -0.912542 0.728831 -0.277527 0.956490 0.972514 -0.647251 -0.747120 0.111122 0.911662 -0.323226 0.227018 -0.535626 0.133869 -0.106634 -0.690707 0.110751 0.559844 0.926258 -0.668976 0.880674 0.982828 0.468037 -0.804150 -0.812679 0.677566 -0.564479 -0.023037 0.973981 -0.192254 -0.927458 ]
step 43/128
Layer output: [ -0.831516 -0.235964 -0.504977 0.025743 -0.418062 0.554069 -0.889492 -0.281616 -0.299222 -0.543903 0.622434 0.790792 0.945381 0.926250 0.433407 -0.016427 0.975681 -0.058161 -0.682635 0.765677 0.527147 0.861731 -0.766125 0.940976 0.835053 -0.062033 0.939217 -0.074007 0.838474 -0.214526 0.670430 -0.898554 -0.604534 -0.166919 -0.446643 -0.960069 0.916378 -0.259612 0.009184 -0.076049 0.345062 0.056464 -0.113244 0.546646 0.288686 0.415942 0.366228 -0.615471 -0.150175 0.444249 -0.308468 0.955914 -0.957988 0.205257 -0.605960 -0.044820 -0.689084 0.159059 0.384545 -0.503878 0.571811 0.557020 0.293995 0.830157 0.483099 -0.207454 0.818243 0.403210 -0.831423 0.714388 -0.762948 -0.180985 0.203399 0.813991 -0.921469 -0.903874 0.543538 -0.867546 0.927873 0.851630 -0.088110 -0.484362 -0.378407 -0.614678 0.544262 -0.597611 0.229518 0.232031 0.671388 0.210748 -0.845303 0.940850 0.471601 0.900457 0.800341 0.798936 -0.902578 0.266784 -0.884258 0.687582 -0.519456 0.959834 0.954807 -0.623928 -0.576495 0.477514 0.746799 -0.694432 0.193022 -0.605652 -0.058513 0.385770 -0.577269 0.207841 0.659481 0.964163 -0.528182 0.367302 0.987813 -0.144667 -0.589383 -0.708838 0.690294 0.004325 0.399698 0.979307 -0.456402 -0.960771 ]
step 44/128
Layer output: [ -0.942589 0.237139 -0.278721 -0.404502 -0.176119 0.731895 -0.970770 -0.505558 -0.390182 -0.420078 0.545655 0.334513 0.870151 0.968172 0.561557 -0.350832 0.969409 0.305964 -0.227104 0.871923 0.701656 0.960764 -0.437280 0.964816 0.765495 0.215952 0.867067 -0.234380 0.408876 -0.391727 0.358707 -0.937000 -0.127469 -0.033668 -0.755507 -0.839897 0.933396 -0.420370 -0.150786 0.479129 0.353664 -0.273120 0.161109 0.632469 -0.023576 0.344448 0.633520 -0.277717 0.122044 0.572719 -0.163869 0.981129 -0.903770 -0.033914 -0.713320 0.144727 -0.699010 0.663686 0.017736 0.075299 0.246632 0.518654 0.534849 0.846841 0.808658 -0.429984 0.679454 0.849759 -0.952710 0.510213 -0.794192 -0.005736 -0.052637 0.814474 -0.705991 -0.911726 0.183613 -0.841325 0.880398 0.800772 -0.147245 -0.423209 -0.676774 -0.814884 0.203974 -0.436375 0.534500 -0.080984 0.461630 0.391220 -0.680444 0.977231 0.589054 0.903792 0.669529 0.911374 -0.799350 0.222903 -0.866297 0.772120 -0.566718 0.971338 0.907134 -0.699306 -0.610937 0.483379 0.860192 -0.578571 0.402087 -0.297447 0.228474 -0.198388 -0.618460 0.127562 0.548450 0.898770 -0.668006 0.510375 0.976066 0.175826 -0.804987 -0.857491 0.594451 -0.018122 0.683004 0.952829 -0.536025 -0.931735 ]
step 45/128
Layer output: [ -0.879048 -0.049516 -0.071983 0.219814 0.051590 0.709283 -0.980770 -0.578628 -0.326093 -0.473663 0.745099 0.520578 0.926639 0.941135 -0.186147 -0.533779 0.978978 0.188468 0.439041 0.848669 0.523804 0.948021 -0.745891 0.939019 0.889060 0.387661 0.805882 -0.496385 0.470515 -0.807311 0.290059 -0.873893 -0.668028 0.014058 -0.929166 -0.884845 0.780854 0.297199 -0.339289 0.025868 -0.003170 -0.609967 0.143937 0.666066 0.019931 -0.028284 0.173348 -0.516060 0.233061 0.308719 -0.096910 0.922069 -0.639308 -0.444179 -0.328901 -0.221079 -0.469854 -0.040718 0.130488 -0.006767 0.037325 0.061046 0.081793 0.854654 0.721337 -0.883936 0.841904 0.792398 -0.792376 0.233226 -0.319134 0.388706 0.340943 0.567582 -0.901808 -0.792593 0.067842 -0.608212 0.930207 0.797890 0.106054 -0.754999 -0.557476 -0.499931 0.431238 -0.291474 0.075075 0.475794 0.461461 0.253499 -0.510118 0.906157 0.646085 0.882394 0.783030 0.729072 -0.947317 0.477537 -0.863770 0.876084 -0.590289 0.928214 0.968962 -0.413413 -0.655897 0.322961 0.949363 -0.766927 0.690492 -0.663040 -0.303950 -0.511295 -0.876335 0.024604 0.355657 0.934376 -0.911829 0.559975 0.979968 0.534600 -0.866991 -0.844184 0.874616 -0.354575 0.522350 0.969263 -0.178820 -0.858630 ]
step 46/128
Layer output: [ -0.769802 -0.031904 -0.333271 0.313995 -0.391562 0.892620 -0.868261 -0.293488 -0.153902 -0.657330 0.158478 0.430736 0.796280 0.984262 -0.073106 -0.507675 0.994036 0.265737 -0.447691 0.714727 0.354430 0.872819 -0.217915 0.868978 0.794406 0.155038 0.946619 0.063125 0.835525 -0.852368 0.449168 -0.863677 -0.369067 0.076784 -0.686317 -0.859757 0.863225 -0.436928 -0.401310 -0.010793 0.220734 -0.366097 0.474132 0.614270 0.245592 0.280889 0.340707 -0.642625 -0.311345 0.301230 -0.114196 0.915678 -0.732963 0.160803 -0.542752 -0.125555 -0.474355 0.169189 0.494026 -0.301130 0.331230 0.221757 0.247907 0.887463 0.584398 -0.795875 0.588958 0.531909 -0.916124 0.711142 -0.304618 0.133531 0.301274 0.391990 -0.937745 -0.775952 0.258972 -0.762088 0.855613 0.943355 -0.109186 -0.781452 -0.644894 -0.755709 0.402434 -0.597904 0.195667 0.370851 0.667287 0.291888 -0.753795 0.965605 0.481801 0.910955 0.680958 0.776134 -0.905875 0.192205 -0.898715 0.742999 -0.339896 0.986526 0.972641 -0.749053 -0.640303 0.415624 0.883033 -0.741875 0.736731 -0.462306 0.531730 0.073238 -0.488682 0.573819 0.180558 0.805584 -0.575786 0.485448 0.993212 0.047888 -0.864043 -0.789017 0.760194 -0.217373 0.369922 0.968919 0.027748 -0.897146 ]
step 47/128
Layer output: [ -0.946550 -0.233064 -0.217651 0.349753 -0.069119 0.498214 -0.932721 -0.165316 0.239903 -0.676476 0.351572 0.699091 0.842268 0.934907 -0.186934 -0.336376 0.981451 0.489408 -0.212770 0.781579 0.321988 0.958586 -0.378195 0.963369 0.229126 -0.064612 0.919622 -0.360653 0.750060 -0.648322 0.416969 -0.659133 -0.805153 -0.256799 -0.619151 -0.863487 0.788386 -0.434982 -0.458619 0.670260 0.049488 -0.286518 0.073542 0.767946 -0.053434 0.060981 0.244889 -0.674641 -0.047874 0.373122 0.037715 0.967196 -0.678920 -0.338101 -0.543325 -0.032828 -0.557438 0.430373 0.258966 0.017885 0.645282 0.055644 -0.275183 0.879600 0.717534 -0.362023 0.667631 0.787191 -0.961288 0.568883 -0.488040 0.526905 0.045831 0.621237 -0.857607 -0.650832 0.461730 -0.818204 0.949462 0.856819 0.046087 -0.663012 0.041401 -0.829978 0.727290 -0.427476 -0.045836 0.407865 0.405485 0.147547 -0.710602 0.962283 0.582853 0.883361 0.715110 0.798167 -0.894062 0.312953 -0.927698 0.769733 -0.183133 0.993671 0.976403 -0.767136 -0.694030 0.162679 0.921187 -0.718730 0.642751 -0.561234 -0.057495 -0.140780 -0.621176 -0.364077 0.689485 0.910325 -0.600597 0.584155 0.987567 0.726633 -0.655568 -0.796360 0.896310 -0.643554 0.628599 0.966164 -0.370004 -0.930430 ]
step 48/128
Layer output: [ -0.965853 0.224055 -0.148858 -0.252528 -0.078421 0.781310 -0.945222 -0.265903 -0.405986 -0.549433 0.369987 0.546572 0.871083 0.946554 0.359661 -0.346750 0.977868 0.076378 0.167601 0.792443 0.322841 0.965063 -0.352731 0.974484 0.881203 0.548031 0.947816 -0.154865 0.434680 -0.674961 0.155041 -0.860120 -0.635625 -0.420293 -0.761042 -0.713065 0.931722 -0.691347 0.103172 0.146958 -0.186077 -0.512610 -0.049951 0.776431 -0.074515 -0.052857 0.538046 -0.588956 0.217214 0.577538 0.084761 0.967622 -0.884269 0.371693 -0.616464 -0.420630 -0.419324 0.832650 0.237416 0.190444 0.505711 -0.030638 0.128676 0.851407 0.772740 -0.503700 0.404310 0.818807 -0.936934 0.560829 -0.702401 0.296049 -0.603495 0.737594 -0.726119 -0.771132 0.578819 -0.766184 0.933613 0.756475 -0.306646 -0.251124 -0.222435 -0.598096 0.544557 -0.324423 -0.265663 -0.388336 0.414880 0.195863 -0.862717 0.971655 0.309695 0.741972 0.683233 0.923151 -0.866508 -0.084809 -0.827720 0.819439 -0.407834 0.965726 0.969252 -0.327080 -0.682088 -0.210659 0.941257 -0.568557 0.279588 -0.237873 0.215940 -0.121621 -0.624707 0.156449 0.576990 0.960039 -0.742705 0.655212 0.980847 0.179077 -0.854028 -0.763611 0.542999 -0.386315 0.463498 0.966814 -0.445009 -0.801467 ]
step 49/128
Layer output: [ -0.872801 0.014255 -0.068198 -0.142117 -0.567146 0.850875 -0.979772 -0.731254 0.081102 -0.433605 0.675200 0.794751 0.940139 0.951139 -0.123222 -0.187825 0.983838 -0.047413 0.035090 0.711815 0.453051 0.957379 -0.360681 0.978815 0.873089 0.174717 0.920574 -0.574544 0.875161 -0.737958 0.105661 -0.932368 -0.124765 0.108957 -0.958878 -0.734368 0.768309 -0.714930 -0.471770 0.545171 0.240672 -0.632021 0.340684 0.646260 -0.007890 0.570360 0.562344 -0.828579 -0.145615 0.555194 -0.241333 0.968820 -0.893120 0.049971 -0.383570 -0.183248 -0.368286 -0.279947 0.031281 -0.282627 0.384233 0.250374 -0.161151 0.776391 0.749719 -0.292664 0.870678 0.720878 -0.974808 0.611670 -0.469349 0.659154 -0.035624 0.829431 -0.801996 -0.955069 0.489182 -0.750369 0.957812 0.554339 0.083905 -0.664714 -0.553235 -0.633400 0.480137 -0.277002 0.181409 -0.075933 0.501416 0.309646 -0.616030 0.929717 0.790703 0.941920 0.712723 0.702593 -0.920784 0.698208 -0.732319 0.674359 -0.407590 0.941122 0.976342 -0.832620 -0.698405 0.245569 0.907015 -0.570882 0.643089 -0.584691 -0.233039 0.371962 -0.802395 0.258034 0.795678 0.913485 -0.743751 0.162981 0.971751 0.685699 -0.482264 -0.732244 0.689302 -0.292325 0.312679 0.954381 -0.396452 -0.941675 ]
step 50/128
Layer output: [ -0.907079 -0.524288 -0.552737 -0.446243 -0.028470 0.629783 -0.959788 -0.573506 0.471024 -0.515645 0.846492 0.601091 0.932363 0.938101 0.214106 -0.207210 0.978302 0.220783 -0.639566 0.778538 0.239164 0.980520 -0.838880 0.963569 0.969508 0.045819 0.922447 -0.678914 0.780781 -0.764495 0.482248 -0.815844 -0.326207 -0.200052 -0.898279 -0.937532 0.809442 -0.263335 -0.294784 -0.513749 0.037376 0.230619 0.064410 0.789879 0.168004 -0.041671 0.556824 -0.759857 0.168746 0.680781 -0.005758 0.966986 -0.955361 0.231827 -0.547872 0.217577 -0.705859 0.189954 0.097000 -0.344805 0.627007 0.384834 -0.174253 0.928309 0.895429 -0.768427 0.658900 0.583524 -0.966897 0.492439 -0.128128 0.507859 -0.200665 0.709373 -0.667691 -0.874706 0.649358 -0.820755 0.937363 0.911036 -0.369379 -0.620155 -0.415507 -0.546705 0.220385 -0.720299 0.372774 -0.090298 0.432908 0.461398 -0.891646 0.972595 0.538730 0.942677 0.538087 0.573994 -0.938509 0.368169 -0.899304 0.776939 -0.210408 0.922819 0.988084 -0.711057 -0.444175 0.194730 0.936226 -0.299202 0.877229 -0.366133 -0.076171 -0.268443 -0.761964 0.191552 0.611089 0.807486 -0.449845 0.241330 0.985745 0.782900 -0.556559 -0.491114 0.275169 0.003826 0.137635 0.978667 -0.288089 -0.919330 ]
step 51/128
Layer output: [ -0.879188 -0.275496 -0.719686 -0.084156 0.440927 0.477898 -0.930376 -0.502811 0.387904 -0.556338 0.763086 -0.065520 0.960975 0.943252 -0.055509 -0.209304 0.984066 -0.165052 -0.514565 0.765747 0.321399 0.977546 -0.775487 0.906731 0.914961 0.308722 0.612143 -0.252013 0.756089 -0.869347 0.367581 -0.877552 -0.821182 -0.434016 -0.502721 -0.918620 0.751600 -0.108273 -0.410043 -0.182557 0.008163 0.127836 0.032196 0.828852 0.574531 0.070607 0.237474 -0.359219 0.128794 0.709817 -0.190973 0.972536 -0.935268 0.152531 -0.544986 -0.031204 -0.553747 0.044033 0.648924 -0.305497 0.644651 0.544896 0.079121 0.840376 0.769841 -0.857687 0.824153 0.237463 -0.956141 0.404399 -0.502988 0.633428 -0.286166 0.580823 -0.870519 -0.795748 0.489063 -0.577933 0.869362 0.892644 -0.461899 -0.691723 -0.733650 -0.729112 0.585372 -0.879391 0.203325 -0.227963 0.631281 0.521478 -0.835702 0.956435 0.525194 0.938247 0.789780 0.843985 -0.946193 0.409866 -0.925503 0.776992 -0.040009 0.970671 0.995085 -0.306232 -0.469358 -0.171560 0.930726 -0.549544 0.737093 -0.154597 0.455257 -0.260022 -0.753005 0.189320 0.596942 0.884106 -0.594019 0.800365 0.993101 0.712127 -0.851899 -0.604777 0.573714 -0.097438 0.447000 0.971805 0.229022 -0.925972 ]
step 52/128
Layer output: [ -0.870174 -0.099891 -0.005218 -0.148690 0.153777 0.529885 -0.943138 -0.529231 0.332797 -0.650177 0.681704 0.477565 0.877995 0.879923 0.002933 -0.519455 0.990931 -0.199783 -0.067179 0.907659 0.191230 0.970405 -0.821625 0.927195 0.900206 0.037138 0.651298 -0.537657 0.755695 -0.735640 0.177994 -0.725888 -0.511180 -0.085565 -0.628861 -0.838033 0.889920 -0.175836 -0.398047 0.222130 -0.020733 -0.475371 0.069941 0.554375 0.273386 -0.031670 -0.049570 -0.849518 0.420895 0.450862 -0.082423 0.948599 -0.860385 -0.061896 -0.574930 0.090455 -0.508298 0.161693 0.770527 -0.403793 0.583352 0.312097 -0.034027 0.790112 0.708459 -0.365471 0.698288 0.487365 -0.967578 0.335243 -0.372752 0.299982 0.281398 0.446541 -0.896790 -0.910968 0.422387 -0.427654 0.925535 0.670449 0.217148 -0.472787 -0.818024 -0.566577 0.803566 -0.692039 0.063445 -0.186985 0.777523 0.697877 -0.692970 0.946890 0.863404 0.918860 0.470235 0.882638 -0.837245 0.453742 -0.921800 0.621108 -0.288822 0.985351 0.985207 -0.773267 -0.604388 0.386528 0.913265 -0.552887 0.417025 0.113748 0.402488 -0.009404 -0.262503 -0.006437 0.656482 0.825109 -0.794289 0.640646 0.992586 0.672183 -0.722281 -0.869050 0.780784 -0.528724 0.384651 0.964549 0.352820 -0.900042 ]
step 53/128
Layer output: [ -0.869891 -0.260251 -0.166592 -0.017900 -0.355089 0.764474 -0.950938 -0.324915 -0.695566 -0.750566 0.699123 0.591116 0.799469 0.935896 0.337873 -0.367748 0.977196 -0.535571 -0.507684 0.828067 0.302490 0.957507 -0.350618 0.941647 0.836035 0.007993 0.813306 -0.195559 0.836371 -0.507143 -0.240389 -0.941064 -0.665650 0.441555 -0.731001 -0.874597 0.653657 -0.325677 -0.379410 -0.119032 0.016113 -0.542803 0.145758 0.595791 0.010125 0.167562 0.068308 -0.637811 -0.075108 0.411526 -0.684093 0.910327 -0.865503 0.171924 -0.353102 -0.197772 -0.556131 0.198043 0.398205 -0.135638 0.171562 0.367944 0.145277 0.703065 0.670896 -0.503357 0.134066 0.513487 -0.894933 0.537498 -0.440466 0.516265 0.563963 0.605778 -0.899105 -0.820808 0.432680 -0.042824 0.966958 0.910645 -0.105177 -0.661244 -0.756202 -0.424238 0.499908 -0.772768 0.412889 -0.379402 0.321915 0.550582 -0.628839 0.970748 0.227889 0.892376 0.844208 0.799133 -0.939090 0.533758 -0.792123 0.626576 -0.158512 0.965087 0.985182 -0.774597 -0.564403 0.444063 0.875202 -0.625202 0.736181 -0.541808 0.674930 -0.239343 -0.382873 0.038700 0.752489 0.889146 -0.468583 0.553361 0.984003 0.042011 -0.781452 -0.639435 0.713502 -0.030512 0.447133 0.975736 0.300256 -0.783271 ]
step 54/128
Layer output: [ -0.930501 -0.416928 -0.000120 -0.136512 -0.203989 0.919608 -0.963466 -0.483751 -0.528924 -0.818962 0.234869 0.435299 0.785585 0.947022 0.442367 -0.423841 0.991534 0.223686 -0.233882 0.764663 0.734061 0.951279 -0.384331 0.909669 0.579167 0.014318 0.896210 -0.051496 0.723497 -0.215782 -0.189112 -0.945436 -0.712178 0.044412 -0.663987 -0.844265 0.855796 -0.606919 -0.028087 0.217791 -0.211878 -0.614068 0.327386 0.511572 0.202491 0.117305 0.156909 -0.560677 0.014863 0.310548 0.055170 0.969047 -0.907952 -0.166757 -0.516972 -0.071087 -0.771079 0.032053 0.209783 -0.275824 0.191818 0.108947 0.090716 0.874137 0.723007 -0.685509 0.679893 0.797712 -0.889598 0.674345 -0.513314 0.277653 0.335559 0.813485 -0.932429 -0.764475 0.461289 -0.557818 0.949658 0.853814 -0.200189 -0.078422 -0.480369 -0.804958 0.571100 -0.372939 0.376978 -0.384076 0.474979 0.497737 -0.423809 0.973875 0.356796 0.812539 0.844777 0.840701 -0.937992 0.448537 -0.899063 0.694195 -0.439811 0.976285 0.988518 -0.854493 -0.849320 -0.021611 0.918850 -0.709528 0.556998 -0.207402 0.405685 0.355437 -0.578703 -0.468173 0.742360 0.715049 -0.395209 -0.052306 0.988658 0.178479 -0.607768 -0.805271 0.743399 0.139238 0.695709 0.992375 -0.143934 -0.944823 ]
step 55/128
Layer output: [ -0.777067 0.076625 0.050380 0.388184 0.127053 0.854062 -0.983203 -0.178494 -0.089691 -0.638757 0.592098 0.206958 0.906092 0.963912 -0.144902 -0.402937 0.995563 -0.185579 0.203939 0.814579 0.617673 0.945970 -0.588378 0.920230 0.929781 0.465576 0.744623 0.268874 0.812697 -0.610127 0.363262 -0.882262 -0.829501 -0.059207 -0.906687 -0.864772 0.660685 0.122763 0.041311 0.274410 -0.032064 -0.600800 -0.020506 0.788652 0.467101 0.149790 0.288327 -0.524562 0.371884 0.369448 -0.018918 0.971333 -0.879854 -0.418188 -0.672236 -0.167987 -0.719638 0.040799 0.209586 -0.390307 0.153485 0.473975 -0.136999 0.793190 0.689360 -0.793408 0.518390 0.756035 -0.917548 0.583491 -0.215590 0.510774 0.025580 0.121375 -0.938112 -0.631011 0.252600 -0.658623 0.966948 0.708255 -0.095243 -0.391379 -0.653743 -0.158046 0.788324 -0.476221 -0.034298 -0.135435 0.657862 0.281389 -0.506128 0.950083 0.556779 0.939622 0.796538 0.820222 -0.941388 0.680984 -0.911278 0.693570 -0.751676 0.949245 0.984982 -0.548097 -0.839548 0.235675 0.969737 -0.694292 0.475216 -0.475790 0.319204 -0.255451 -0.511587 -0.243618 0.538343 0.953581 -0.851542 0.535438 0.978951 0.437959 -0.713979 -0.672076 0.757116 -0.304972 0.627100 0.956696 0.123090 -0.913045 ]
step 56/128
Layer output: [ -0.943732 0.520835 -0.354688 -0.273239 0.120914 0.781243 -0.968517 -0.210595 -0.473521 -0.436799 0.598422 0.254640 0.872025 0.940405 -0.228785 -0.498329 0.995769 -0.374890 0.575402 0.805786 0.554927 0.937305 -0.587924 0.962029 0.771566 0.043576 0.822451 -0.739512 0.725174 -0.606680 0.273136 -0.947711 -0.649119 -0.515187 -0.798899 -0.744182 0.867972 -0.207545 -0.658922 0.263330 -0.007281 -0.560047 -0.223900 0.834942 0.550724 0.128758 0.292533 0.127108 -0.076672 0.112464 -0.219347 0.983717 -0.896423 -0.319191 -0.700967 0.009772 -0.329986 0.214583 0.013243 0.339438 0.477307 0.269129 0.345303 0.847227 0.826055 -0.674363 0.697447 0.787333 -0.916884 0.617152 -0.569616 0.427779 0.440447 0.430909 -0.784644 -0.714748 0.108929 -0.371309 0.956671 0.738052 -0.475193 -0.057721 -0.652618 -0.365092 0.773536 -0.705073 -0.031750 0.232173 0.722840 -0.394833 -0.654543 0.980880 0.617344 0.911804 0.435942 0.730215 -0.861493 0.776969 -0.817395 0.498526 -0.683569 0.873176 0.952642 -0.716052 -0.356311 0.084975 0.906977 -0.704335 0.501495 -0.518170 0.268812 0.225031 -0.602370 0.014991 0.413373 0.809481 -0.746115 0.696452 0.990520 0.654344 -0.714870 -0.871303 0.843587 -0.672069 0.210784 0.949991 -0.292263 -0.789960 ]
step 57/128
Layer output: [ -0.876351 -0.454687 -0.368177 -0.092690 0.252310 0.732861 -0.938572 -0.318554 -0.440519 -0.277347 0.674459 0.472842 0.826740 0.908226 -0.220722 -0.778871 0.990830 -0.308658 0.246660 0.798186 0.621095 0.944060 -0.414144 0.938205 0.842397 -0.156038 0.770785 -0.565037 0.738065 -0.579666 0.231768 -0.881942 -0.473053 -0.053868 -0.875433 -0.898129 0.926013 -0.184301 -0.460626 0.148081 -0.096343 -0.648082 0.312588 0.736326 -0.202502 0.138580 0.231238 0.005707 -0.059536 0.390400 0.135754 0.984870 -0.954619 -0.226320 -0.219379 0.150645 -0.211963 0.187826 0.093251 -0.072485 0.469587 0.587234 0.010963 0.882599 0.607175 -0.843175 0.682455 0.808196 -0.945810 0.455958 -0.295605 -0.119714 0.365419 0.552956 -0.955492 -0.813228 0.377911 -0.851542 0.903215 0.810828 -0.272739 -0.139843 -0.715406 -0.833565 0.518394 -0.673474 0.519343 0.250266 0.196798 0.078731 -0.776796 0.948121 0.573649 0.938471 0.603615 0.650677 -0.919783 0.600433 -0.776890 0.527544 -0.723176 0.962412 0.912922 -0.697554 -0.544741 0.186143 0.899555 -0.675290 0.704020 -0.589400 -0.254617 -0.010596 -0.720969 0.058809 0.782742 0.877692 -0.782974 0.490955 0.978504 0.731506 -0.587344 -0.862274 0.602009 -0.332837 0.327615 0.946370 0.233360 -0.968337 ]
step 58/128
Layer output: [ -0.830291 -0.317837 0.134703 -0.232922 0.377831 0.787729 -0.984238 -0.587387 -0.122876 -0.276690 0.834363 0.375812 0.881239 0.888919 0.072558 -0.484229 0.981576 0.095276 0.481525 0.875990 0.409948 0.975646 -0.586575 0.931320 0.944471 0.420520 0.854516 -0.420729 0.851389 -0.820572 0.343847 -0.890542 -0.514144 -0.398967 -0.858454 -0.896743 0.880120 -0.408976 -0.030146 0.024069 -0.673192 -0.761393 0.236226 0.753801 -0.107150 -0.361418 0.017085 -0.324733 0.232424 0.337860 -0.179006 0.975284 -0.896929 -0.072078 0.135591 0.118072 -0.753657 0.330046 0.214772 -0.353142 0.646580 0.591050 0.266749 0.853433 0.372422 -0.854201 0.611871 0.733092 -0.948018 0.540157 -0.149938 0.137684 0.299340 0.709984 -0.867969 -0.852352 0.258115 -0.733778 0.876383 0.859375 0.126506 -0.414892 -0.616671 -0.642417 0.502931 -0.764011 0.188538 0.065079 0.356147 0.248413 -0.571026 0.899463 0.809037 0.867920 0.797642 0.943876 -0.929179 0.581583 -0.596070 0.868498 -0.820530 0.944846 0.985350 -0.497073 -0.560223 -0.050751 0.815106 -0.466296 0.831945 -0.203010 0.213939 -0.048625 -0.710054 0.328391 0.768129 0.809838 -0.622681 0.608897 0.989317 0.668642 -0.626407 -0.452002 0.542833 0.260070 0.444039 0.974295 0.027001 -0.937319 ]
step 59/128
Layer output: [ -0.815217 -0.359262 -0.399415 0.154829 0.139446 0.628701 -0.960867 -0.401628 -0.272641 -0.606841 0.802932 0.090273 0.950762 0.913630 -0.059296 -0.340262 0.987427 -0.074374 -0.398137 0.718539 0.175356 0.975578 -0.694362 0.943123 0.937887 0.220913 0.887229 -0.395749 0.578422 -0.648458 0.349877 -0.918652 -0.479497 0.108450 -0.706410 -0.942161 0.901151 -0.056974 -0.547081 -0.356241 0.072380 -0.355831 -0.184317 0.747390 0.451539 0.164036 0.172606 -0.688389 0.191661 0.600136 0.036794 0.934833 -0.852826 -0.215648 -0.644271 0.028137 -0.677522 -0.128842 0.104289 -0.033900 0.458031 0.521002 0.361884 0.890045 0.664103 -0.662552 0.697151 0.769285 -0.985203 0.356796 -0.362084 -0.239383 0.370151 -0.271218 -0.922081 -0.816414 0.316952 -0.516427 0.941443 0.822806 0.438259 -0.719013 -0.884709 -0.587274 0.311116 -0.649894 0.121394 -0.093468 -0.128771 0.599488 -0.831378 0.955041 0.645156 0.962356 0.553329 0.836413 -0.928195 0.079692 -0.745554 0.778241 -0.483128 0.968918 0.961767 -0.599046 -0.454829 -0.244547 0.910446 -0.583683 0.772189 -0.163818 0.084588 0.555676 -0.788825 0.061552 0.816377 0.752693 -0.511744 0.603537 0.993901 0.811474 -0.570315 -0.140535 0.454171 -0.215314 0.590206 0.974913 -0.014787 -0.846562 ]
step 60/128
Layer output: [ -0.888958 0.146674 0.227225 0.258248 -0.018050 0.852722 -0.964977 -0.587192 -0.237581 -0.579378 0.285819 0.504457 0.911571 0.964238 0.148179 -0.353632 0.986527 0.324896 -0.338740 0.901804 0.425426 0.963802 -0.479228 0.894440 0.818777 0.034149 0.842148 -0.088171 0.784155 -0.548927 0.444993 -0.855940 -0.784225 -0.227750 -0.890957 -0.901782 0.847381 -0.473704 -0.167915 -0.205652 -0.123885 -0.138817 0.409376 0.719060 0.383820 0.366479 0.133079 -0.366727 -0.064968 0.163776 -0.159586 0.879804 -0.921610 -0.449229 -0.616344 0.038700 -0.683577 0.023061 0.372308 -0.499759 0.751685 0.241390 0.602358 0.805848 0.835039 -0.583453 0.806089 0.852795 -0.936514 0.601810 -0.212486 -0.028281 -0.026586 0.333005 -0.932824 -0.945977 0.223654 -0.807022 0.950543 0.712283 0.206105 -0.345119 -0.602744 -0.741633 0.670727 -0.599366 0.626570 -0.138575 0.803095 0.786788 -0.384056 0.980554 0.467570 0.930428 0.828902 0.873703 -0.926310 0.573723 -0.932760 0.863456 -0.514829 0.978267 0.983001 -0.676263 -0.191072 0.243438 0.903323 -0.847428 0.751236 -0.310056 0.282293 0.245806 -0.117518 0.039682 0.576709 0.793659 -0.766511 0.445165 0.988298 0.396814 -0.809174 -0.638999 0.913914 0.081263 0.596757 0.984330 0.308835 -0.912580 ]
step 61/128
Layer output: [ -0.954758 0.237034 -0.191236 0.154532 0.489432 0.642818 -0.869810 -0.228091 -0.538073 -0.751098 0.277917 0.431969 0.798803 0.956929 0.336669 -0.307482 0.986052 0.502082 -0.260872 0.661256 0.794046 0.915466 -0.419371 0.974811 0.743060 0.409185 0.784605 -0.060793 0.704447 -0.826836 -0.332785 -0.927035 -0.767573 -0.534333 -0.733082 -0.911037 0.871713 -0.342232 -0.430602 0.320154 0.036485 -0.545306 0.583986 0.279662 0.570459 0.541255 0.061731 -0.690124 -0.481990 0.094383 -0.665622 0.930482 -0.825887 -0.066804 -0.441646 0.092059 -0.448606 -0.105832 0.431923 -0.361572 0.297000 -0.174189 0.321285 0.765999 0.783401 -0.695890 0.513393 0.671679 -0.936504 0.628878 -0.215382 0.476187 0.214989 0.625125 -0.706617 -0.876899 0.086790 -0.746845 0.896468 0.764383 0.373060 -0.785959 -0.537906 -0.640577 0.548363 -0.625025 0.527136 -0.432795 0.603983 0.550917 -0.602318 0.905012 0.739519 0.947959 0.741137 0.859222 -0.877802 0.544121 -0.969141 0.769460 -0.361799 0.985105 0.928436 -0.616143 -0.215064 0.088325 0.920327 -0.054873 0.733836 -0.088787 0.206890 0.510998 -0.582162 -0.286269 0.720342 0.631510 -0.427591 0.502397 0.944396 0.743433 -0.726806 -0.773548 0.808283 -0.639947 0.542209 0.974219 0.159877 -0.863546 ]
step 62/128
Layer output: [ -0.939950 -0.005693 -0.237720 0.056394 0.019404 0.802671 -0.978207 -0.398101 -0.432220 -0.654699 0.460901 0.288390 0.908638 0.963050 0.564602 -0.570559 0.987317 0.584429 -0.382995 0.822494 0.405069 0.949593 -0.572596 0.953540 0.846441 0.280070 0.913270 -0.166524 0.842554 -0.839216 0.295532 -0.942929 -0.635949 0.094291 -0.636724 -0.937457 0.895836 -0.420540 -0.387377 -0.075733 0.196513 0.037192 0.232929 0.688383 0.429846 0.044225 0.168116 -0.644453 0.463286 0.142586 -0.282060 0.963962 -0.908693 0.053691 -0.452188 -0.059802 -0.825597 0.408946 0.039982 0.010632 0.585391 -0.269649 0.252282 0.927846 0.463109 -0.795009 0.552003 0.858741 -0.880723 0.402323 -0.277964 0.129115 0.230408 0.701040 -0.848643 -0.797468 0.037233 -0.755458 0.948740 0.924857 -0.189398 -0.455477 -0.248953 -0.641875 0.579622 -0.784231 0.338630 0.059500 0.566546 0.095856 -0.794790 0.967426 0.544292 0.888373 0.750092 0.714659 -0.964931 0.294371 -0.860108 0.782696 -0.584561 0.973853 0.970846 -0.671761 -0.596231 -0.244613 0.903724 -0.392398 0.808558 -0.226586 0.066178 0.018089 -0.563160 -0.023871 0.809852 0.880834 -0.297757 0.614712 0.972782 0.197645 -0.802768 -0.662383 0.762911 -0.560323 0.300712 0.986896 -0.258029 -0.898302 ]
step 63/128
Layer output: [ -0.885751 -0.559536 0.124856 -0.212128 0.280623 0.813537 -0.833199 -0.476900 -0.246042 -0.772266 0.327343 0.369294 0.663498 0.917604 0.070981 -0.645553 0.992836 0.545584 -0.226481 0.810052 0.600091 0.872121 -0.664437 0.857528 0.758136 -0.356701 0.795331 -0.421213 0.375919 -0.085536 0.298276 -0.939994 -0.529132 -0.275050 -0.792544 -0.773666 0.903008 -0.564665 -0.212494 0.209925 -0.097759 -0.162467 -0.038360 0.252075 0.326498 0.201618 0.057359 -0.516337 0.135458 0.394290 0.316424 0.955517 -0.870148 -0.051911 -0.485122 -0.435202 -0.687104 0.168772 0.441413 0.225884 0.482859 0.512690 0.378414 0.943260 0.688351 -0.391200 0.710484 0.795184 -0.937008 0.582812 -0.641116 -0.080302 -0.187298 0.746763 -0.951118 -0.811693 0.526369 -0.822973 0.895309 0.828199 -0.314458 -0.001920 -0.542561 -0.755625 0.572372 -0.294554 0.197554 -0.155458 0.440788 0.120829 -0.620026 0.984120 0.521608 0.911164 0.723990 0.644071 -0.833576 0.191694 -0.950922 0.891092 -0.722170 0.984533 0.976946 -0.757148 -0.545798 0.487784 0.920220 -0.729033 0.582478 -0.553409 0.323499 0.452376 -0.459312 -0.063807 0.599725 0.587320 -0.439980 0.279067 0.989457 -0.024295 -0.711343 -0.865254 0.641860 -0.239200 0.282389 0.953534 -0.033561 -0.931047 ]
step 64/128
Layer output: [ -0.817949 -0.572379 0.265288 -0.054121 0.143108 0.855140 -0.961529 -0.496646 -0.544096 -0.368492 0.741033 0.397869 0.768151 0.896996 -0.250188 -0.439207 0.995311 0.040562 -0.417007 0.614665 0.212924 0.933993 -0.864904 0.906332 0.938678 0.202772 0.630984 -0.019228 0.496468 -0.686586 0.672839 -0.891540 -0.571518 -0.521608 -0.794350 -0.822658 0.904825 0.052137 -0.352721 0.151571 -0.368069 -0.452928 0.110986 0.678901 -0.073232 -0.621681 0.248150 -0.354805 0.305977 0.521364 -0.056949 0.930677 -0.865499 -0.092160 -0.382159 -0.540636 -0.558327 0.485117 -0.023336 -0.382431 0.253885 0.562414 0.007109 0.818536 0.045320 -0.567227 0.745483 0.814145 -0.941751 0.363118 -0.751684 0.726589 0.213898 0.480606 -0.941911 -0.870925 -0.001184 -0.395343 0.873524 0.794728 -0.036083 -0.038829 -0.250167 -0.309230 0.475402 -0.095839 0.320513 0.143461 -0.235007 0.361994 -0.706609 0.975832 0.761793 0.976559 0.595784 0.799321 -0.908506 0.255528 -0.740796 0.865511 -0.575017 0.981076 0.980662 -0.521613 -0.465717 0.052462 0.937657 -0.627527 0.578784 -0.261452 0.447315 -0.366967 -0.687807 0.058271 0.739713 0.579613 -0.693191 0.580120 0.976596 0.324551 -0.764071 -0.663452 0.591351 -0.117431 0.041129 0.984300 -0.096709 -0.891897 ]
step 65/128
Layer output: [ -0.868320 -0.225808 0.070724 -0.294850 0.248854 0.646940 -0.956135 -0.531142 -0.432526 -0.599756 0.813129 0.374947 0.834511 0.924799 0.492119 -0.241953 0.992195 -0.401027 0.073910 0.941878 0.174709 0.941806 -0.340863 0.970630 0.881673 0.443558 0.792917 0.201864 0.730873 -0.805629 0.084441 -0.951435 -0.577515 -0.041718 -0.842988 -0.847514 0.875458 0.029659 -0.234395 -0.242290 0.114877 -0.013529 0.218623 0.478940 0.165040 -0.069589 0.454124 -0.192968 0.418010 0.450564 -0.429045 0.978373 -0.791584 -0.085121 -0.863283 -0.307932 -0.798045 0.402362 -0.195697 -0.397779 0.084842 -0.207806 0.145262 0.722825 0.775545 -0.582088 0.235501 0.827033 -0.891905 0.223619 -0.356552 0.558486 0.196775 0.656589 -0.813087 -0.762420 0.252788 -0.575842 0.943405 0.842019 -0.044394 -0.358399 -0.842957 -0.576719 0.310012 -0.603054 -0.166295 -0.044907 0.621680 0.463425 -0.451684 0.955257 0.790701 0.928615 0.760993 0.694548 -0.876537 0.156294 -0.904360 0.879419 -0.486602 0.958940 0.957556 -0.556020 -0.831361 -0.193319 0.928894 -0.648764 0.337823 -0.536446 0.483843 -0.281037 -0.641705 0.166292 0.311583 0.856566 -0.515858 0.689009 0.968266 0.601376 -0.850648 -0.540793 0.632663 -0.279649 0.221362 0.947069 -0.108577 -0.740683 ]
step 66/128
Layer output: [ -0.819525 0.416765 0.590041 0.293587 0.056422 0.502469 -0.958906 -0.013315 -0.549833 -0.307853 0.523768 0.508752 0.949358 0.951660 0.615910 -0.222788 0.992966 -0.555324 -0.086743 0.842565 0.455395 0.953507 -0.649528 0.974693 0.906476 -0.065167 0.805778 -0.047736 0.659765 -0.815557 0.267083 -0.957589 -0.800116 -0.339445 -0.771623 -0.845367 0.896037 0.071056 -0.543642 0.255314 -0.167740 -0.474844 0.367445 0.321970 0.054225 0.282502 0.455109 -0.340861 0.127501 0.500034 -0.619111 0.968313 -0.926671 0.160867 -0.610492 -0.023043 -0.346967 0.194899 0.141657 -0.411833 0.377989 -0.113372 0.045120 0.794967 0.480333 -0.766514 0.731134 0.590646 -0.955039 0.363429 -0.476911 0.539638 0.506489 0.648229 -0.935773 -0.791021 -0.229261 -0.773572 0.967717 0.815305 -0.280286 0.136329 -0.756185 -0.235671 0.268496 -0.659293 -0.002025 0.018191 0.397764 0.136619 -0.705596 0.967569 0.678091 0.959824 0.701793 0.797853 -0.894202 0.528788 -0.899944 0.782828 -0.060555 0.970278 0.919508 -0.715012 -0.593720 0.061295 0.927782 -0.572756 0.525246 0.060359 0.096240 0.147220 -0.622511 0.760826 0.335582 0.859742 -0.691776 0.349993 0.985490 0.808415 -0.800127 -0.459373 0.810858 -0.568134 -0.047449 0.974103 0.569790 -0.852101 ]
step 67/128
Layer output: [ -0.845156 0.185684 -0.292811 -0.217799 -0.191062 0.777631 -0.945526 -0.235799 -0.505620 -0.572893 0.770482 0.562866 0.920658 0.961270 -0.311247 -0.292729 0.989215 -0.679549 -0.125246 0.914394 0.363406 0.926253 -0.659799 0.911076 0.696690 -0.077239 0.821857 -0.085854 0.823970 -0.618592 0.567308 -0.843767 -0.264956 0.173296 -0.709979 -0.875021 0.917384 -0.315859 -0.335818 -0.371377 0.056718 -0.511772 0.263162 0.567135 -0.200825 -0.152411 0.141190 -0.177022 0.269745 0.381681 -0.271993 0.979261 -0.759838 -0.182935 -0.568216 0.328218 -0.681976 0.306152 -0.276714 -0.102753 0.388420 0.275428 0.375806 0.810418 0.609829 -0.400530 0.620010 0.842670 -0.827773 0.069583 -0.238283 0.214721 0.145597 0.629168 -0.923226 -0.849709 -0.016670 -0.504895 0.950015 0.954460 0.086337 -0.713207 -0.731602 -0.659313 0.223397 -0.555533 0.519113 -0.298847 0.723006 0.664070 -0.389528 0.939948 0.681162 0.950617 0.663518 0.810819 -0.984711 0.601645 -0.838294 0.675485 -0.827020 0.971508 0.978993 -0.699690 -0.410855 0.663330 0.913245 -0.346853 0.398871 -0.563762 0.279794 0.061340 -0.518545 0.406158 -0.069845 0.909717 -0.698584 0.535038 0.985547 0.531151 -0.877909 -0.790728 0.669594 -0.045866 0.086761 0.972874 -0.341588 -0.901538 ]
step 68/128
Layer output: [ -0.864403 0.406285 -0.316406 0.037875 0.067889 0.464096 -0.944413 -0.551008 -0.518476 -0.608662 0.229932 0.179536 0.902885 0.929483 0.243873 -0.463044 0.988119 0.082351 -0.737787 0.796061 0.301931 0.963610 -0.566335 0.953520 0.950450 0.423661 0.892945 0.383206 0.721913 -0.914079 0.229648 -0.876296 -0.735497 0.518436 -0.702465 -0.884979 0.758653 -0.390884 -0.323031 -0.025902 -0.182459 -0.483466 0.480992 0.660653 0.443562 0.329495 0.395011 -0.514026 0.121179 0.349025 -0.167952 0.934628 -0.872001 0.176199 -0.783430 -0.050844 -0.616548 0.016174 -0.108396 -0.328578 0.130071 -0.110119 -0.015592 0.617069 0.853194 -0.636715 0.734928 0.750942 -0.975031 0.588781 -0.396280 0.692618 0.182254 0.643804 -0.822596 -0.840204 0.062444 -0.661420 0.914259 0.925336 -0.258949 -0.465682 -0.729466 -0.649106 0.457259 -0.870370 -0.028622 -0.119967 0.676528 0.483258 -0.591374 0.976730 0.628200 0.926482 0.595240 0.749290 -0.963540 0.474992 -0.829718 0.819384 -0.347458 0.954524 0.950083 -0.707191 -0.549440 0.236446 0.896949 -0.439283 0.537478 0.261042 0.554679 -0.091551 -0.636048 0.388978 0.481996 0.876332 -0.262780 0.619839 0.980241 0.570357 -0.931647 -0.465813 0.734167 -0.050148 0.181686 0.971648 0.377053 -0.920103 ]
step 69/128
Layer output: [ -0.912464 0.238902 0.070989 -0.127499 -0.299654 0.551425 -0.910441 -0.399469 -0.497343 -0.652997 0.034691 0.202486 0.689245 0.956371 -0.009344 -0.542190 0.991639 0.009450 -0.285812 0.866697 0.516868 0.945744 -0.463982 0.938936 0.661722 0.319415 0.887870 0.141011 0.872972 -0.826313 0.448237 -0.936730 -0.663040 -0.012005 -0.477225 -0.742045 0.867917 -0.697724 -0.293492 0.003669 0.023523 -0.526169 0.418211 0.711974 0.036286 0.036401 0.711856 -0.334755 -0.143702 0.342457 -0.413037 0.974143 -0.816842 0.142261 -0.769934 -0.140509 -0.518451 0.190271 0.318222 0.001645 0.393308 -0.047878 0.197109 0.850341 0.738214 -0.503069 0.058824 0.656065 -0.945148 0.608333 -0.574252 0.173173 0.209600 0.738227 -0.911400 -0.848909 0.617595 -0.493197 0.938837 0.852093 -0.235285 -0.040812 -0.616947 -0.772274 0.328237 -0.591303 0.383271 -0.332979 0.615179 0.470089 -0.399875 0.968957 0.024758 0.921177 0.771041 0.903776 -0.924329 0.015591 -0.907272 0.796102 -0.331718 0.972377 0.972498 -0.417235 -0.538956 -0.063176 0.965546 -0.135112 0.790749 -0.541863 0.745201 0.288298 -0.784351 0.224839 0.279907 0.820159 -0.623921 0.542217 0.983855 0.587847 -0.814808 -0.663703 0.629690 0.064691 0.348644 0.973895 -0.267954 -0.905548 ]
step 70/128
Layer output: [ -0.926467 -0.201515 0.299705 -0.275937 0.251766 0.728002 -0.958084 -0.506552 -0.134451 -0.730444 0.110171 0.345241 0.871746 0.939268 0.257593 -0.582829 0.993777 -0.430163 0.224099 0.842542 0.430523 0.950084 -0.574470 0.981178 0.869042 -0.214878 0.868647 0.067109 0.683109 -0.668326 0.419536 -0.936414 -0.425825 -0.512606 -0.669341 -0.793751 0.784082 -0.480838 -0.008743 0.521679 0.308172 -0.520818 0.271271 0.259040 0.247712 0.566925 0.562069 -0.833009 -0.118610 0.489849 -0.314184 0.965539 -0.745845 -0.195896 -0.424375 0.032523 -0.573166 -0.181803 0.299981 -0.045776 0.244311 0.115194 -0.120074 0.779400 0.669600 -0.711110 0.229233 0.556468 -0.958379 0.587034 -0.599516 0.376491 -0.399961 0.744971 -0.792401 -0.739680 0.448878 -0.444536 0.953892 0.880078 -0.302241 -0.271096 -0.446794 -0.589055 0.625629 -0.331136 0.158247 -0.295416 0.740598 -0.014001 -0.417352 0.965988 0.554384 0.909014 0.599620 0.934542 -0.844925 0.445945 -0.942424 0.717962 -0.504417 0.986848 0.973008 -0.750835 -0.251998 0.173650 0.912156 -0.121734 0.536005 -0.454479 -0.136251 0.144752 -0.807079 -0.410429 0.440221 0.811548 -0.664680 0.352412 0.982989 0.786118 -0.775566 -0.714572 0.686218 -0.151599 0.458243 0.975496 -0.661703 -0.855894 ]
step 71/128
Layer output: [ -0.892554 0.266783 0.292380 -0.486747 0.110606 0.849939 -0.947927 -0.498352 -0.386844 -0.700268 0.035053 0.583284 0.955106 0.860928 0.177846 -0.650099 0.989899 0.186906 0.209791 0.712790 0.331598 0.977395 -0.525967 0.964725 0.850592 0.280973 0.789093 -0.344202 0.549674 -0.709085 0.320580 -0.807585 -0.646238 -0.337277 -0.755444 -0.724311 0.804770 -0.170109 -0.122592 0.466655 -0.028847 -0.526879 0.412335 0.537688 0.190285 0.305222 0.382664 -0.485409 0.111107 0.604483 0.000472 0.938449 -0.850303 -0.115340 -0.744597 -0.034153 -0.435745 0.398228 0.012336 -0.268348 0.478503 0.123982 -0.009834 0.825257 0.671300 -0.698243 0.529746 0.755091 -0.938561 0.831174 -0.669608 0.358610 -0.117153 0.684329 -0.884318 -0.698731 0.246033 -0.489422 0.884773 0.543455 -0.476966 0.076666 -0.731423 -0.587367 0.497516 -0.504666 0.546574 -0.541696 0.249714 0.335578 -0.566419 0.983298 0.403237 0.924691 0.636713 0.698539 -0.890890 0.433758 -0.945596 0.635250 -0.708262 0.978615 0.939685 -0.727808 -0.673214 0.063774 0.980745 -0.730907 0.618581 -0.136014 0.024448 -0.214471 -0.753102 -0.057504 0.738109 0.863803 -0.717683 0.555573 0.993481 0.556440 -0.733314 -0.569048 0.755899 -0.180557 0.531093 0.974167 0.222137 -0.676245 ]
step 72/128
Layer output: [ -0.722994 -0.294210 -0.082694 -0.311418 -0.069493 0.733784 -0.968039 -0.778297 0.107596 -0.701639 0.489246 0.355827 0.882292 0.916882 0.009221 -0.024678 0.961918 -0.435722 0.058093 0.863009 0.268901 0.963795 -0.760170 0.943552 0.790387 0.040822 0.854533 -0.548787 0.865802 -0.550346 0.706502 -0.832343 -0.364689 -0.462957 -0.876894 -0.889582 0.777874 0.023836 -0.260736 -0.112857 -0.332398 -0.396757 0.458440 0.389102 0.139546 0.082668 0.015065 -0.529727 -0.409800 0.432021 -0.182487 0.943186 -0.806300 -0.370654 -0.062322 0.003014 -0.661331 -0.070258 0.070394 -0.036864 0.561213 0.454112 -0.016027 0.709107 0.669130 -0.367310 0.720017 0.300294 -0.829220 0.314277 -0.415069 0.253124 0.660497 0.490633 -0.816221 -0.820442 0.546599 -0.743537 0.957732 0.823221 -0.471498 -0.473131 -0.791450 -0.761479 0.567002 -0.396240 0.445546 0.040094 0.471860 0.629763 -0.710336 0.882898 0.693560 0.931424 0.735209 0.944694 -0.962047 0.521953 -0.853460 0.835067 -0.827235 0.937210 0.970633 -0.807761 -0.161776 0.667815 0.948551 -0.283696 0.542840 -0.799944 0.104706 0.418043 -0.551032 -0.174552 0.365262 0.824732 -0.867932 0.464837 0.988363 0.744116 -0.660749 -0.720295 0.658120 -0.164823 0.418831 0.972198 -0.057871 -0.882666 ]
step 73/128
Layer output: [ -0.849287 -0.366996 0.274937 0.041530 -0.782796 0.669669 -0.963924 -0.816033 -0.577085 -0.798256 0.567005 0.585980 0.945515 0.938393 -0.014636 -0.148909 0.980778 -0.346138 -0.354270 0.864152 -0.057543 0.928414 -0.239497 0.941765 0.867430 -0.047881 0.695946 -0.584967 0.782021 -0.112710 0.036037 -0.883291 -0.887859 0.003206 -0.886708 -0.800512 0.899808 -0.275574 -0.497948 0.013543 -0.090559 -0.400420 0.178779 0.764309 0.115264 0.515540 0.015354 -0.154765 0.213196 0.105898 0.080933 0.959460 -0.942415 -0.202696 -0.743604 -0.152433 -0.804210 -0.286903 0.297661 -0.655244 0.313108 0.323765 -0.307070 0.731324 0.477960 -0.270836 0.744173 0.700473 -0.847762 0.689479 -0.506185 0.311469 0.415468 0.588525 -0.911809 -0.690210 0.156840 -0.791984 0.950887 0.709270 0.012711 0.040027 -0.669379 -0.593678 0.078524 -0.720602 0.024325 -0.272537 0.436776 0.589580 -0.538333 0.978330 0.748213 0.966753 0.870193 0.757039 -0.890147 0.691646 -0.916544 0.796825 -0.807732 0.972809 0.971277 -0.712040 -0.808773 0.648759 0.937204 -0.613050 0.695465 -0.468754 0.044623 0.488785 -0.388729 -0.021572 0.479849 0.947043 -0.658374 0.188659 0.986040 0.596410 -0.493088 -0.752404 0.737153 -0.320085 0.558795 0.965350 0.125142 -0.670513 ]
step 74/128
Layer output: [ -0.786062 0.060330 -0.374305 -0.120374 -0.472024 0.634663 -0.966543 -0.755886 -0.259746 -0.561294 0.548788 -0.018182 0.952954 0.985602 -0.326314 -0.218819 0.972617 -0.296975 -0.626695 0.754177 0.479763 0.923744 -0.570143 0.893737 0.913286 0.340557 0.950481 -0.448557 0.801907 -0.633633 0.487950 -0.855030 -0.595135 -0.519167 -0.707829 -0.903039 0.924660 -0.494445 -0.339285 -0.210004 0.014308 -0.318628 0.158341 0.715561 0.379335 0.387681 -0.140025 -0.571213 0.152314 0.494049 -0.387820 0.952614 -0.904103 0.358602 -0.632915 -0.368808 -0.733854 -0.316915 -0.099364 0.263822 0.383719 0.506377 0.259409 0.745852 0.674649 -0.517827 0.748883 0.307279 -0.934524 0.517485 -0.616238 0.171171 0.383991 0.655870 -0.881913 -0.764361 0.373630 -0.579251 0.949954 0.704745 -0.331072 -0.564268 -0.597505 -0.695458 0.347438 -0.615293 0.009471 0.040931 0.705258 0.507447 -0.522972 0.925110 0.253497 0.967795 0.801022 0.920613 -0.933688 0.689264 -0.721043 0.772748 -0.527973 0.966334 0.985856 -0.593820 -0.413054 0.319716 0.873675 -0.492053 0.545351 -0.615454 0.671194 0.535122 -0.660929 0.164967 0.485199 0.915476 -0.545129 0.199803 0.976846 -0.236853 -0.793413 -0.708999 0.544985 -0.082913 0.264808 0.981014 0.120148 -0.884790 ]
step 75/128
Layer output: [ -0.826657 0.093261 0.192719 -0.202904 0.466928 0.198036 -0.902509 -0.573614 -0.019308 -0.577915 0.696849 0.165728 0.852530 0.947196 -0.112942 -0.499267 0.971122 -0.358349 0.188598 0.886215 0.620426 0.882709 -0.402697 0.954172 0.946676 0.288422 0.858914 0.086949 0.287397 -0.547483 0.565631 -0.892032 -0.796447 0.463995 -0.368703 -0.787831 0.899444 -0.304294 -0.383695 0.440003 0.258042 -0.693413 0.277735 0.308234 0.443056 0.258491 0.280550 -0.599663 -0.237989 0.402334 -0.065856 0.969582 -0.762169 -0.330397 -0.811103 -0.151444 -0.714740 0.262829 0.316102 -0.408518 0.146952 0.326626 -0.222630 0.775485 0.497603 -0.683207 0.793924 0.720457 -0.953393 0.274445 -0.518297 0.431975 0.419831 0.358725 -0.885088 -0.810147 0.234495 -0.637007 0.890156 0.903668 -0.085128 -0.763131 -0.628481 -0.627448 0.350462 -0.610505 0.356648 -0.471930 0.621443 0.462210 -0.505873 0.954380 0.587451 0.886873 0.637350 0.865032 -0.890184 0.539001 -0.914809 0.837658 -0.775820 0.966131 0.970056 -0.576500 -0.487199 0.475984 0.847071 -0.648831 0.551673 -0.260129 0.322804 0.162217 -0.794990 0.164300 0.436971 0.941310 -0.506261 0.659460 0.975293 0.532565 -0.900744 -0.831933 0.724650 -0.507671 0.350553 0.991309 -0.479592 -0.729936 ]
step 76/128
Layer output: [ -0.881812 0.280096 0.323066 0.270553 0.564943 0.694216 -0.941235 -0.456741 -0.542076 -0.711571 0.315295 0.277171 0.896708 0.973092 0.537643 -0.084917 0.992368 0.042709 0.009504 0.879601 0.321214 0.903025 -0.767228 0.926020 0.834893 0.687622 0.791559 -0.349754 0.655196 -0.767847 0.378445 -0.883285 -0.662975 -0.524853 -0.819208 -0.889066 0.796168 -0.155172 -0.636747 0.294710 -0.327980 -0.613386 0.663320 0.642157 0.330837 0.367352 -0.001398 -0.320348 -0.094736 0.143981 -0.275920 0.975692 -0.895202 -0.652262 -0.725174 -0.058631 -0.491680 0.334181 0.109423 -0.153830 0.167273 0.128713 0.102434 0.853178 0.864200 -0.784177 0.842076 0.839183 -0.979207 0.370441 -0.377354 0.378132 0.099481 0.517067 -0.899713 -0.794611 -0.277740 -0.482419 0.944064 0.682092 0.298546 -0.335227 -0.673822 -0.535379 0.697782 -0.460136 0.040133 -0.234224 0.824822 0.091646 -0.660065 0.965034 0.758562 0.939042 0.693925 0.877352 -0.946216 0.729789 -0.908474 0.759090 -0.764953 0.977584 0.964059 -0.779278 -0.721233 0.109610 0.966973 -0.737419 0.599037 -0.413684 -0.340282 -0.229431 -0.881191 0.135607 0.763516 0.913965 -0.878349 0.689243 0.986744 0.776411 -0.840693 -0.833343 0.791780 -0.644823 0.644542 0.988959 -0.324219 -0.830901 ]
step 77/128
Layer output: [ -0.825699 -0.418996 -0.072902 0.634836 -0.028460 0.735876 -0.925360 -0.479662 -0.108076 -0.664848 0.411698 0.555392 0.907114 0.973722 0.578253 -0.018946 0.986807 0.158879 -0.431841 0.801365 0.534563 0.960142 -0.367914 0.968210 0.785739 0.368242 0.918995 -0.215130 0.880906 -0.807649 0.397304 -0.887083 -0.511477 -0.683476 -0.575875 -0.964060 0.931159 -0.477349 -0.272732 0.505077 0.575524 0.017364 0.350401 0.668119 -0.104452 0.687599 0.158870 -0.412120 0.172730 0.348948 -0.135680 0.976581 -0.941783 -0.307204 -0.675858 0.602387 -0.284444 -0.011436 0.134889 -0.073818 0.125193 0.264525 -0.067898 0.893100 0.598377 -0.606722 0.842057 0.379371 -0.906765 0.608817 -0.633692 0.068778 0.247643 0.616716 -0.912545 -0.885790 0.349752 -0.869555 0.931512 0.739744 0.368936 -0.654151 -0.540501 -0.920813 0.644354 -0.423710 0.621372 0.163379 0.586926 0.249838 -0.884141 0.962865 0.823677 0.950731 0.657664 0.856746 -0.901812 0.505759 -0.902683 0.695585 -0.483127 0.980177 0.962066 -0.792005 -0.610762 0.329404 0.886513 -0.777439 0.601065 -0.634567 -0.183789 -0.015841 -0.540367 -0.373703 0.688460 0.858268 -0.518680 0.511479 0.987591 0.657537 -0.478132 -0.760512 0.841207 -0.502074 0.357447 0.962935 -0.190967 -0.952138 ]
step 78/128
Layer output: [ -0.943476 -0.099537 -0.446544 -0.290567 0.164980 0.684335 -0.929394 -0.371710 -0.156963 -0.339571 0.475236 0.503875 0.840924 0.936832 0.246634 -0.692715 0.985186 0.383127 -0.683090 0.882666 0.727296 0.977467 -0.292721 0.974115 0.886661 0.169914 0.948093 -0.462372 0.809816 -0.842092 0.055026 -0.864305 -0.466353 0.002004 -0.852088 -0.911851 0.966786 -0.698855 -0.167799 0.424805 0.475812 0.009839 -0.102844 0.670378 0.042754 0.160625 0.623469 -0.563128 0.503793 0.559580 0.246898 0.985105 -0.945032 0.339970 -0.689148 0.176371 -0.806887 0.116247 0.450510 0.293116 0.767356 0.218910 0.291707 0.839976 0.654437 -0.712303 0.662023 0.623990 -0.915111 0.661973 -0.195616 -0.290353 -0.098951 0.596183 -0.893273 -0.851332 0.249606 -0.737757 0.881114 0.909769 0.197535 -0.416153 -0.534693 -0.795090 0.587853 -0.828483 0.524278 0.245699 0.703763 0.392649 -0.775028 0.992243 0.629911 0.904914 0.532737 0.834821 -0.822856 0.331026 -0.891038 0.800174 -0.197635 0.967811 0.949340 -0.226373 -0.539982 0.142523 0.839311 -0.381739 0.494467 -0.358933 0.297461 -0.238843 -0.655757 -0.311637 0.735179 0.882589 -0.495073 0.792432 0.992753 0.735336 -0.813133 -0.657986 0.736262 -0.253230 0.367212 0.860608 -0.232698 -0.881665 ]
step 79/128
Layer output: [ -0.809606 -0.060122 -0.288313 -0.330006 0.259725 0.852139 -0.948271 -0.246897 -0.227209 -0.782538 0.352607 0.554350 0.669121 0.953319 0.015969 -0.356847 0.991963 0.269124 0.204580 0.783399 0.440970 0.943201 -0.652065 0.953469 0.924372 -0.014363 0.815148 -0.271257 0.685490 -0.812999 0.455817 -0.976775 -0.437686 -0.495666 -0.791088 -0.859223 0.962879 -0.617235 -0.071818 0.170956 -0.158247 -0.061802 0.350674 0.326782 0.516906 -0.069215 0.241501 -0.567758 0.067805 0.405106 -0.105882 0.964244 -0.883660 0.089742 -0.312073 -0.273442 -0.607553 0.322139 0.533058 -0.031732 0.515079 0.525632 0.449364 0.905120 0.419967 -0.447596 0.584492 0.346341 -0.919020 0.401382 -0.752113 0.316054 0.087619 0.569072 -0.888848 -0.906663 0.528381 -0.734469 0.611446 0.833927 -0.138413 -0.030670 -0.481336 -0.659146 0.421380 -0.498369 0.327494 -0.215769 0.073936 0.111763 -0.511045 0.965668 0.754492 0.944146 0.803026 0.740348 -0.935136 0.617190 -0.958675 0.862179 -0.459817 0.987256 0.978413 -0.503073 -0.532301 0.274135 0.859054 -0.559996 0.529036 -0.583943 0.751850 0.109182 -0.362894 -0.123189 0.749632 0.770995 -0.720871 0.385571 0.979074 0.291274 -0.385709 -0.846030 0.694849 -0.567566 0.186748 0.910470 0.231755 -0.909960 ]
step 80/128
Layer output: [ -0.871450 -0.111679 -0.312823 0.317503 0.080891 0.621468 -0.975936 -0.602977 -0.232831 -0.755794 0.164499 0.150707 0.902373 0.962568 0.067131 -0.513704 0.982150 0.347558 -0.527295 0.668381 -0.024132 0.961023 -0.775057 0.911719 0.969169 0.280962 0.454023 -0.173190 0.734203 -0.525381 0.043704 -0.543276 -0.439287 -0.491867 -0.733021 -0.866030 0.894982 0.080674 -0.520959 -0.110469 -0.007477 0.065092 -0.006299 0.554662 0.045794 -0.158829 -0.043112 -0.745869 -0.025026 0.634764 0.226931 0.957705 -0.847662 -0.128897 -0.413860 -0.171291 -0.339525 0.121092 0.217404 0.131302 0.390232 0.309246 -0.273775 0.903226 0.532718 -0.512125 0.594495 0.535825 -0.947979 0.178382 -0.388756 0.269612 0.253751 0.081430 -0.903318 -0.815997 0.500636 -0.505520 0.869159 0.753824 0.252235 -0.551517 -0.762634 -0.479567 0.586027 0.029630 0.669221 0.127637 0.083364 0.762380 -0.599285 0.963901 0.767549 0.933088 0.410685 0.723736 -0.917786 0.633891 -0.881343 0.527169 -0.536154 0.983651 0.976394 -0.497948 -0.474889 0.166479 0.923382 -0.332771 0.647843 -0.293469 0.272009 -0.327160 -0.463836 -0.331565 0.627592 0.822478 -0.626552 0.533994 0.990228 0.772438 -0.722818 -0.746013 0.674574 -0.457115 0.568071 0.948106 0.289386 -0.886295 ]
step 81/128
Layer output: [ -0.678936 -0.379112 0.123191 0.455741 -0.253740 0.623226 -0.938177 -0.073199 -0.104137 -0.709223 0.350262 0.452286 0.926028 0.940455 0.011684 -0.464424 0.986675 -0.111350 0.011465 0.729208 0.196400 0.930689 -0.612348 0.962362 0.844899 0.514375 0.768773 -0.423680 0.934632 -0.577844 -0.008251 -0.801073 -0.780191 -0.387247 -0.466424 -0.935830 0.861455 0.260705 -0.036329 -0.068040 -0.170210 -0.088296 0.293295 0.807541 0.317054 -0.333941 -0.085682 -0.743872 0.695711 -0.348564 -0.139201 0.968622 -0.867559 0.159038 -0.257072 -0.029517 -0.783171 0.382894 -0.094658 -0.484094 0.233108 0.651934 0.299207 0.795144 0.228971 -0.284640 0.570210 0.206849 -0.901742 0.210229 -0.539392 0.354845 0.362589 0.373545 -0.912690 -0.760089 0.215445 -0.502041 0.932753 0.792800 0.408998 -0.572667 -0.351535 -0.276808 0.732902 -0.627032 0.096385 0.371049 0.608225 0.517885 -0.870391 0.971627 0.789178 0.970648 0.627837 0.707291 -0.979352 0.064530 -0.799707 0.747820 -0.381079 0.907682 0.973688 -0.549304 -0.553312 0.594356 0.911944 -0.491347 0.312616 -0.483856 0.299884 -0.261414 -0.416237 0.358638 0.600293 0.982026 -0.406636 0.548388 0.992095 0.148361 -0.589341 -0.677378 0.635162 -0.810718 0.592741 0.926895 -0.306800 -0.769941 ]
step 82/128
Layer output: [ -0.857909 0.161701 0.018519 -0.296991 -0.286813 0.727417 -0.948346 -0.411846 -0.369065 -0.727071 0.530870 0.625552 0.742771 0.939557 -0.018825 -0.208949 0.990532 -0.022901 -0.249993 0.714079 0.237909 0.852681 -0.375680 0.915235 0.655335 0.295133 0.932948 -0.133136 0.913242 -0.666325 -0.010157 -0.898718 -0.433627 0.552814 -0.409720 -0.579944 0.906295 -0.779690 -0.121006 0.510458 0.543488 -0.570776 0.617229 0.186000 -0.299480 0.147111 0.483596 -0.700938 -0.221087 -0.114619 -0.358530 0.963563 -0.829477 0.040923 -0.642961 -0.067754 -0.696421 0.036791 0.175327 -0.340512 0.267962 -0.023507 0.056139 0.915919 0.567212 -0.290574 0.431285 0.834841 -0.886107 0.654272 -0.439912 -0.239001 0.054212 0.577749 -0.928133 -0.691761 0.457780 -0.604995 0.829323 0.903231 -0.265947 -0.549055 -0.670419 -0.563847 0.401689 -0.296238 0.368007 -0.503838 0.526563 0.517390 -0.681966 0.983132 0.412263 0.814201 0.336881 0.779759 -0.891067 0.192176 -0.936150 0.779444 -0.445675 0.988836 0.958064 -0.360934 -0.485282 0.598607 0.934817 -0.540329 0.702227 -0.777229 0.571012 0.347569 -0.735511 0.004396 0.399872 0.893163 -0.665809 0.681603 0.989670 0.128971 -0.906255 -0.885088 0.517490 -0.179890 0.445351 0.978030 -0.298952 -0.694516 ]
step 83/128
Layer output: [ -0.948584 0.079640 -0.349557 -0.013193 0.391181 0.412276 -0.973506 -0.681675 0.021681 -0.862637 0.659718 0.317319 0.908956 0.942252 -0.009859 -0.191688 0.980017 0.292665 -0.251230 0.748193 0.305297 0.972985 -0.751435 0.942963 0.813582 0.381435 0.836198 -0.575819 0.710933 -0.693180 0.332518 -0.926792 -0.424378 0.108311 -0.533104 -0.847969 0.842312 -0.328160 -0.236204 0.201806 -0.141817 -0.316392 0.542351 0.596730 0.074040 0.304914 0.561519 -0.489195 0.143805 0.120578 0.174099 0.976899 -0.856807 -0.660484 -0.620749 0.290335 -0.691069 0.251167 0.139311 -0.497579 0.484244 0.482214 -0.081485 0.919753 0.706665 -0.631378 0.738240 0.843156 -0.968551 0.495881 -0.504747 0.556279 0.328992 0.667156 -0.813865 -0.917275 0.203956 -0.793518 0.940610 0.733262 0.512616 -0.554126 -0.614776 -0.844405 0.540055 -0.740252 0.484132 -0.189942 0.594180 0.833588 -0.406823 0.961880 0.618714 0.956818 0.680151 0.854843 -0.959079 0.240383 -0.901149 0.549461 -0.550484 0.986434 0.974284 -0.750576 -0.737926 0.485721 0.926876 -0.336495 0.469560 0.078490 0.512858 0.286267 -0.697056 0.001622 0.685602 0.845396 -0.805185 0.656784 0.984718 0.651208 -0.906060 -0.832863 0.737909 -0.297502 0.318305 0.973091 -0.219339 -0.894879 ]
step 84/128
Layer output: [ -0.895258 -0.308075 -0.469552 0.267750 0.214330 0.745373 -0.880207 -0.359077 -0.047984 -0.520776 0.575573 0.362828 0.881683 0.875438 0.472376 -0.508977 0.958603 0.303819 -0.185321 0.904748 0.397825 0.960751 -0.452506 0.953729 0.761854 0.233441 0.889838 -0.206845 0.890597 -0.570979 0.291505 -0.861311 -0.336755 -0.518130 -0.696753 -0.949871 0.875696 -0.546331 -0.339571 0.114953 0.270598 0.033299 0.217665 0.775308 0.177415 -0.069604 -0.095635 -0.814968 0.038298 0.278733 -0.237349 0.952156 -0.930299 0.003830 -0.683461 0.048884 -0.763049 0.304265 0.685990 -0.339514 0.627961 -0.188092 -0.266376 0.876378 0.678356 -0.786573 0.565817 0.801738 -0.810771 0.502688 -0.733245 0.271742 -0.007460 0.721344 -0.912361 -0.873164 0.174637 -0.856135 0.933949 0.921978 0.023797 -0.552250 -0.133999 -0.714870 0.495111 -0.244111 0.423488 0.301791 0.560776 0.561066 -0.627648 0.940770 0.408696 0.959418 0.624552 0.889402 -0.962931 0.233660 -0.922230 0.904491 -0.143939 0.979213 0.972918 -0.749297 -0.593022 0.303887 0.711940 -0.245044 0.674259 -0.564204 0.305155 0.512825 -0.359441 -0.421578 0.629306 0.948427 -0.691646 0.388546 0.978769 0.347876 -0.798373 -0.502777 0.875345 -0.171401 -0.058430 0.929225 -0.394212 -0.969792 ]
step 85/128
Layer output: [ -0.918557 -0.366620 -0.289379 0.128055 -0.235693 0.844742 -0.927047 -0.430751 0.307439 -0.465076 0.460567 0.448391 0.916220 0.938211 0.493755 -0.767314 0.989429 0.364531 0.363560 0.702867 0.759045 0.952340 -0.435095 0.960780 0.635922 0.437517 0.898099 -0.092490 0.761377 -0.799826 0.219372 -0.832903 -0.516394 -0.263149 -0.672009 -0.853086 0.850968 -0.411445 -0.207520 0.294952 0.255122 -0.113654 -0.067994 0.574765 -0.103833 0.249498 0.540894 -0.706793 0.511884 0.389192 -0.303770 0.936370 -0.895015 0.447752 -0.569044 -0.472815 -0.458735 0.127900 0.388340 -0.054076 0.597500 0.025617 -0.148721 0.860690 0.249135 -0.737646 0.353780 0.741747 -0.916200 0.368156 -0.735158 0.414965 -0.610059 0.820919 -0.907047 -0.661533 -0.072341 -0.629611 0.923121 0.899896 -0.236882 -0.185441 -0.531005 -0.595880 0.364425 -0.243116 0.440063 -0.309416 0.364977 0.147371 -0.764646 0.957212 0.506726 0.891995 0.466388 0.858936 -0.924675 0.167334 -0.884936 0.499900 -0.449071 0.985893 0.986034 -0.234013 -0.800417 0.249278 0.952804 -0.534509 0.780487 -0.573554 -0.027891 -0.326785 -0.716954 0.005180 0.706988 0.893605 -0.796612 0.609887 0.990968 0.530709 -0.819191 -0.815153 0.453501 -0.573771 0.607544 0.971633 -0.631333 -0.892050 ]
step 86/128
Layer output: [ -0.892912 -0.488239 -0.355416 -0.011021 -0.037655 0.723302 -0.952219 -0.370435 -0.021012 -0.503299 0.322646 0.574180 0.760573 0.951993 -0.378862 -0.687090 0.992771 0.165781 0.066122 0.661867 0.208541 0.964620 -0.818090 0.932358 0.925153 -0.090903 0.804198 -0.317973 0.699596 -0.844095 0.075258 -0.939601 -0.645866 -0.349338 -0.785451 -0.727490 0.884615 -0.432230 -0.438055 0.279466 0.050785 -0.277113 0.237675 0.740460 0.239206 -0.042489 0.351483 -0.481362 -0.120120 0.344516 -0.342080 0.974475 -0.881657 0.235696 -0.734769 -0.141245 -0.430752 0.244585 0.375763 -0.046085 0.295464 0.313354 -0.031108 0.818460 0.625821 -0.610679 0.468120 0.477546 -0.935207 0.635744 -0.559128 0.661548 -0.000991 0.781298 -0.804697 -0.802103 0.524555 -0.668380 0.808570 0.930341 -0.048179 -0.092750 -0.665390 -0.695153 0.651337 -0.642478 0.226215 -0.045218 0.408416 0.423758 -0.527985 0.972943 0.414822 0.878778 0.660091 0.628002 -0.802382 0.586758 -0.926912 0.740321 -0.514046 0.974100 0.944034 -0.693937 -0.522934 0.231092 0.938608 -0.558140 0.772876 -0.672878 0.473388 -0.105913 -0.497694 -0.353030 0.339030 0.662631 -0.608615 0.408587 0.982142 0.481900 -0.528760 -0.853185 0.801646 -0.471893 0.593924 0.959789 0.067971 -0.922331 ]
step 87/128
Layer output: [ -0.935454 -0.241541 -0.150589 0.089994 0.454028 0.753884 -0.973904 -0.397241 0.128557 -0.648607 0.255194 0.131901 0.820285 0.905398 0.033456 -0.721011 0.987650 0.704630 -0.047332 0.825347 0.875357 0.972930 -0.526728 0.969849 0.772699 0.309861 0.828115 -0.339888 0.602621 -0.824172 0.517231 -0.734876 -0.532766 -0.547701 -0.854571 -0.683795 0.711278 -0.160517 0.024270 0.258826 0.188605 -0.079995 -0.028798 0.443177 0.062802 -0.066832 -0.085465 -0.778038 -0.065244 0.505631 0.042830 0.951200 -0.890245 0.397969 -0.421134 -0.223945 -0.396407 0.463972 0.318135 -0.150234 0.442326 0.196316 -0.083914 0.887075 0.665620 -0.508901 0.562880 0.579879 -0.904423 0.634312 -0.161244 0.613927 -0.064242 0.655377 -0.855432 -0.665794 0.049465 -0.535206 0.913657 0.926931 -0.463228 -0.497581 -0.470567 -0.385546 0.607267 -0.283728 0.732177 -0.128091 0.632000 0.611735 -0.784465 0.936319 0.681125 0.923899 0.335543 0.857254 -0.867949 0.405140 -0.921847 0.528214 -0.763690 0.989109 0.984371 -0.638611 -0.455321 0.280778 0.848144 -0.573892 0.494689 -0.644130 0.007535 -0.209740 -0.405841 -0.449364 0.701564 0.881878 -0.844792 0.811210 0.992774 0.496970 -0.749800 -0.748182 0.637155 -0.532081 0.672991 0.931335 -0.411620 -0.857135 ]
step 88/128
Layer output: [ -0.957930 -0.539857 -0.335371 0.246824 -0.475418 0.771723 -0.971362 -0.498664 -0.419400 -0.364753 0.486424 0.389673 0.801286 0.954142 0.231014 -0.605887 0.974002 0.388648 -0.656807 0.637578 0.451024 0.945536 -0.463765 0.984638 0.863984 0.045174 0.931633 -0.485194 0.728781 -0.699535 0.012639 -0.879297 -0.683557 -0.319679 -0.830212 -0.870844 0.916780 0.036819 -0.311479 0.014791 0.509934 0.118733 0.025654 0.780853 0.007870 0.112204 0.721863 -0.756037 0.637416 0.138428 -0.030958 0.976603 -0.952424 0.180140 -0.007418 0.184958 -0.744166 0.485350 0.450399 -0.008742 0.597136 0.283915 0.310155 0.908682 0.683706 -0.647536 0.343551 0.730735 -0.882557 0.799757 -0.554547 0.180603 0.356486 0.819472 -0.912889 -0.693382 0.401500 -0.864827 0.922284 0.926564 -0.443696 -0.243673 -0.270274 -0.385782 0.667714 -0.375621 0.723465 -0.209655 0.399990 0.199422 -0.843852 0.982586 0.333741 0.922292 0.400181 0.737331 -0.899330 0.236622 -0.894302 0.610084 -0.516545 0.935190 0.960923 -0.475397 -0.327056 0.285388 0.918148 -0.596845 0.571462 -0.689690 -0.097797 -0.182336 -0.582268 -0.281674 0.659539 0.837256 -0.824743 0.510128 0.979697 0.338483 -0.639834 -0.827909 0.595288 -0.407415 0.483968 0.890114 -0.634974 -0.892746 ]
step 89/128
Layer output: [ -0.893823 -0.252540 -0.329238 -0.542155 -0.389932 0.675363 -0.964504 -0.420740 -0.509585 -0.617116 0.775761 0.778568 0.787761 0.885961 -0.101769 -0.352100 0.987448 -0.053526 0.003438 0.862135 0.257679 0.954692 -0.544476 0.967372 0.929924 -0.030003 0.897915 -0.368181 0.635020 -0.789932 0.138204 -0.935924 -0.298868 -0.264859 -0.811048 -0.799704 0.959823 -0.257742 -0.381932 0.217385 0.219139 -0.173103 -0.314631 0.451246 0.245012 0.018576 0.467956 -0.445341 0.184423 0.411752 -0.254425 0.958864 -0.859993 0.234500 -0.525304 -0.254520 -0.681274 0.143525 0.208605 0.023793 0.326399 0.226338 -0.284661 0.857904 0.544250 -0.505139 0.670576 0.274437 -0.915073 0.418414 -0.509097 0.280613 0.369648 0.651958 -0.813061 -0.854387 0.380772 -0.789447 0.877624 0.954322 0.174456 -0.411732 -0.882066 -0.627557 0.367389 -0.848779 0.284090 -0.126261 0.130072 0.486237 -0.821976 0.976914 0.786860 0.947871 0.706959 0.832402 -0.863466 0.418639 -0.888970 0.792685 -0.684041 0.978914 0.920047 -0.600138 -0.671824 0.259847 0.939912 -0.558567 0.713544 -0.543917 0.456671 -0.106065 -0.644080 0.210636 0.445862 0.791756 -0.816723 0.490042 0.995569 0.245218 -0.361562 -0.829392 0.506136 -0.210675 0.331078 0.922264 0.206663 -0.874479 ]
step 90/128
Layer output: [ -0.942630 -0.352867 0.198120 -0.155461 0.079217 0.683677 -0.900447 -0.589442 0.276860 -0.496311 0.599461 0.621905 0.856003 0.918415 0.267827 -0.538555 0.982640 -0.097345 -0.260328 0.761635 0.671397 0.973806 -0.646685 0.978313 0.926177 -0.273265 0.870282 -0.295185 0.915978 -0.418404 0.440053 -0.895437 -0.089519 -0.631321 -0.698623 -0.901798 0.875763 -0.544873 -0.096999 0.193110 -0.135711 0.009938 0.442174 0.244837 -0.083802 -0.144020 0.034258 -0.623432 -0.052169 0.372698 -0.401928 0.964262 -0.850844 0.201753 -0.610346 0.307589 -0.654274 0.287418 0.184997 -0.288231 0.468806 0.478177 -0.614726 0.845229 0.673141 -0.407565 0.634737 0.360277 -0.815704 0.231620 -0.306802 0.396181 -0.022380 0.775923 -0.822664 -0.859260 0.255734 -0.862198 0.965289 0.888797 0.131591 -0.415766 -0.350083 -0.716355 0.620717 -0.443659 0.646577 -0.319854 0.697589 0.705523 -0.721727 0.983087 0.574307 0.950256 0.568767 0.821091 -0.860206 0.343099 -0.875669 0.644738 -0.522724 0.963919 0.968139 -0.813266 -0.385909 0.416263 0.871985 -0.036527 0.632791 -0.362182 0.093733 0.297742 -0.487334 -0.259411 0.739419 0.854426 -0.714190 0.460826 0.980595 0.648842 -0.663223 -0.361879 0.607405 -0.094348 0.427942 0.978734 -0.144765 -0.904269 ]
step 91/128
Layer output: [ -0.861555 -0.259182 0.054584 -0.010922 0.068616 0.750758 -0.885797 -0.450996 0.036813 -0.699583 0.454895 0.662093 0.882249 0.937542 0.022175 -0.135307 0.994360 -0.063722 -0.156318 0.777796 0.028241 0.945536 -0.478851 0.935920 0.875535 0.562734 0.892756 -0.739973 0.747821 -0.770364 -0.128056 -0.737164 -0.672229 -0.444689 -0.880923 -0.770344 0.901995 -0.458015 -0.459441 -0.342733 -0.256527 -0.292154 -0.057974 0.781209 0.153722 0.613903 0.168768 -0.473854 0.486025 0.256944 0.238764 0.907772 -0.902801 0.046714 -0.581046 0.183159 -0.660865 0.349813 0.258877 -0.156204 0.625088 0.539782 0.469538 0.877961 0.651889 -0.283093 0.645822 0.627536 -0.977105 0.372120 -0.618408 0.187115 0.226484 0.527075 -0.932764 -0.889062 0.367866 -0.767892 0.750152 0.658514 0.575595 -0.306272 -0.524703 -0.590429 0.504754 -0.519325 0.268346 -0.255078 0.308635 0.839163 -0.798655 0.979235 0.725738 0.930746 0.681708 0.827817 -0.834792 0.349444 -0.881157 0.578116 -0.143581 0.973672 0.984152 -0.469734 -0.643497 0.277582 0.959026 -0.528508 0.693350 -0.236067 -0.099897 0.081787 -0.515373 -0.039756 0.725593 0.865218 -0.713598 0.526179 0.984707 0.760638 -0.397503 -0.775454 0.556764 -0.347806 0.627325 0.931910 0.358870 -0.777841 ]
step 92/128
Layer output: [ -0.894667 -0.138489 -0.219533 0.009735 -0.131577 0.802894 -0.937156 -0.369561 -0.432612 -0.784704 0.081723 0.716495 0.769826 0.941922 0.017219 -0.250082 0.992081 -0.044098 -0.431870 0.820232 0.001254 0.856402 -0.643788 0.903947 0.650438 0.588442 0.865253 -0.237889 0.909860 -0.717392 0.213222 -0.850219 -0.742887 -0.042027 -0.722722 -0.827043 0.851891 -0.266834 -0.350164 0.131837 0.006192 -0.532256 0.287900 0.515235 0.335756 0.541151 0.143793 -0.508151 -0.121971 0.362338 -0.355892 0.949835 -0.887856 -0.115052 -0.689663 0.172008 -0.725807 0.027104 0.396964 -0.602770 0.145133 0.248300 -0.216992 0.904969 0.741163 -0.110248 0.301638 0.776712 -0.876068 0.609132 -0.522044 0.445499 0.391475 0.533408 -0.895053 -0.646175 0.401599 -0.481896 0.930469 0.820217 -0.360882 -0.420704 -0.581775 -0.490078 0.103219 -0.478525 0.274544 -0.437792 0.571276 0.806313 -0.330101 0.944450 0.471132 0.946702 0.760936 0.905174 -0.922572 -0.027125 -0.909581 0.700703 -0.553957 0.991871 0.981479 -0.804991 -0.761063 0.690581 0.966013 -0.323518 0.813285 -0.176751 0.624810 -0.138498 -0.044559 0.332277 0.554484 0.817194 -0.709081 0.667769 0.986775 0.336701 -0.663955 -0.734863 0.638425 0.049770 0.419585 0.986915 0.135752 -0.920376 ]
step 93/128
Layer output: [ -0.936346 0.247217 -0.321778 0.183729 0.029259 0.701293 -0.935256 -0.197762 -0.679468 -0.735741 0.172911 0.466205 0.711524 0.909950 0.071669 -0.430116 0.993043 -0.032822 -0.476216 0.778965 0.277330 0.957109 -0.484481 0.904915 0.636866 0.529443 0.873242 0.144610 0.798329 -0.569753 0.244411 -0.877725 -0.814220 -0.073916 -0.747960 -0.683364 0.735345 -0.360890 -0.580341 0.230415 0.219858 -0.565080 0.222416 0.457516 0.463254 0.509837 0.604757 -0.666625 -0.128786 0.460937 -0.618283 0.939426 -0.889066 0.098353 -0.413740 0.165696 -0.526587 -0.061974 0.507937 -0.543561 0.525200 0.394771 -0.216466 0.897602 0.748402 -0.475006 0.293127 0.789449 -0.942412 0.750779 -0.614565 0.157090 0.315446 0.473846 -0.853132 -0.727711 0.341784 -0.521014 0.923674 0.846080 -0.281138 -0.512572 -0.791656 -0.406785 0.153667 -0.662220 0.626036 -0.433923 0.745041 0.304393 -0.582624 0.935923 0.509942 0.928981 0.752844 0.940874 -0.906085 0.257452 -0.917804 0.714550 -0.506215 0.983703 0.976133 -0.604113 -0.552361 0.361281 0.961810 -0.243036 0.806158 -0.315844 0.528585 0.454098 -0.565562 0.279866 0.275263 0.870369 -0.679799 0.623783 0.986375 0.410483 -0.731381 -0.580910 0.563706 -0.102010 0.528559 0.981542 0.341740 -0.867832 ]
step 94/128
Layer output: [ -0.944408 0.078408 -0.128256 -0.032076 0.263520 0.804565 -0.932340 -0.354807 -0.249250 -0.781452 0.189069 0.451160 0.788027 0.952197 0.197333 -0.286895 0.991270 0.085603 -0.464383 0.840015 0.235145 0.955700 -0.469150 0.908802 0.620393 0.618481 0.919101 -0.230612 0.782798 -0.838790 0.288793 -0.829437 -0.564050 -0.030156 -0.726741 -0.692288 0.897164 -0.266957 -0.292870 0.412597 0.024342 -0.610460 0.166478 0.434544 0.095671 0.613687 0.129397 -0.520511 -0.225031 0.410375 -0.381263 0.958694 -0.896175 -0.063284 -0.444718 0.334261 -0.576000 0.306886 0.472488 -0.331289 0.352359 0.182562 -0.166327 0.888549 0.638038 -0.622151 0.311356 0.808184 -0.933403 0.705519 -0.475041 0.027751 0.344319 0.484516 -0.899874 -0.834444 0.300876 -0.542542 0.889355 0.881172 0.008515 -0.791351 -0.772640 -0.581708 -0.081142 -0.672629 0.341760 -0.247849 0.353898 0.612450 -0.528812 0.967266 0.146393 0.855814 0.742530 0.863689 -0.921463 0.243643 -0.818962 0.825683 -0.589743 0.990908 0.969494 -0.600258 -0.505789 0.203226 0.955899 -0.365111 0.756036 -0.251623 0.451246 0.042973 -0.744743 -0.064335 0.432279 0.790098 -0.622650 0.441492 0.988528 0.438460 -0.866516 -0.817170 0.691683 -0.226608 0.297012 0.990243 0.175534 -0.881104 ]
step 95/128
Layer output: [ -0.852425 0.168782 -0.414826 -0.063962 0.367529 0.838395 -0.925019 -0.501624 -0.359916 -0.663764 0.719365 0.327021 0.868273 0.958555 -0.181410 -0.336825 0.988656 0.278320 -0.152689 0.643773 0.421615 0.951595 -0.765388 0.870285 0.919219 0.681072 0.864329 -0.369843 0.721202 -0.815050 0.852120 -0.751671 -0.739759 -0.336279 -0.535959 -0.842330 0.898063 0.012537 -0.499299 0.265294 -0.059260 -0.356936 0.365623 0.738550 0.001331 -0.269911 0.546125 -0.410665 0.324464 0.612948 -0.119511 0.902665 -0.925074 0.060307 -0.228880 -0.108738 -0.614639 0.387149 0.318727 -0.451491 0.687496 0.512624 0.475276 0.842032 0.585740 -0.667639 0.692326 0.899075 -0.896061 0.504730 -0.674326 0.533927 0.321813 0.624634 -0.884803 -0.793219 -0.336383 -0.715409 0.848254 0.911266 -0.179809 -0.236155 -0.367787 -0.618698 0.656442 -0.317218 0.670023 0.379632 0.475215 0.584855 -0.705509 0.974018 0.576446 0.969145 0.410129 0.768493 -0.897429 0.259104 -0.904478 0.887508 -0.712286 0.977945 0.976647 -0.599724 -0.804855 0.276913 0.952088 -0.681388 0.482953 0.087116 0.148257 -0.364688 -0.578814 -0.249580 0.836945 0.853365 -0.345593 0.741686 0.985069 0.016319 -0.887280 -0.659118 0.714293 -0.203884 -0.017257 0.983085 -0.314238 -0.891546 ]
step 96/128
Layer output: [ -0.752801 0.226869 -0.396270 -0.106488 0.150363 0.451175 -0.972509 -0.738499 0.100334 -0.684167 0.713515 0.629800 0.947089 0.977405 0.091038 -0.187626 0.982652 -0.100643 -0.306036 0.813907 -0.417936 0.968624 -0.789803 0.892890 0.933226 0.528103 0.755419 -0.467952 0.910253 -0.846080 0.492172 -0.867381 -0.644173 0.013863 -0.894444 -0.843549 0.873468 -0.684215 -0.513599 -0.049504 0.184642 -0.222788 0.182051 0.665259 -0.045461 0.067120 0.311385 -0.432447 -0.376130 0.290751 0.123222 0.985055 -0.883303 -0.340901 -0.593983 0.153813 -0.709645 -0.033613 0.262603 -0.230490 0.323019 0.447616 -0.102240 0.460798 0.634549 -0.630775 0.804962 0.772528 -0.853058 0.448026 -0.547336 0.478336 0.124336 0.307607 -0.898156 -0.853697 0.529247 -0.630435 0.886319 0.673899 -0.170587 -0.775703 -0.490898 -0.673794 0.417999 -0.876166 0.184828 0.421504 0.595674 0.552857 -0.917270 0.932820 0.707380 0.945484 0.662554 0.596409 -0.922872 0.510991 -0.866165 0.847810 -0.459245 0.928887 0.962736 -0.582928 -0.741839 -0.387990 0.974398 -0.574495 0.635461 -0.576363 -0.402592 0.294251 -0.586056 0.019629 0.787392 0.919402 -0.673255 0.669879 0.959705 0.371910 -0.861213 -0.891270 0.824321 -0.329647 -0.130509 0.983548 0.443214 -0.955344 ]
step 97/128
Layer output: [ -0.922683 -0.289336 -0.182278 -0.294225 0.478910 0.669403 -0.915145 -0.385603 -0.401509 -0.841582 0.746140 -0.247511 0.879557 0.960650 0.114021 -0.496006 0.985310 0.059836 -0.432470 0.862876 0.565553 0.957721 -0.816079 0.952426 0.910484 -0.185895 0.858856 -0.302578 0.543471 -0.747128 0.097835 -0.806026 -0.677902 -0.105078 -0.710298 -0.840094 0.877281 0.362035 -0.382419 0.411901 -0.335556 -0.145183 -0.021570 0.578668 0.754133 0.009357 0.110480 -0.574116 0.154254 0.456027 -0.027586 0.924077 -0.920142 -0.247105 -0.661096 0.280648 -0.690429 0.147675 0.135208 -0.713882 0.296202 0.730224 -0.027859 0.781455 0.828481 -0.744754 0.592984 0.757312 -0.966660 0.803828 -0.489644 0.580679 0.322226 0.401381 -0.722313 -0.894663 0.680078 -0.537136 0.913358 0.900233 0.190955 -0.638539 -0.856524 -0.412103 0.249497 -0.818799 -0.015525 -0.365321 0.646622 0.600129 -0.318090 0.920162 0.696599 0.948576 0.828807 0.755897 -0.917018 0.243543 -0.955631 0.890020 -0.249070 0.955875 0.970767 -0.311110 -0.371876 0.173737 0.852617 -0.464325 0.627095 -0.324113 0.610076 0.024193 -0.111725 -0.136856 0.639158 0.126213 -0.314862 0.556311 0.983156 0.669020 -0.852582 -0.622135 0.719447 -0.212955 0.513510 0.992335 -0.096585 -0.935455 ]
step 98/128
Layer output: [ -0.766671 -0.095228 -0.402518 0.182041 0.052112 0.826519 -0.921187 -0.635053 0.290313 -0.251871 0.485779 0.458031 0.945828 0.921290 0.246987 0.028085 0.972092 -0.206616 -0.279599 0.562271 0.383461 0.983534 -0.649611 0.886843 0.924948 0.586828 0.914086 0.098279 0.878731 -0.718539 0.394114 -0.546745 -0.136129 -0.261354 -0.716312 -0.922071 0.874817 -0.247184 -0.247165 -0.163028 0.036862 -0.359663 0.386186 0.820671 -0.229948 0.212496 0.344698 -0.551102 0.235036 0.701879 -0.492416 0.845807 -0.900685 -0.015154 -0.554369 0.197043 -0.427943 0.393064 0.047850 -0.110907 0.556091 0.583761 -0.375828 0.850677 0.542506 -0.526600 0.500912 0.823381 -0.926968 0.446070 -0.660591 -0.070424 -0.010801 0.545022 -0.675963 -0.771734 -0.395466 -0.907729 0.897740 0.744126 0.309862 -0.602054 -0.804943 -0.638552 0.271347 -0.472809 0.470277 -0.183612 0.486821 0.705706 -0.731696 0.945636 0.589117 0.966781 0.407517 0.879552 -0.928525 0.233677 -0.671499 0.796422 -0.459115 0.990690 0.912107 -0.455568 -0.668568 0.097972 0.949800 -0.563349 0.526332 -0.116527 0.258745 0.073193 -0.701885 0.228493 0.860402 0.932130 -0.856636 0.675853 0.978769 0.365691 -0.720438 -0.485884 0.666158 -0.308504 0.605332 0.969193 -0.048378 -0.950182 ]
step 99/128
Layer output: [ -0.860418 -0.123865 0.001994 0.160434 0.326293 0.373146 -0.898419 -0.255446 -0.184818 -0.280438 0.286079 0.085190 0.936165 0.917165 0.555438 0.142815 0.981897 0.018148 -0.095883 0.952117 0.582581 0.969222 -0.788080 0.973633 0.806431 0.538693 0.742963 -0.454871 0.912551 -0.716960 0.462030 -0.890755 -0.582028 -0.783715 -0.716091 -0.967676 0.835256 -0.283282 -0.024092 0.614837 0.155157 -0.249214 0.568918 0.497242 -0.327960 -0.183376 0.322220 -0.671559 0.429761 0.101178 -0.385100 0.943750 -0.914121 -0.284861 -0.637122 0.094260 -0.810202 0.243477 0.298984 -0.096899 0.347181 0.119902 -0.319129 0.714299 0.637061 -0.829504 0.672366 0.930651 -0.768223 0.396829 -0.722090 0.843532 0.157789 0.852734 -0.808915 -0.795498 -0.574981 -0.873700 0.899650 0.862650 0.352264 -0.467050 0.090674 -0.669054 0.528781 -0.450507 0.571329 -0.166415 0.665896 0.369258 -0.780098 0.941420 0.389394 0.985646 0.581066 0.641362 -0.919414 -0.056737 -0.740811 0.897479 -0.582966 0.955805 0.803304 -0.302718 -0.548024 -0.074974 0.940770 -0.342879 0.462640 -0.463439 -0.222853 -0.144245 -0.578549 -0.022916 0.682456 0.795393 -0.728808 0.265743 0.940119 0.357015 -0.793451 -0.428363 0.932669 -0.615775 -0.020493 0.962629 -0.498737 -0.899469 ]
step 100/128
Layer output: [ -0.930840 0.008342 -0.049544 -0.168186 -0.351157 0.861751 -0.928851 -0.083046 -0.394759 -0.587869 0.260564 0.502388 0.915594 0.943079 0.073984 0.045538 0.993093 0.254243 -0.275840 0.793163 0.616017 0.953736 -0.546049 0.972840 0.582440 0.612427 0.925298 -0.114749 0.905806 -0.795013 0.072816 -0.870969 -0.549475 -0.509013 -0.755531 -0.858017 0.982983 -0.537851 -0.138946 -0.065561 0.184416 0.126600 0.155541 0.452332 0.041401 -0.081101 0.644411 -0.495899 0.518306 0.358109 -0.209840 0.965679 -0.882842 0.431565 -0.677077 -0.293185 -0.643978 0.262205 0.377041 0.106311 0.643891 0.042842 0.243848 0.821760 0.675055 -0.442526 0.339993 0.891421 -0.929921 0.480341 -0.801375 0.075280 -0.217841 0.710065 -0.800778 -0.828214 0.180310 -0.801866 0.921595 0.855830 -0.012526 -0.175657 -0.439839 -0.766151 0.650356 -0.466370 0.483110 -0.230369 0.326972 0.667871 -0.708557 0.983476 0.380493 0.973860 0.598753 0.802113 -0.898235 -0.042823 -0.901595 0.790885 -0.376399 0.949865 0.898066 -0.424402 -0.612203 0.201313 0.924844 -0.470588 0.510762 -0.371024 0.548237 -0.155395 -0.650102 0.190268 0.459750 0.889786 -0.789337 0.621856 0.980921 0.059701 -0.763991 -0.386421 0.668252 -0.466110 0.514959 0.900575 -0.351625 -0.772189 ]
step 101/128
Layer output: [ -0.908015 0.056375 -0.306983 -0.148188 -0.037377 0.848759 -0.875580 -0.267457 -0.635125 -0.731130 -0.034162 0.320526 0.639330 0.930082 -0.015918 -0.398900 0.995847 -0.180575 -0.433582 0.765654 0.204988 0.907125 -0.473726 0.881075 0.471983 0.535643 0.852885 -0.057311 0.881762 -0.762503 0.184752 -0.797277 -0.642261 0.187909 -0.519948 -0.582929 0.874408 -0.419231 -0.461128 0.315975 0.355106 -0.690644 0.035896 0.050632 0.316799 0.466968 0.558420 -0.826546 -0.103830 0.349847 -0.251359 0.969325 -0.869405 0.009059 -0.666638 -0.190722 -0.510912 -0.023355 0.556776 -0.254931 0.165549 -0.007182 -0.038550 0.838895 0.596930 -0.656399 0.191278 0.725278 -0.910914 0.517653 -0.542380 0.319768 0.605387 0.712548 -0.948928 -0.674038 0.543234 -0.373338 0.826626 0.903235 -0.461255 -0.600794 -0.621896 -0.384242 0.292205 -0.668331 0.225544 -0.392282 0.523608 0.462635 -0.277409 0.924207 0.450991 0.926479 0.587533 0.919932 -0.882335 0.358048 -0.889796 0.779145 -0.560822 0.988041 0.939792 -0.563093 -0.712364 0.602645 0.939533 -0.348496 0.471289 -0.356123 0.696162 0.029929 -0.644168 0.393161 0.200456 0.772015 -0.660913 0.329588 0.981548 0.103947 -0.852095 -0.807914 0.249293 -0.055451 0.276786 0.972731 -0.142867 -0.892426 ]
step 102/128
Layer output: [ -0.915060 0.071727 -0.199959 -0.031692 0.474559 0.574365 -0.845191 -0.717716 -0.076705 -0.517061 0.361611 0.290543 0.636635 0.977936 -0.182069 -0.775200 0.993819 0.496646 -0.612745 0.605770 0.161935 0.853293 -0.349749 0.844205 0.680669 0.294811 0.832102 -0.381241 0.798743 -0.906881 0.304569 -0.838262 -0.713247 0.071060 -0.708419 -0.745161 0.789131 -0.544829 -0.540760 0.361592 -0.056418 -0.625716 0.772463 0.736771 0.465051 0.410656 0.220838 -0.683162 -0.146993 -0.239358 -0.100820 0.898932 -0.747509 -0.170460 -0.782519 0.260470 -0.578820 -0.504102 0.284285 -0.637679 0.237959 -0.371520 0.045497 0.776279 0.595539 -0.654761 0.681485 0.860004 -0.971729 0.511712 -0.404641 0.821229 -0.022697 0.707171 -0.925965 -0.639453 0.062784 -0.547303 0.884491 0.880762 0.237301 -0.766655 -0.466865 -0.667411 0.157292 -0.627077 -0.293220 -0.343483 0.664089 0.782958 -0.524040 0.913183 0.661444 0.946715 0.548881 0.912587 -0.962594 0.246832 -0.922600 0.743269 -0.540340 0.995429 0.988060 -0.772594 -0.738851 0.283183 0.969598 -0.196629 0.573169 -0.187356 0.346861 0.622080 -0.693722 -0.048820 0.393419 0.883806 -0.565261 0.307918 0.966203 0.670116 -0.835410 -0.715144 0.869525 -0.381384 0.112278 0.986848 -0.506027 -0.909427 ]
step 103/128
Layer output: [ -0.518892 -0.176268 0.268942 -0.315583 0.056473 0.575851 -0.933933 -0.373627 0.021892 -0.829530 0.403201 0.074220 0.910545 0.925195 -0.525413 -0.127357 0.983187 -0.044758 -0.023349 0.715494 0.691464 0.870356 -0.907899 0.928674 0.742809 0.204060 0.841752 -0.222821 0.607345 -0.870281 0.179719 -0.881456 -0.468555 -0.582510 -0.902300 -0.724427 0.812666 0.143666 -0.173683 -0.129143 -0.495775 -0.304230 0.046327 0.629547 0.542962 0.034286 0.324826 -0.823138 0.457170 0.155078 -0.090489 0.920329 -0.797999 -0.116107 -0.704744 -0.356131 -0.791684 0.343052 0.236718 -0.298065 0.822836 0.154753 0.353150 0.779877 0.619494 -0.157641 0.818975 0.747462 -0.920428 0.358909 -0.593596 0.640753 0.235619 0.830607 -0.912829 -0.807384 -0.000274 -0.722395 0.917464 0.808383 -0.127939 -0.276905 0.054351 -0.058339 0.401889 -0.105015 -0.098195 0.407524 0.421908 0.644565 -0.463762 0.946492 0.795209 0.966452 0.802682 0.819869 -0.976445 0.645981 -0.887240 0.964003 -0.542423 0.970784 0.973542 -0.615086 -0.431525 -0.000231 0.963230 -0.404755 0.637641 -0.380568 -0.034247 -0.054207 -0.623798 0.342533 0.568928 0.880348 -0.828860 0.525441 0.963355 0.719622 -0.648971 -0.501577 0.629877 -0.459814 0.432851 0.967283 -0.455669 -0.815061 ]
step 104/128
Layer output: [ -0.798986 -0.400930 0.225933 -0.366103 0.265798 0.126366 -0.904667 -0.431439 -0.044615 -0.598266 0.442230 0.334208 0.906869 0.868085 -0.397615 -0.357463 0.982252 -0.459534 -0.308298 0.750428 0.561085 0.875139 -0.830128 0.963404 0.903184 0.299665 0.841706 -0.422960 0.766022 -0.794303 -0.017625 -0.844182 -0.477316 -0.638865 -0.850716 -0.826854 0.639761 0.112320 -0.347668 0.337405 -0.274932 -0.464567 0.003834 0.581263 0.293573 -0.169022 -0.019094 -0.695071 0.498312 0.239916 0.112121 0.938134 -0.843204 -0.140364 -0.832861 -0.350797 -0.660669 0.182140 0.272422 -0.448580 0.360849 0.278968 -0.222500 0.750050 0.649025 -0.638372 0.900919 0.832614 -0.944532 0.646023 -0.785907 0.622374 -0.064440 0.777054 -0.907938 -0.824468 0.336406 -0.726407 0.889571 0.762598 0.108675 -0.446061 -0.268085 -0.360806 0.622905 -0.416718 -0.174251 0.128662 0.426973 0.697800 -0.664772 0.983448 0.793020 0.959273 0.662520 0.799642 -0.963273 0.598465 -0.858085 0.902735 -0.318450 0.944595 0.977337 -0.689847 -0.568700 -0.252675 0.979769 -0.452385 0.510217 -0.080122 -0.022176 -0.273831 -0.510892 0.157630 0.823121 0.721102 -0.753034 0.631611 0.946745 0.766415 -0.594153 -0.462867 0.742229 -0.387987 0.224765 0.961381 -0.416257 -0.854165 ]
step 105/128
Layer output: [ -0.754622 0.181776 0.016045 -0.286563 0.506122 0.686407 -0.935935 -0.251460 0.077654 -0.744463 0.572603 0.213936 0.936276 0.861556 -0.047498 -0.299428 0.989067 -0.501000 0.037575 0.841155 0.632234 0.923369 -0.787049 0.964866 0.973648 0.303958 0.646527 -0.312633 0.820686 -0.664746 0.097329 -0.905930 -0.305976 -0.253816 -0.853139 -0.875202 0.789775 0.190006 -0.087811 -0.306932 -0.184989 -0.647005 0.121962 0.787066 0.063495 -0.599464 0.278271 -0.764502 0.298107 -0.238882 0.101841 0.972318 -0.918407 0.111957 -0.770654 -0.153898 -0.708468 0.318569 0.475446 -0.465329 0.705272 0.491440 0.127972 0.784244 0.718700 -0.371041 0.799687 0.718235 -0.852324 0.662615 -0.637140 0.576302 0.034019 0.735365 -0.889676 -0.742041 0.196366 -0.707901 0.936825 0.798705 -0.189452 -0.518095 -0.267623 -0.557176 0.576826 -0.589070 0.315692 0.282460 0.577016 0.480835 -0.638659 0.985085 0.796556 0.951506 0.568711 0.868587 -0.968247 0.716875 -0.913505 0.858063 -0.534411 0.906577 0.988953 -0.510711 -0.574339 -0.153598 0.931247 -0.544766 0.339820 -0.404027 -0.365413 -0.181996 -0.435955 -0.440098 0.773528 0.895701 -0.693470 0.867167 0.980413 0.580987 -0.754541 -0.533714 0.828612 -0.451580 0.247782 0.956936 -0.291274 -0.908972 ]
step 106/128
Layer output: [ -0.729155 -0.031258 0.050703 -0.475022 0.452550 0.723592 -0.949595 -0.517616 0.250286 -0.724243 0.710721 0.436943 0.885117 0.892433 -0.029533 -0.166447 0.987066 -0.414126 0.159206 0.747965 0.436757 0.914242 -0.835990 0.927122 0.934219 0.176654 0.698814 -0.172224 0.811416 -0.781999 0.352148 -0.842845 -0.168251 -0.050873 -0.798166 -0.765483 0.751439 -0.042280 -0.541091 -0.167506 -0.485905 -0.648402 0.283451 0.192270 -0.026998 -0.201697 0.014096 -0.756742 0.124439 0.228051 0.115040 0.964567 -0.835021 0.178716 -0.673308 -0.232160 -0.669576 0.046835 -0.114872 -0.369812 0.486384 0.305967 -0.368735 0.859191 0.669338 -0.356948 0.897451 0.719607 -0.952074 0.457984 -0.660186 0.587695 0.005937 0.720006 -0.905810 -0.637332 -0.074908 -0.728031 0.930973 0.736297 0.058926 -0.698857 -0.321487 -0.020519 0.629458 -0.183339 0.592648 -0.133264 0.782848 0.691334 -0.811259 0.974263 0.863524 0.931567 0.337065 0.829286 -0.943988 0.567185 -0.941956 0.859518 -0.204131 0.956209 0.978250 -0.446050 -0.669971 0.369598 0.908671 -0.663150 0.659567 -0.327211 -0.181171 -0.293944 -0.591389 -0.057089 0.752995 0.896389 -0.674516 0.632775 0.984345 0.744224 -0.732352 -0.586446 0.342095 -0.575874 0.369568 0.967329 -0.005848 -0.880834 ]
step 107/128
Layer output: [ -0.791191 0.017908 -0.014434 -0.470502 0.306380 0.783575 -0.915856 -0.510804 -0.537360 -0.752575 0.243805 0.537674 0.869018 0.962040 0.460298 -0.450495 0.993432 -0.380257 0.264658 0.617668 0.471978 0.884224 -0.816123 0.948105 0.750518 0.510259 0.825869 -0.030089 0.853866 -0.670713 0.166432 -0.849748 -0.508866 0.208382 -0.725769 -0.780494 0.945631 -0.459085 -0.255564 -0.119937 -0.245118 -0.488694 0.436258 0.459090 0.011211 0.043740 0.387818 -0.566543 0.095929 -0.180303 -0.246199 0.974530 -0.904853 0.332374 -0.820505 -0.304278 -0.549759 0.316391 0.485508 -0.081924 0.569593 0.321229 -0.025430 0.843813 0.816149 -0.014618 0.650024 0.830220 -0.936404 0.498971 -0.712360 0.532167 -0.011843 0.791710 -0.921030 -0.635089 0.091218 -0.582420 0.899186 0.739035 -0.330640 -0.230530 -0.537239 -0.597053 0.462980 -0.219561 0.099870 -0.605048 0.594763 0.552396 -0.725629 0.979681 0.776276 0.928603 0.586256 0.764691 -0.961344 0.518902 -0.922751 0.695104 -0.120570 0.956379 0.949485 -0.627889 -0.725419 0.474168 0.958350 -0.593511 0.524436 0.372238 0.545203 -0.364445 -0.120300 0.175897 0.419709 0.964516 -0.726131 0.491285 0.987323 0.305392 -0.861799 -0.866379 0.374116 -0.407109 0.005414 0.963648 -0.107361 -0.826414 ]
step 108/128
Layer output: [ -0.784031 0.192860 0.081336 -0.375107 0.468623 0.462736 -0.962861 -0.422310 -0.188295 -0.678160 0.710099 0.155253 0.923398 0.953393 -0.134937 -0.631039 0.991473 -0.482744 0.120312 0.687683 0.499418 0.933545 -0.847190 0.959244 0.899493 0.430246 0.660191 -0.020023 0.749564 -0.863629 0.304806 -0.833675 -0.491905 -0.333413 -0.803101 -0.803879 0.820977 0.232830 -0.332165 -0.235140 0.139400 -0.764191 0.084675 0.475032 0.042433 0.007960 0.522640 -0.659974 -0.102112 0.174927 -0.176869 0.982402 -0.887795 -0.043442 -0.857637 -0.127179 -0.660721 0.258514 0.548087 -0.252793 0.714149 0.151511 -0.004277 0.813432 0.829407 -0.476052 0.750008 0.680761 -0.888312 0.725768 -0.702578 0.673184 -0.004742 0.670400 -0.957316 -0.643266 0.142065 -0.142641 0.927325 0.731636 -0.531412 -0.640181 -0.520826 -0.364230 0.535508 -0.332785 0.156154 -0.045308 0.712804 0.197242 -0.530528 0.953485 0.481631 0.931010 0.421282 0.812365 -0.962470 0.736292 -0.902117 0.861957 -0.154396 0.934930 0.974638 -0.581858 -0.459062 0.374519 0.917007 -0.491969 0.585821 -0.240461 0.227583 -0.468847 -0.580363 -0.089274 0.226822 0.951349 -0.822930 0.667113 0.990226 0.620414 -0.866827 -0.867549 0.716779 -0.326873 0.120291 0.947617 -0.515299 -0.878128 ]
step 109/128
Layer output: [ -0.885802 0.169969 0.475518 -0.539188 0.479822 0.574396 -0.965516 -0.747155 -0.196683 -0.611611 0.479423 0.434889 0.885749 0.937801 -0.064917 -0.005076 0.994888 -0.449140 -0.324564 0.522084 0.402492 0.959994 -0.775159 0.975362 0.964125 0.470007 0.855865 -0.456261 0.738947 -0.756181 0.564293 -0.841504 -0.542562 -0.628227 -0.722574 -0.715963 0.916544 -0.109832 -0.422907 0.305509 -0.043198 -0.701750 0.180395 0.631957 0.113211 -0.000395 0.444437 -0.660246 0.149666 0.176864 -0.176272 0.950417 -0.910475 -0.099191 -0.753547 0.106837 -0.655340 0.305070 0.330558 -0.278729 0.452719 0.252585 -0.464646 0.928759 0.682293 -0.017106 0.789130 0.770218 -0.910449 0.512972 -0.769988 0.651822 0.158654 0.486607 -0.867380 -0.613520 0.148281 -0.328061 0.971265 0.673945 -0.228571 -0.321458 -0.528110 0.053558 0.460317 -0.462711 0.562905 0.105431 0.734297 0.614698 -0.637586 0.980205 0.728434 0.964503 0.442079 0.883150 -0.897960 0.723771 -0.929111 0.792907 -0.444556 0.955166 0.938184 -0.481621 -0.382186 -0.011109 0.960125 -0.244959 0.626879 -0.456203 -0.234875 -0.359654 -0.652905 -0.402507 0.809294 0.933664 -0.897019 0.684154 0.968939 0.785846 -0.775442 -0.631571 0.404083 -0.570489 0.435793 0.983795 -0.377737 -0.719930 ]
step 110/128
Layer output: [ -0.810918 0.249054 -0.100144 -0.268467 0.637016 0.842715 -0.934008 -0.441418 -0.505559 -0.755219 0.321621 0.125403 0.938697 0.943834 -0.066442 -0.418418 0.991163 -0.113698 -0.220490 0.700732 0.567432 0.978917 -0.786371 0.971485 0.958027 -0.064369 0.732216 -0.123210 0.642663 -0.820529 0.086880 -0.849532 -0.427869 -0.328675 -0.828120 -0.882684 0.801391 -0.061844 -0.545819 -0.134361 -0.000429 -0.515826 0.046536 0.687382 0.485443 -0.232134 0.529417 -0.658899 0.378515 0.502185 -0.331026 0.943129 -0.869213 -0.193609 -0.833132 -0.022531 -0.794556 0.100741 0.410037 -0.033293 0.650876 0.432191 0.300081 0.829754 0.790968 -0.362016 0.746207 0.762762 -0.937976 0.616311 -0.497143 0.716387 0.354986 0.417335 -0.889636 -0.837600 0.060403 -0.721235 0.932317 0.847946 -0.413710 -0.365442 -0.585031 -0.428450 0.600524 -0.294529 0.241926 -0.127002 0.350013 0.729391 -0.404951 0.988308 0.592223 0.949947 0.531461 0.858583 -0.984856 0.753532 -0.958112 0.834065 -0.408290 0.949435 0.972558 -0.639135 -0.389915 -0.264444 0.957637 -0.437369 0.660782 -0.354731 0.135058 0.036055 -0.660229 -0.241605 0.724393 0.874092 -0.816152 0.624509 0.987449 0.680615 -0.760370 -0.525653 0.769037 -0.260271 0.612225 0.960266 0.015926 -0.856275 ]
step 111/128
Layer output: [ -0.842675 0.066937 0.300696 0.265074 0.301351 0.767390 -0.963876 -0.667221 -0.414887 -0.870859 0.415618 0.166978 0.927651 0.905442 0.296236 -0.384031 0.994874 -0.425032 -0.037799 0.828193 0.426209 0.962889 -0.779859 0.964807 0.862485 0.068001 0.777801 -0.198486 0.600559 -0.444214 0.361711 -0.688648 -0.544956 -0.401557 -0.804746 -0.846507 0.672331 0.065847 -0.569761 -0.444314 -0.161284 -0.284732 0.155748 0.732474 0.399213 -0.078694 0.274576 -0.741634 0.195687 0.253539 -0.145727 0.957389 -0.817322 -0.457083 -0.568545 0.204761 -0.496046 -0.118753 0.413240 -0.155594 0.276324 0.413502 -0.236525 0.880034 0.747047 -0.218342 0.702364 0.713492 -0.905851 0.407947 -0.673701 0.830733 0.531854 0.680276 -0.951557 -0.801771 0.097105 -0.609005 0.956620 0.752559 -0.215791 -0.623832 -0.590729 -0.662804 0.618102 -0.247862 0.851431 -0.382984 0.481895 0.775967 -0.581423 0.967679 0.701435 0.939059 0.736103 0.769416 -0.963545 0.765479 -0.966788 0.856751 -0.726534 0.948245 0.982022 -0.813300 -0.718532 0.284433 0.959273 -0.655550 0.527814 -0.165836 0.305994 0.439048 -0.520074 -0.389751 0.661290 0.903690 -0.829001 0.369577 0.990947 0.852158 -0.590360 -0.676806 0.790549 -0.407989 0.476833 0.972431 0.261795 -0.860796 ]
step 112/128
Layer output: [ -0.852499 0.327930 -0.221833 0.038924 -0.201264 0.857498 -0.953288 -0.702012 -0.632697 -0.676683 0.595163 0.772969 0.925763 0.954219 0.272903 -0.146823 0.981115 -0.309183 -0.080425 0.911680 -0.140182 0.825258 -0.343812 0.950060 0.789884 0.074288 0.877828 -0.572579 0.688310 -0.557873 -0.205187 -0.875195 -0.779548 0.004863 -0.885001 -0.866940 0.936950 -0.516188 -0.471251 -0.562162 0.271957 -0.051775 0.337018 0.611885 0.276584 0.208303 -0.024345 -0.278738 0.130393 0.459234 -0.439240 0.912333 -0.747170 0.427760 -0.611457 0.131583 -0.807701 -0.069043 -0.125582 -0.009674 0.091112 0.402081 -0.123357 0.820122 0.731920 -0.333709 0.621539 0.790296 -0.769422 0.379392 -0.511553 0.216174 0.605930 0.419493 -0.929050 -0.530980 -0.066200 -0.612982 0.933093 0.822253 -0.251850 -0.574840 -0.783032 -0.396297 0.525701 -0.638627 0.525043 -0.138075 0.711750 0.598317 -0.625033 0.903869 0.562273 0.914533 0.754563 0.632897 -0.955085 0.633311 -0.843638 0.705150 -0.516983 0.971504 0.947857 -0.724519 -0.862780 0.161878 0.951677 -0.640522 0.508524 -0.473772 0.317608 0.175535 -0.690432 -0.001544 0.320915 0.965405 -0.912176 0.462504 0.990175 0.665316 -0.693204 -0.859798 0.857636 -0.334336 0.493983 0.956680 -0.083617 -0.598762 ]
step 113/128
Layer output: [ -0.787338 -0.378514 -0.131231 0.053575 0.002127 0.765331 -0.954892 -0.684887 -0.759476 -0.592885 0.477551 0.279338 0.897622 0.959761 0.030398 -0.218907 0.983147 -0.365806 -0.207252 0.846478 0.195227 0.899960 -0.430770 0.903489 0.774919 0.191197 0.923166 -0.426831 0.780771 -0.389112 0.125442 -0.957618 -0.759405 -0.476076 -0.744663 -0.805309 0.885453 -0.624857 -0.387804 0.279060 0.080739 -0.376815 0.324018 0.618846 0.081119 0.556902 -0.090940 -0.685297 -0.247105 0.225371 -0.233018 0.960573 -0.875700 0.030591 -0.733520 -0.208479 -0.798962 -0.380499 0.041110 -0.156378 0.284007 0.029657 -0.069725 0.803096 0.694090 -0.576642 0.803685 0.758045 -0.903247 0.466382 -0.767980 0.301184 0.281254 0.468734 -0.901037 -0.582324 0.554966 -0.653902 0.957449 0.934447 -0.074863 -0.421550 -0.767369 -0.618352 0.468644 -0.482773 0.543535 -0.095807 0.601661 0.440441 -0.700059 0.956671 0.613598 0.954075 0.837542 0.747523 -0.897371 0.432552 -0.900399 0.769886 -0.841464 0.986253 0.965912 -0.762445 -0.590790 0.461900 0.933454 -0.776073 0.612932 -0.558250 -0.036423 0.234990 -0.563336 -0.094632 0.588267 0.783926 -0.813732 0.148211 0.963721 0.558953 -0.775880 -0.879032 0.808853 -0.341813 0.514339 0.985265 -0.215626 -0.884412 ]
step 114/128
Layer output: [ -0.767720 -0.121913 0.107963 -0.424547 0.141501 0.691502 -0.967574 -0.745379 -0.643966 -0.736072 0.449245 0.143449 0.817666 0.981400 0.154416 -0.299658 0.985618 -0.306528 -0.273366 0.785087 -0.132246 0.926760 -0.213428 0.934169 0.845385 0.105473 0.819928 -0.298810 0.886485 -0.476536 0.131638 -0.886150 -0.732331 -0.568900 -0.739296 -0.808454 0.943454 -0.220774 -0.626424 -0.461171 0.393614 -0.193083 0.265306 0.187006 0.219936 0.205178 0.184861 -0.558113 0.138383 0.556747 -0.148029 0.924637 -0.933126 -0.141745 -0.805565 -0.168552 -0.926190 0.188732 0.472688 -0.656262 0.349327 0.477364 -0.377963 0.832705 0.733920 -0.604690 0.687151 0.542731 -0.861515 0.736327 -0.862941 0.321499 0.338462 0.703589 -0.967614 -0.673132 0.388136 -0.506670 0.947065 0.567400 -0.234863 -0.450020 -0.780662 -0.484980 0.252213 -0.556372 0.397628 0.056454 0.728386 0.548493 -0.789115 0.971185 0.773978 0.888064 0.820781 0.802799 -0.920664 0.581779 -0.930384 0.829847 -0.539718 0.986787 0.981473 -0.515813 -0.704602 -0.058046 0.954187 -0.640940 0.651253 -0.389905 0.406850 0.397392 -0.388108 -0.317768 0.646908 0.851480 -0.571987 0.430696 0.983988 0.706573 -0.748903 -0.697628 0.644248 -0.221526 0.351506 0.966546 -0.295670 -0.904827 ]
step 115/128
Layer output: [ -0.806674 0.276865 0.682034 -0.191708 0.590630 0.664166 -0.958080 -0.789896 0.029731 -0.691518 0.359840 0.344542 0.886168 0.963237 -0.007933 0.107833 0.989883 -0.343623 0.365757 0.745916 0.291475 0.927913 -0.813905 0.962249 0.912996 0.082914 0.740349 -0.145881 0.569351 -0.574660 0.361377 -0.801145 -0.641077 -0.430170 -0.862928 -0.770346 0.936777 0.139316 -0.294059 -0.146566 -0.077169 -0.323485 0.458709 0.526298 0.018411 -0.062398 -0.098088 -0.722522 0.368138 0.299660 0.010499 0.985005 -0.801402 -0.290722 -0.865340 0.031096 -0.743074 0.131599 0.269479 0.059289 0.489650 0.775298 0.157257 0.759996 0.745727 -0.631213 0.716685 0.805832 -0.947314 0.219524 -0.597855 0.322368 -0.460201 0.580896 -0.940788 -0.809575 0.061672 -0.601365 0.954515 0.705112 0.072644 -0.594098 -0.295075 -0.445440 0.753403 -0.500395 0.226382 -0.116750 0.754837 0.693922 -0.763279 0.984114 0.846153 0.939830 0.706872 0.804350 -0.883401 -0.030682 -0.960394 0.821004 -0.640311 0.939522 0.954517 -0.805345 -0.531730 0.079317 0.974216 -0.383004 0.400607 -0.399278 -0.204223 -0.170433 -0.645963 0.192599 0.289994 0.915258 -0.813268 0.441078 0.984706 0.817945 -0.785923 -0.722474 0.802319 -0.441880 0.308346 0.961598 -0.389021 -0.835024 ]
step 116/128
Layer output: [ -0.779414 0.235075 0.278201 -0.366692 0.313360 0.767345 -0.903486 -0.305043 0.238419 -0.707409 0.143793 0.526668 0.839149 0.893847 -0.079660 -0.262416 0.985039 -0.053642 0.345968 0.631322 0.544515 0.954557 -0.738029 0.977563 0.924707 0.176692 0.852219 0.129426 0.638463 -0.817778 0.476811 -0.826557 -0.761832 -0.276260 -0.817419 -0.867765 0.691852 -0.058105 0.149623 -0.060305 -0.203887 0.003302 0.493483 0.750139 0.468587 0.211483 0.405643 -0.864029 0.205273 0.482157 -0.240967 0.965532 -0.845012 -0.046267 -0.558172 -0.297071 -0.660325 0.271412 0.286942 -0.506734 0.388931 0.284077 -0.125309 0.749801 0.683412 -0.556192 0.798384 0.657213 -0.881269 0.693269 -0.799103 0.835231 0.115947 0.763644 -0.939588 -0.909154 0.192951 -0.731162 0.889283 0.854559 -0.518567 -0.383178 0.084633 -0.002614 0.638362 0.136554 0.441226 0.099868 0.519038 0.434143 -0.669227 0.953068 0.804817 0.972991 0.614067 0.807128 -0.923708 0.682788 -0.966319 0.879276 -0.458603 0.906748 0.944603 -0.839203 -0.648450 0.065990 0.930416 -0.274257 0.646822 -0.241613 -0.171819 0.041946 -0.338997 0.120624 0.359203 0.864236 -0.630000 0.563659 0.988612 0.876787 -0.423124 -0.346621 0.607820 -0.638856 0.096665 0.978404 0.301248 -0.884534 ]
step 117/128
Layer output: [ -0.894781 0.138228 -0.137323 -0.440470 -0.004120 0.667465 -0.931071 -0.681860 -0.086534 -0.470866 0.550625 0.068936 0.926312 0.921717 0.223990 0.090550 0.980515 -0.395992 0.346865 0.836018 0.402008 0.875922 -0.808732 0.958459 0.927536 0.515138 0.720282 -0.242321 0.615073 -0.628677 0.541694 -0.873266 -0.715678 -0.303879 -0.822632 -0.876069 0.936223 -0.065266 -0.422433 0.124183 -0.525243 -0.366720 0.197910 0.759478 0.120657 -0.183083 0.317623 -0.456210 0.376151 0.405862 -0.143440 0.975496 -0.867102 -0.220314 -0.654575 0.052337 -0.337254 0.410824 0.294373 -0.059777 0.606017 0.450357 0.301322 0.699421 0.672265 -0.660465 0.673552 0.618778 -0.893203 0.112614 -0.568457 0.263256 0.141676 0.755457 -0.910918 -0.778993 0.107472 -0.637702 0.782946 0.810319 -0.115011 -0.574362 -0.650777 -0.634446 0.501364 -0.267869 0.382594 -0.181399 0.693348 0.403696 -0.621764 0.976833 0.675632 0.913746 0.552456 0.536360 -0.894731 0.634776 -0.948203 0.793492 -0.619269 0.871790 0.934001 -0.560885 -0.384539 0.136068 0.973446 -0.341074 0.354481 -0.430907 0.240035 0.139553 -0.552280 -0.076933 0.621451 0.894266 -0.521690 0.603413 0.985145 0.671704 -0.691914 -0.684880 0.739067 -0.668903 0.370632 0.952719 -0.250978 -0.782214 ]
step 118/128
Layer output: [ -0.753261 0.063068 0.202851 -0.513775 0.254830 0.840711 -0.919999 -0.686791 -0.205555 -0.768025 0.464776 0.430625 0.913426 0.928680 0.344126 0.177113 0.987199 -0.173905 0.219358 0.768248 0.419438 0.925480 -0.881275 0.901496 0.895251 -0.030235 0.812367 -0.162027 0.407339 -0.551034 0.360245 -0.783194 -0.575391 -0.391443 -0.755600 -0.876180 0.919345 0.059271 -0.715403 0.209807 -0.294208 -0.069579 -0.011083 0.677572 0.294806 0.203799 0.006572 -0.810017 0.268478 0.461937 -0.353845 0.958243 -0.940615 0.042443 -0.794054 -0.404036 -0.658710 0.133777 0.109383 -0.012177 0.560532 -0.075681 -0.107652 0.819048 0.558119 -0.433757 0.804279 0.636772 -0.831666 -0.422470 -0.694723 0.398931 0.192957 0.744623 -0.949134 -0.885575 -0.353996 -0.588706 0.855436 0.828267 0.146226 -0.194555 -0.358671 -0.487664 0.264117 0.130562 0.371334 -0.182454 0.529232 0.463708 -0.814996 0.969166 0.812739 0.946367 0.524308 0.716008 -0.954435 0.687942 -0.957139 0.908019 -0.670116 0.932512 0.917638 -0.730267 -0.559725 -0.222257 0.963415 -0.465136 0.266567 -0.619701 -0.044614 0.489851 -0.720560 -0.467616 0.712185 0.939503 -0.697196 0.242675 0.980418 0.735325 -0.556956 -0.420307 0.226970 -0.634224 0.182725 0.954446 0.034118 -0.823092 ]
step 119/128
Layer output: [ -0.815657 0.002394 -0.033164 -0.505415 0.313218 0.443556 -0.946339 -0.528425 0.232808 -0.818979 0.470971 0.612723 0.917715 0.927527 -0.159379 -0.231357 0.991302 -0.361528 -0.034820 0.619483 0.355581 0.861076 -0.810158 0.947574 0.905394 0.162529 0.732361 -0.430134 0.763408 -0.735944 0.348231 -0.711814 0.264676 -0.659269 -0.735164 -0.819106 0.914343 -0.438802 -0.651151 0.199416 -0.461365 -0.599543 0.246770 0.669118 0.257914 -0.393878 -0.152308 -0.806367 0.296473 0.312175 -0.151882 0.953069 -0.743915 0.113873 -0.814000 -0.182135 -0.666440 0.114711 0.372256 -0.552948 0.498240 0.359692 -0.409650 0.689125 0.503564 -0.063062 0.776632 0.773478 -0.906218 0.012827 -0.722652 0.595546 -0.142248 0.665184 -0.910943 -0.842692 0.036081 -0.647027 0.940776 0.856337 0.087286 -0.537092 -0.680305 -0.039738 0.483269 -0.326452 0.184490 0.042229 0.690038 0.791111 -0.755195 0.983036 0.899344 0.971355 0.329583 0.840747 -0.945329 0.670390 -0.937449 0.690630 -0.421167 0.976776 0.981452 -0.648045 -0.694823 -0.286821 0.960472 -0.355861 0.282782 -0.107342 -0.026042 0.142435 -0.437325 -0.147949 0.794724 0.914686 -0.686040 0.594272 0.975648 0.402250 -0.425789 -0.583382 0.769416 -0.675766 0.135255 0.975510 -0.454078 -0.920078 ]
step 120/128
Layer output: [ -0.913103 -0.033179 0.114675 -0.335355 0.001893 0.265511 -0.941382 -0.367587 0.094713 -0.743340 0.495001 0.701554 0.941324 0.877981 0.217601 -0.107921 0.990134 -0.124661 -0.235628 0.623362 0.232548 0.883304 -0.772091 0.942031 0.842891 0.015183 0.811576 -0.623374 0.872229 -0.716453 -0.007150 -0.827495 -0.076179 -0.006288 -0.700208 -0.867295 0.887852 -0.424494 -0.370336 -0.091722 -0.474690 -0.074452 -0.013597 0.551403 0.292244 -0.138821 0.215437 -0.768188 -0.057848 0.154321 -0.151202 0.967408 -0.771951 0.307996 -0.526956 -0.205641 -0.797698 0.063584 0.297837 -0.273392 0.754353 0.574488 -0.424805 0.834645 0.241361 0.035058 0.678043 0.678700 -0.894314 -0.437252 -0.576336 0.589777 0.131052 0.817769 -0.886713 -0.619034 0.429936 -0.839084 0.941062 0.816853 0.153838 -0.767486 -0.585604 -0.394715 0.334513 -0.416471 0.462733 0.184402 0.646762 0.792072 -0.873794 0.970630 0.824008 0.969455 0.622515 0.725482 -0.982052 0.098509 -0.932989 0.718101 -0.149869 0.954346 0.986483 -0.368532 -0.705114 0.541157 0.942927 -0.091647 0.654062 -0.409063 0.055906 0.062015 -0.677769 0.228683 0.656180 0.920110 -0.688593 0.295908 0.981965 0.788857 -0.725244 -0.418212 0.695572 -0.583794 0.528128 0.958253 -0.333787 -0.724567 ]
step 121/128
Layer output: [ -0.901927 -0.168960 0.198901 -0.353591 0.322183 0.648460 -0.919946 -0.560969 -0.127049 -0.829330 0.419095 0.723466 0.841979 0.896910 0.394277 0.208759 0.973634 -0.221122 0.130894 0.670351 0.304198 0.825969 -0.833902 0.993053 0.887069 0.530573 0.660137 -0.352672 0.703031 -0.144351 -0.037531 -0.908809 -0.548292 -0.531909 -0.704648 -0.842430 0.900898 0.083164 -0.290676 -0.064201 -0.014471 -0.178696 0.310232 0.557553 0.029348 -0.455988 0.394655 -0.774924 -0.012336 -0.074322 0.002061 0.976267 -0.896525 0.251890 -0.818566 -0.384870 -0.815488 0.192151 0.420142 -0.264854 0.520404 0.542993 -0.086828 0.704031 0.709954 -0.190156 0.716292 0.763677 -0.577661 0.054637 -0.788128 0.340150 -0.390445 0.816752 -0.955653 -0.689513 0.366290 -0.612915 0.929760 0.772641 0.368953 -0.527454 -0.492312 -0.426860 0.703881 0.071179 0.435016 0.054856 0.570837 0.708833 -0.720641 0.971639 0.814766 0.947895 0.464245 0.767334 -0.967714 0.253072 -0.962939 0.900920 -0.335184 0.905210 0.965555 -0.533674 -0.845541 0.300948 0.943364 0.030104 0.400756 -0.328349 0.410042 0.023520 -0.718058 -0.393211 0.639216 0.938829 -0.753192 0.236167 0.983389 0.439497 -0.741290 -0.602719 0.519527 -0.481380 0.628306 0.913102 -0.417090 -0.754432 ]
step 122/128
Layer output: [ -0.706992 0.113502 -0.055052 -0.424956 -0.061880 0.869253 -0.910296 -0.478657 0.017902 -0.836727 0.468720 0.372293 0.933676 0.952227 -0.041978 -0.043707 0.983889 0.048451 0.543818 0.517111 0.320792 0.920839 -0.788577 0.972536 0.960742 0.156985 0.606735 -0.036675 0.784623 -0.289497 0.355215 -0.852637 -0.555537 0.083929 -0.515781 -0.802317 0.912624 -0.125959 -0.280830 -0.140801 -0.153837 -0.254137 0.493389 0.700388 0.236565 0.113826 0.512238 -0.732047 0.401919 0.509288 0.185760 0.963530 -0.814204 -0.001743 -0.792249 -0.142458 -0.784303 0.598556 0.200910 -0.382294 0.595878 0.478213 0.238563 0.859770 0.775631 -0.403972 0.581679 0.751690 -0.799672 0.494788 -0.753310 0.232025 -0.261581 0.774446 -0.922807 -0.697828 -0.179356 -0.613627 0.889148 0.632158 0.079537 -0.275937 -0.334947 -0.262708 0.463221 0.155067 0.212289 -0.269428 0.533148 0.514237 -0.819318 0.980906 0.643822 0.920268 0.117202 0.689389 -0.925869 0.504412 -0.946980 0.815319 -0.472596 0.890830 0.959663 -0.219655 -0.681960 0.470982 0.955508 -0.475136 0.569079 -0.111697 0.086929 0.033518 -0.328774 -0.470984 0.332441 0.929898 -0.686220 0.648040 0.984984 0.203724 -0.757635 -0.710235 0.445119 -0.386872 0.506192 0.929073 -0.231194 -0.886124 ]
step 123/128
Layer output: [ -0.687898 0.050648 0.042787 -0.254068 -0.281127 0.636691 -0.926231 -0.482819 0.042599 -0.712290 0.176076 0.582525 0.922171 0.917746 -0.005825 -0.271700 0.992315 -0.252175 0.282266 0.569559 0.224974 0.964115 -0.809456 0.965949 0.888379 -0.040862 0.823976 0.078914 0.880608 -0.756561 0.235035 -0.894890 -0.698132 -0.358384 -0.693689 -0.827543 0.851639 -0.466962 -0.289483 -0.147197 -0.287805 0.089154 0.229714 0.644091 -0.122344 0.467281 0.393466 -0.927775 0.286331 0.162922 0.353223 0.960903 -0.869987 0.219815 -0.753288 -0.298909 -0.664571 0.364117 0.100351 -0.325657 0.313226 0.049100 -0.048171 0.770691 0.763632 -0.434269 0.651095 0.656868 -0.886098 0.509856 -0.808176 0.553820 -0.444506 0.725855 -0.864521 -0.681260 0.531540 -0.636111 0.956594 0.643780 -0.102008 -0.299797 -0.091567 -0.239389 0.554479 -0.063360 -0.250762 -0.214570 0.460131 0.415632 -0.696085 0.959099 0.701035 0.848178 0.600533 0.865403 -0.915677 0.489627 -0.942317 0.857412 -0.566404 0.939098 0.963927 -0.318478 -0.542800 0.404266 0.917056 -0.497507 0.803753 -0.626722 0.164002 -0.094909 -0.520526 -0.255419 0.274365 0.927826 -0.794858 0.340803 0.975733 0.695494 -0.649854 -0.791848 0.414616 -0.253410 0.399175 0.949176 -0.217679 -0.919418 ]
step 124/128
Layer output: [ -0.880886 0.043459 -0.220367 -0.399860 0.008860 0.590909 -0.960166 -0.718542 0.368144 -0.775006 0.141147 0.526048 0.855464 0.948183 -0.072702 -0.398697 0.989234 -0.262074 0.189663 0.697225 0.572436 0.923739 -0.805482 0.972280 0.850347 0.251164 0.876013 -0.227038 0.866678 -0.789245 0.447543 -0.815010 -0.406152 -0.616481 -0.774152 -0.546835 0.839414 -0.249073 -0.147854 0.240230 -0.270130 -0.372313 0.166335 0.586778 0.077042 0.155761 0.481157 -0.799071 0.454117 0.165831 0.404285 0.930626 -0.747316 -0.175438 -0.622314 -0.262063 -0.434294 0.679656 0.058356 -0.270582 0.446723 0.429679 0.287493 0.888426 0.695379 -0.244791 0.564976 0.502828 -0.944523 0.775705 -0.624245 0.551373 0.057814 0.678438 -0.885803 -0.766356 0.436038 -0.659529 0.935863 0.698605 -0.423291 -0.392639 -0.171872 -0.213923 0.665357 0.035759 0.119775 -0.084421 0.531424 0.467251 -0.596632 0.983993 0.645059 0.858338 0.609520 0.823983 -0.842977 0.713018 -0.905409 0.803450 -0.479725 0.924187 0.984596 -0.520844 -0.548185 0.022719 0.962387 -0.218786 0.773715 -0.364670 -0.012485 -0.206364 -0.696246 -0.258803 0.441869 0.872563 -0.759689 0.473315 0.976337 0.743526 -0.671586 -0.774387 0.521333 -0.183756 0.593830 0.977785 -0.177206 -0.790246 ]
step 125/128
Layer output: [ -0.889385 0.298125 -0.027206 -0.288718 0.129443 0.751355 -0.949547 -0.421581 0.261360 -0.776700 0.281341 0.576175 0.826797 0.938535 0.315494 -0.404249 0.985589 -0.163184 0.247227 0.771508 0.539582 0.913399 -0.742477 0.972975 0.901943 0.247659 0.852870 -0.443458 0.701136 -0.645339 0.375012 -0.822698 -0.695399 -0.665252 -0.892587 -0.654568 0.934435 -0.456974 0.003576 0.027701 -0.355342 -0.389165 0.178169 0.690696 -0.045612 0.467321 0.224989 -0.752792 0.117016 0.542791 0.158287 0.973383 -0.883530 0.118968 -0.715730 -0.425756 -0.719703 0.376068 0.402290 -0.087426 0.686137 0.136153 0.024217 0.839841 0.731696 -0.528935 0.916174 0.642479 -0.882192 0.700530 -0.658646 0.564979 0.129900 0.782155 -0.891865 -0.831367 0.314751 -0.694457 0.939960 0.749933 -0.441372 -0.333024 -0.427417 -0.579617 0.650858 -0.106334 0.160020 -0.076511 0.381215 0.130471 -0.829489 0.973161 0.677107 0.927900 0.594603 0.842084 -0.843448 0.817040 -0.906464 0.839888 -0.632574 0.947894 0.987510 -0.692163 -0.677357 0.013794 0.922245 -0.694529 0.653482 -0.501683 -0.339369 0.105052 -0.691161 0.068141 0.290367 0.884163 -0.750633 0.579915 0.971942 0.596735 -0.713724 -0.776511 0.814225 -0.340030 0.111212 0.949618 -0.208694 -0.835670 ]
step 126/128
Layer output: [ -0.859659 -0.004244 -0.098231 -0.327426 -0.391305 0.898091 -0.973037 -0.779086 0.019816 -0.741353 0.453890 0.347473 0.847924 0.898082 0.404309 -0.185564 0.983930 -0.070075 -0.202416 0.735000 0.345737 0.958475 -0.609495 0.940415 0.862084 -0.027173 0.823402 -0.181342 0.758761 -0.599889 0.308798 -0.853781 -0.320975 -0.389729 -0.914790 -0.767177 0.882369 -0.565183 -0.383420 -0.060711 -0.390202 -0.541542 -0.051159 0.631127 0.205739 0.417328 0.454144 -0.648085 0.365196 0.490883 -0.234804 0.971239 -0.906129 -0.495436 -0.642076 -0.172469 -0.510072 0.283835 0.405889 -0.358257 0.592048 0.105873 -0.234857 0.895902 0.704855 -0.342416 0.716117 0.725012 -0.898084 0.218894 -0.485079 0.515821 0.180049 0.792613 -0.905416 -0.783957 0.305026 -0.716893 0.874538 0.802050 -0.317437 -0.451813 -0.284310 -0.744545 0.573791 0.022745 0.305466 -0.305909 0.245246 0.381893 -0.745759 0.975602 0.683569 0.920970 0.619153 0.752127 -0.929759 0.713524 -0.881730 0.804955 -0.544313 0.935774 0.943474 -0.848275 -0.667845 0.157051 0.962215 -0.695764 0.722682 -0.481387 0.101580 0.375248 -0.572546 -0.024472 0.520616 0.935847 -0.784199 0.317442 0.975058 0.571072 -0.250496 -0.761178 0.774220 -0.277411 0.534105 0.950228 -0.229236 -0.907331 ]
step 127/128
Layer output: [ -0.928883 0.016458 -0.229717 -0.084709 -0.420667 0.770271 -0.939579 -0.833941 0.127391 -0.732259 0.418893 0.468077 0.822060 0.904235 0.354665 0.006559 0.981103 -0.213991 -0.479533 0.840070 0.461585 0.966482 -0.763046 0.978150 0.850734 -0.411915 0.836881 -0.301036 0.878917 -0.433972 0.331909 -0.547673 -0.349276 -0.733202 -0.884726 -0.899199 0.874476 -0.049682 -0.224451 0.091155 -0.310167 0.233099 -0.008274 0.743714 0.038056 0.207822 0.085912 -0.868130 0.485863 0.284736 0.218419 0.964345 -0.948742 -0.019815 -0.743338 -0.333455 -0.544702 0.239292 0.212704 0.251729 0.482258 0.322137 -0.289376 0.916241 0.770758 -0.105639 0.787181 0.449608 -0.795735 0.401420 -0.647655 0.739394 -0.060737 0.826878 -0.921411 -0.805618 0.405759 -0.825028 0.936591 0.807627 -0.103631 -0.321347 -0.454177 -0.373067 0.672859 -0.445147 0.528718 -0.118215 0.532941 0.731055 -0.867012 0.974606 0.603801 0.933492 0.650362 0.789494 -0.914336 0.581638 -0.905474 0.803738 -0.760785 0.963506 0.972519 -0.785716 -0.485315 -0.211649 0.960319 -0.243176 0.861868 -0.483424 0.241873 0.377017 -0.437558 -0.304178 0.631626 0.827962 -0.769302 0.315064 0.992265 0.780717 -0.236475 -0.603574 0.681477 -0.161940 0.350602 0.964283 -0.340733 -0.933429 ]
step 128/128
Layer output: [ -0.857121 -0.129935 -0.203501 -0.495756 -0.009665 0.682283 -0.976017 -0.542058 -0.201644 -0.765650 0.456301 0.083497 0.785383 0.956541 0.223029 -0.189160 0.992841 -0.407780 0.040174 0.819643 0.386896 0.922498 -0.898214 0.963935 0.907019 0.086929 0.835637 -0.057368 0.850213 -0.610956 0.123107 -0.858510 -0.471598 -0.614328 -0.800116 -0.814868 0.828908 -0.152084 -0.376539 0.101311 -0.239550 -0.422701 -0.009751 0.713462 0.159171 0.068389 0.238432 -0.898640 0.250858 0.192701 0.249252 0.965317 -0.868533 0.333553 -0.791343 -0.320349 -0.590629 0.506653 0.398823 -0.477859 0.358692 0.520234 -0.057065 0.843061 0.763471 -0.583967 0.583614 0.671872 -0.872639 0.234733 -0.748972 0.785359 -0.006683 0.691015 -0.914637 -0.837606 0.182313 -0.790192 0.938142 0.871651 0.038634 -0.562954 -0.279273 -0.344322 0.354740 -0.443302 0.259216 -0.142077 0.666409 0.536938 -0.865424 0.961849 0.769011 0.934103 0.513656 0.834346 -0.946173 0.708524 -0.929973 0.825260 -0.753827 0.940709 0.977376 -0.557709 -0.567662 0.023775 0.967541 -0.433058 0.727873 -0.645054 0.229798 -0.030613 -0.644586 -0.122321 0.531319 0.893438 -0.714966 0.415476 0.979163 0.603763 -0.547438 -0.588913 0.215887 -0.449672 0.022823 0.942214 -0.206875 -0.885717 ]
Final Layer Result for RNN [ -0.857121 -0.129935 -0.203501 -0.495756 -0.009665 0.682283 -0.976017 -0.542058 -0.201644 -0.765650 0.456301 0.083497 0.785383 0.956541 0.223029 -0.189160 0.992841 -0.407780 0.040174 0.819643 0.386896 0.922498 -0.898214 0.963935 0.907019 0.086929 0.835637 -0.057368 0.850213 -0.610956 0.123107 -0.858510 -0.471598 -0.614328 -0.800116 -0.814868 0.828908 -0.152084 -0.376539 0.101311 -0.239550 -0.422701 -0.009751 0.713462 0.159171 0.068389 0.238432 -0.898640 0.250858 0.192701 0.249252 0.965317 -0.868533 0.333553 -0.791343 -0.320349 -0.590629 0.506653 0.398823 -0.477859 0.358692 0.520234 -0.057065 0.843061 0.763471 -0.583967 0.583614 0.671872 -0.872639 0.234733 -0.748972 0.785359 -0.006683 0.691015 -0.914637 -0.837606 0.182313 -0.790192 0.938142 0.871651 0.038634 -0.562954 -0.279273 -0.344322 0.354740 -0.443302 0.259216 -0.142077 0.666409 0.536938 -0.865424 0.961849 0.769011 0.934103 0.513656 0.834346 -0.946173 0.708524 -0.929973 0.825260 -0.753827 0.940709 0.977376 -0.557709 -0.567662 0.023775 0.967541 -0.433058 0.727873 -0.645054 0.229798 -0.030613 -0.644586 -0.122321 0.531319 0.893438 -0.714966 0.415476 0.979163 0.603763 -0.547438 -0.588913 0.215887 -0.449672 0.022823 0.942214 -0.206875 -0.885717 ]
Output1 0.961384 and sigmoid 0.723399 Output2 -1.278697 and sigmoid 0.217772

gt: 1.000000 ref out: [0.425334 ,0.529657]ppsa out: [0.723399 ,0.217772]
ref accuracy:	1/	1	100.000000%
fhe accuracy:	0/	1	0.000000%
Hello world
Command exited with non-zero status 1
430.43user 0.09system 7:10.55elapsed 99%CPU (0avgtext+0avgdata 182836maxresident)k
0inputs+816outputs (0major+43752minor)pagefaults 0swaps
