Hello Word 95

Matrix formation 
Finished matrix multiplication 1
Finished matrix multiplication Fully Connected Layer
Result vector:
Coefficients for hidden layer 
Coefficients for FC Layer 
Hidden variables
FC variables
128 number of outputs for hidden
256 number of terms for hidden
2 number of output for FC
128 number of terms for FC 
-1.086931 -1.212464 -3.967285 -1.196176 0.218334 -0.227886 -0.248995 1.649906 0.585132 0.066250 0.422848 0.095589 -1.015480 -0.285039 0.841525 -1.028681 0.887804 -0.067568 -0.480825 0.382259 -1.662524 -0.425088 1.472979 1.317787 0.304223 -0.953081 0.562138 0.123586 -0.631792 -0.524714 -1.046445 0.153613 -2.562116 -0.097140 0.903964 -0.709253 0.745966 0.467052 -1.863154 0.067677 0.909429 0.768045 0.654957 -1.261806 -0.907105 -2.361697 -0.196935 0.040747 -0.132887 0.909241 1.779659 1.261061 0.240669 -0.327058 -0.104184 -2.522072 0.496666 -0.163540 -0.628036 1.627551 -0.543868 -0.364183 -0.197065 -1.424955 -0.289978 1.855122 -0.249440 -0.213839 -0.555153 -0.966599 -0.615341 -1.848512 1.305316 0.338763 -1.742877 -0.722157 0.042105 0.855048 2.811002 0.135708 1.631895 2.050178 1.287511 1.748402 -0.056300 -0.065177 -0.719619 1.025738 1.531891 -0.828919 1.116586 -0.131699 -0.767981 0.450692 0.486624 1.899456 -0.923403 0.471272 -0.021062 -0.546405 -0.497213 -0.454108 0.871591 0.213840 -1.139688 -1.381305 -0.325624 1.678504 0.189813 -0.301151 -0.064631 1.149754 0.795916 -1.115849 -0.943212 1.116415 -0.767742 -1.357184 0.337805 -0.423949 -1.377801 1.537618 -0.416266 -0.786474 0.716814 -0.835764 -2.349488 1.471424
First value: -1.086931

step 0/128
Layer output: [ 0.000000 -0.941118 -0.303962 -0.206406 0.284492 0.104359 0.824278 -0.978835 -0.001147 0.018226 -0.695565 0.243300 0.721319 0.840231 0.954858 0.257120 -0.701910 0.990724 -0.118976 -0.198940 0.702405 0.632167 0.928356 -0.365858 0.979700 0.842240 0.401776 0.924808 -0.045602 0.836682 -0.885990 0.067593 -0.939677 -0.419824 -0.070431 -0.804189 -0.924350 0.856436 -0.448282 -0.310238 0.255006 0.573372 -0.495656 0.349183 0.802104 0.228097 0.167933 0.183378 -0.786262 0.390053 0.250338 -0.473971 0.972126 -0.913216 0.073437 -0.497369 -0.243703 -0.632203 0.190534 0.214114 -0.241358 0.214091 0.078238 0.022329 0.830625 0.676902 -0.703090 0.589285 0.888630 -0.936220 0.723540 -0.550857 0.054578 0.128763 0.901973 -0.931986 -0.845429 -0.071784 -0.652186 0.826414 0.884676 -0.299466 -0.554429 -0.700502 -0.377073 0.612532 -0.268498 0.566336 0.033466 0.469594 0.106873 -0.662648 0.942503 0.775147 0.910682 0.516041 0.870610 -0.965129 0.802841 -0.882719 0.759377 -0.513577 0.985995 0.974419 -0.534155 -0.596431 0.309883 0.906797 -0.738289 0.622298 -0.628503 0.240804 0.349011 -0.807439 -0.219959 0.879284 0.946330 -0.839020 0.675478 0.986716 0.536189 -0.758936 -0.843469 0.833414 -0.427770 0.308731 0.982220 -0.141407 ]
step 1/128
Layer output: [ 0.000000 -0.897720 -0.306659 0.118208 -0.167889 0.149648 0.613837 -0.978796 -0.170967 -0.046742 -0.483769 0.658565 0.388252 0.822448 0.924242 -0.646791 -0.387734 0.987802 -0.474202 -0.436423 0.396024 -0.005128 0.891849 -0.890562 0.923349 0.989727 0.462215 0.620875 -0.260287 0.771364 -0.918075 0.494683 -0.897315 -0.723394 0.205785 -0.578370 -0.842708 0.894837 -0.133476 -0.358119 -0.428913 -0.358869 -0.669092 0.072059 0.759226 -0.383245 -0.350338 0.577472 -0.572797 0.718623 0.049215 -0.435641 0.966701 -0.891484 0.144435 -0.428004 -0.482083 -0.874372 0.603490 0.431897 -0.391451 -0.121870 0.614768 0.089836 0.616155 0.198044 -0.715883 0.532773 0.936255 -0.962647 0.458505 -0.750121 0.483331 0.455309 0.715179 -0.878733 -0.795664 -0.223883 -0.553824 0.625904 0.895590 0.133680 0.074773 -0.166315 0.065439 0.469071 -0.286836 0.217976 0.285394 0.033564 0.688280 -0.735133 0.979681 0.844553 0.974855 0.543484 0.783486 -0.845771 0.336669 -0.719153 0.835963 -0.236865 0.938834 0.977505 -0.612428 -0.618359 0.242484 0.844777 -0.211634 0.168208 0.490704 0.631139 -0.126145 -0.857246 -0.096039 0.772754 0.789670 -0.801781 0.299622 0.914376 -0.293869 -0.868786 -0.618633 0.581199 -0.267824 -0.248316 0.989846 0.148106 ]
step 2/128
Layer output: [ 0.000000 -0.919728 -0.081783 0.227304 -0.063722 0.124586 0.532071 -0.948426 0.221953 0.161849 -0.753094 0.416637 -0.135113 0.855753 0.848713 -0.409511 -0.101302 0.968662 -0.209823 -0.585904 0.802472 0.569570 0.921139 -0.751402 0.959491 0.749105 0.540038 0.788836 -0.011191 0.748545 -0.758545 -0.211943 -0.899055 -0.528562 0.061566 -0.652324 -0.838793 0.667727 -0.082748 0.053384 0.540072 -0.283671 -0.154100 -0.401286 0.813351 0.242293 0.649985 0.145469 -0.721798 0.540573 0.260935 -0.287889 0.904515 -0.849560 -0.090462 -0.325844 0.017233 -0.684923 0.544456 -0.263641 -0.553067 -0.329048 0.506829 0.511692 0.791772 0.644266 -0.093587 0.730393 0.729869 -0.892182 0.734959 -0.495219 0.309113 0.172001 0.899394 -0.798834 -0.859448 0.297884 -0.313010 0.829349 0.529035 0.073843 -0.491811 -0.077890 -0.331641 0.129640 -0.400319 0.257025 0.014239 0.532912 0.641059 -0.610029 0.910494 0.578593 0.973072 0.724572 0.857148 -0.943889 0.350073 -0.805163 0.733512 -0.586006 0.918993 0.974167 -0.490199 0.056888 0.039460 0.947849 -0.156489 0.587697 0.067775 0.482206 0.398008 -0.459348 0.027318 0.833568 0.737004 -0.777253 0.352943 0.954006 0.300923 -0.577859 -0.290620 0.539082 -0.345828 -0.006042 0.983913 0.030775 ]
step 3/128
Layer output: [ 0.000000 -0.869167 0.284258 0.128831 -0.144525 -0.482891 0.768491 -0.943165 0.397092 -0.260830 -0.507905 0.370633 -0.183309 0.903237 0.947231 -0.305374 -0.322825 0.972793 -0.120955 -0.375364 0.837104 0.472987 0.911386 -0.728894 0.989979 0.843887 0.158067 0.696728 0.089787 0.730486 -0.653305 0.283402 -0.848692 -0.845503 -0.465167 -0.803473 -0.900050 0.790453 -0.386395 0.047971 0.433190 0.183053 -0.346630 -0.046828 0.566172 0.378161 0.156303 0.380735 -0.659526 0.711513 0.265522 -0.829708 0.944402 -0.929449 -0.238115 -0.349767 0.214877 -0.713332 0.197130 -0.190758 -0.436479 -0.127552 0.195668 0.287913 0.405101 0.319211 -0.165042 0.448443 0.834687 -0.885307 0.550776 -0.800858 0.352151 0.539404 0.820114 -0.883784 -0.873427 0.020316 -0.470151 0.869383 0.787511 -0.308276 -0.828125 0.082911 -0.312630 0.193605 -0.547217 0.513069 -0.186924 0.580665 0.476084 -0.690321 0.960724 0.628775 0.990969 0.810115 0.765980 -0.950146 0.634464 -0.737049 0.862341 -0.510028 0.893564 0.964141 -0.481850 0.515960 0.404495 0.894588 -0.301104 0.701738 -0.709570 0.049501 0.473731 -0.538342 0.113973 0.734030 0.919745 -0.683675 0.228628 0.800999 -0.394013 -0.813099 -0.328865 0.326335 -0.288789 -0.196442 0.988606 -0.209949 ]
step 4/128
Layer output: [ 0.000000 -0.870646 -0.324924 -0.171676 0.063184 -0.673849 0.754344 -0.959637 0.295706 0.111283 -0.711544 0.194886 0.804809 0.886038 0.918899 0.049302 -0.160101 0.973871 -0.199727 -0.514378 0.731564 0.415593 0.882002 -0.510198 0.977445 0.903577 0.107609 0.882189 -0.154254 0.800408 -0.816459 0.182738 -0.905049 -0.578908 -0.370764 -0.778579 -0.909429 0.877017 -0.018890 -0.014880 -0.077778 0.422480 -0.237888 0.098209 0.344333 0.303426 0.594680 0.506490 -0.742877 0.430986 0.242374 -0.367561 0.887448 -0.873335 -0.358716 -0.593984 -0.521135 -0.686104 0.489559 0.239073 -0.645923 -0.134575 0.053712 0.141293 0.927347 0.609190 -0.150916 0.577308 0.769061 -0.921280 0.743725 -0.605371 -0.205407 0.173832 0.941426 -0.759025 -0.946733 0.394610 -0.847820 0.887536 0.129454 -0.068929 -0.719143 -0.552706 -0.388957 0.530790 -0.206508 0.433412 -0.487952 0.701677 0.696228 -0.709285 0.935062 0.620581 0.948869 0.655921 0.902745 -0.895806 0.219361 -0.842456 0.848272 -0.292808 0.958360 0.893934 -0.384378 -0.327679 0.533497 0.880403 0.127479 0.489378 -0.031191 0.371337 0.255193 -0.499815 0.076027 0.744468 0.841616 -0.705752 0.535523 0.984647 0.114557 -0.545804 -0.561241 0.556786 0.148944 -0.046592 0.989919 0.318259 ]
step 5/128
Layer output: [ 0.000000 -0.935037 0.002391 -0.077727 -0.058416 -0.319770 0.828587 -0.950656 0.293244 -0.192577 -0.658337 -0.267610 0.653622 0.737184 0.945830 -0.132218 -0.364982 0.989033 -0.413430 -0.726475 0.707358 0.220507 0.840798 -0.466865 0.955425 0.807347 0.578967 0.906896 -0.018772 0.923910 -0.702789 0.067846 -0.897393 -0.356308 0.059408 -0.792284 -0.892892 0.742661 -0.377774 0.500624 -0.071496 0.336104 -0.504189 0.583937 0.514853 0.023844 0.622405 0.637079 -0.591057 0.023352 -0.467474 -0.485240 0.938420 -0.719242 -0.174198 -0.497239 -0.076715 -0.802290 0.464411 0.412433 -0.333441 -0.456504 0.361974 0.517390 0.918350 0.647693 -0.105453 0.159140 0.901197 -0.953894 0.860107 -0.696950 -0.068774 0.247318 0.859485 -0.856403 -0.708529 0.319767 -0.600779 0.882941 0.739529 -0.388122 -0.616079 -0.323219 0.106761 0.436211 0.018615 0.684669 -0.409129 0.759233 0.819920 -0.303459 0.954086 0.481848 0.942765 0.598051 0.859937 -0.949885 -0.097526 -0.890158 0.737794 -0.149812 0.976472 0.932281 -0.509430 0.006148 0.633955 0.902107 -0.257956 0.745359 -0.199055 0.669358 -0.052597 -0.482953 0.719835 0.543969 0.908025 -0.694674 0.548258 0.987835 0.187570 -0.851379 -0.604926 0.153042 0.210895 0.264361 0.981073 -0.332754 ]
step 6/128
Layer output: [ 0.000000 -0.889226 -0.369579 -0.019752 0.427890 -0.105392 0.259778 -0.913783 -0.195723 0.410513 -0.805831 0.388165 0.328256 0.808689 0.851409 -0.409842 -0.457448 0.972809 -0.091097 -0.336469 0.706693 0.113264 0.908224 -0.525812 0.980296 0.869424 0.401406 0.905377 -0.481874 0.592577 -0.829641 -0.019301 -0.385328 -0.523530 -0.291675 -0.451038 -0.902615 0.874553 -0.300543 0.132811 0.285990 0.524198 -0.476614 -0.196578 0.614982 0.016218 0.020530 0.129704 -0.760838 0.184454 0.089682 -0.046699 0.916753 -0.620925 0.034366 -0.739799 -0.082843 -0.768911 0.525449 0.471583 -0.283407 0.071842 0.441515 -0.276531 0.839399 0.372992 -0.434972 0.623490 0.687802 -0.963706 0.556656 -0.676713 -0.336896 -0.023008 0.612166 -0.787143 -0.766688 0.556015 -0.467456 0.800245 0.887900 0.164342 -0.881971 -0.685935 -0.185689 0.561197 0.056638 0.394547 -0.188381 0.666636 0.624510 -0.725584 0.960367 0.714471 0.951167 0.704057 0.815991 -0.932465 0.518412 -0.843640 0.606080 -0.034262 0.983435 0.954745 -0.620554 -0.119072 -0.022022 0.861778 0.101509 0.455021 -0.520388 0.379026 0.006690 -0.597854 0.132055 0.786194 0.870542 -0.877819 0.858876 0.984373 0.471360 -0.756552 -0.829202 0.790109 0.051931 0.416418 0.973132 -0.223772 ]
step 7/128
Layer output: [ 0.000000 -0.926823 -0.518520 0.239900 -0.303688 -0.238939 0.457888 -0.965172 0.014602 -0.565375 -0.451555 0.435778 -0.030456 0.749198 0.933401 0.208019 -0.463605 0.992270 -0.267438 -0.296649 0.881418 0.331279 0.850763 -0.565503 0.960076 0.896209 0.311397 0.928373 -0.498394 0.818652 -0.701799 0.440499 -0.956055 -0.320145 -0.419835 -0.187250 -0.850562 0.931973 -0.385187 0.211337 0.194444 0.114270 -0.421368 -0.182833 0.549869 0.023680 0.413799 0.378302 -0.580910 0.651953 -0.281938 -0.077569 0.963318 -0.829400 -0.465823 -0.701981 -0.294408 -0.858507 0.611778 0.741042 -0.308786 0.034082 0.669427 0.251497 0.914534 0.572754 -0.424912 0.474699 0.848012 -0.871807 0.512937 -0.721968 -0.188067 0.322445 0.761145 -0.824277 -0.628035 -0.368235 -0.654952 0.923240 0.763125 0.013812 -0.592229 -0.730141 -0.426430 -0.162407 0.063877 0.458370 0.050869 0.453263 0.565950 -0.700822 0.936079 0.628840 0.920340 0.392516 0.902495 -0.865844 0.381172 -0.822206 0.811694 -0.610027 0.967069 0.933355 -0.426073 -0.150525 0.341673 0.919767 -0.213059 0.509159 -0.242550 0.340244 -0.123939 -0.646257 0.002353 0.539778 0.769454 -0.531087 0.610000 0.962847 0.083840 -0.721520 -0.698809 0.545887 0.094576 0.015211 0.982774 -0.654274 ]
step 8/128
Layer output: [ 0.000000 -0.738911 -0.481231 -0.048024 -0.032419 -0.446073 0.303832 -0.887736 -0.507790 -0.422649 -0.571051 0.762309 -0.131957 0.802497 0.955355 -0.520547 0.147797 0.990542 -0.214483 -0.536141 0.423001 0.668727 0.840245 -0.839117 0.923817 0.975600 -0.050199 0.850354 -0.354215 0.819308 -0.847912 0.301598 -0.794813 -0.396762 -0.362199 -0.741219 -0.907687 0.763067 0.025235 -0.067367 -0.082217 0.000382 -0.415616 0.427458 0.860933 0.077690 0.068686 0.469780 -0.827772 0.773456 0.357339 -0.388935 0.897431 -0.921227 0.149908 -0.556722 -0.420992 -0.686379 0.381335 0.091337 0.233074 0.318799 0.716463 0.207694 0.582609 0.378054 -0.519949 0.683639 0.676701 -0.945380 0.647945 -0.665045 0.417610 0.620751 0.867999 -0.841855 -0.487786 -0.120050 -0.706157 0.821206 0.869287 0.240563 -0.433750 -0.463948 -0.312251 0.114857 -0.431638 0.371606 0.247765 0.331112 0.763446 -0.558033 0.982201 0.805961 0.968341 0.361975 0.794431 -0.883161 0.433269 -0.680254 0.573260 -0.371334 0.940337 0.970739 -0.728343 -0.458297 -0.087022 0.823255 -0.251118 0.797396 -0.170829 0.407872 -0.075557 -0.431785 0.174846 0.635436 0.916949 -0.657035 0.539282 0.938725 0.531506 -0.758963 -0.721430 0.401490 -0.576472 -0.028009 0.991663 -0.127108 ]
step 9/128
Layer output: [ 0.000000 -0.916547 -0.628474 0.004362 -0.151314 -0.316052 0.756997 -0.941858 -0.515673 -0.462639 -0.815533 0.575421 -0.118873 0.904749 0.942127 -0.176940 -0.101351 0.979235 -0.622776 -0.728044 0.727767 0.417959 0.921749 -0.529388 0.950784 0.974044 0.122052 0.660309 -0.312580 0.772963 -0.374733 -0.295036 -0.846045 -0.294215 0.166966 -0.818265 -0.854530 0.894782 -0.020031 -0.158446 -0.409570 -0.110304 -0.119163 0.080215 0.772523 0.108655 0.489745 0.512529 -0.662734 0.747857 0.408854 -0.359076 0.943970 -0.894974 -0.539849 -0.494325 -0.281094 -0.916186 0.142809 -0.454386 -0.364220 0.111354 0.585087 0.231168 0.606359 0.763196 -0.450536 -0.092371 0.926316 -0.963743 0.420690 -0.182446 0.541841 0.510190 0.855715 -0.825390 -0.736091 0.236371 -0.683226 0.934001 0.403140 0.013103 -0.088597 -0.340415 -0.681334 -0.125415 -0.382188 -0.171331 0.238696 0.364475 0.808650 -0.805205 0.975703 0.729750 0.973524 0.566587 0.749280 -0.868839 0.491076 -0.807418 0.846672 -0.537431 0.908077 0.962605 -0.535100 -0.440457 0.416285 0.972649 -0.205886 0.616846 0.071454 0.467276 0.172567 -0.444385 -0.500056 0.805181 0.905291 -0.360929 0.343143 0.937708 0.572259 -0.765485 -0.482069 0.347086 -0.190951 -0.078859 0.981437 -0.195864 ]
step 10/128
Layer output: [ 0.000000 -0.891557 -0.311475 0.337133 0.031495 -0.386486 0.743983 -0.968663 -0.413144 -0.576339 -0.814465 0.531611 -0.171630 0.943080 0.968579 0.154257 -0.430970 0.968935 -0.318529 -0.730365 0.684860 0.274482 0.922892 -0.521672 0.982290 0.919804 0.087784 0.790139 0.120621 0.778687 -0.637340 0.137886 -0.887040 -0.544587 -0.304288 -0.659529 -0.874056 0.888503 0.183302 -0.337312 -0.033819 -0.379321 -0.069274 0.343478 0.498557 -0.147871 0.213837 0.272361 -0.736153 0.598136 0.366598 -0.510762 0.977263 -0.789924 -0.421452 -0.113299 -0.028214 -0.786871 0.354813 -0.128810 -0.314844 -0.039148 0.522449 0.266736 0.756452 0.742872 -0.342428 0.474319 0.766060 -0.973191 0.691736 -0.577591 0.270440 0.550675 0.592322 -0.863974 -0.906187 0.327899 -0.508494 0.981504 0.533466 -0.474696 -0.519079 -0.530534 -0.099872 0.572810 -0.125464 0.569528 -0.580884 0.671818 0.873196 -0.793156 0.958930 0.768369 0.972598 0.895241 0.761118 -0.948696 0.593413 -0.949255 0.774219 -0.354359 0.953589 0.916244 -0.595429 -0.005054 0.049911 0.955415 -0.116715 0.381823 -0.310395 0.425663 -0.145498 -0.487739 -0.512737 0.635413 0.934619 -0.679781 0.531573 0.971408 0.404717 -0.707663 -0.599829 0.298937 -0.197829 0.357165 0.981701 0.331625 ]
step 11/128
Layer output: [ 0.000000 -0.948493 -0.421724 -0.353809 0.459213 -0.069452 0.685215 -0.936703 -0.173624 -0.087898 -0.769348 0.464800 0.391937 0.828241 0.978836 0.082181 -0.417280 0.970087 0.309868 -0.719539 0.731045 0.692450 0.949213 -0.524050 0.972755 0.938835 0.172050 0.834893 -0.306595 0.949046 -0.722310 0.234447 -0.939173 0.286355 -0.196172 -0.374141 -0.959282 0.836556 -0.071718 -0.348152 -0.381279 0.596384 0.272186 0.177574 0.699504 0.130980 0.158496 0.575686 -0.654625 -0.071579 -0.582141 -0.566351 0.967967 -0.844983 -0.121129 -0.462785 0.271262 -0.880693 0.076160 0.746492 -0.087531 0.099544 0.276740 0.652345 0.909420 0.779946 -0.536321 0.417626 0.879343 -0.913783 0.785246 -0.556432 0.013607 0.353963 0.832484 -0.789955 -0.661804 0.516797 -0.717934 0.914006 0.910935 -0.441699 -0.605627 -0.381905 -0.606049 0.646817 0.296884 0.721020 -0.090176 0.731842 0.882825 -0.738926 0.929577 0.328964 0.972200 0.426371 0.841976 -0.977374 0.142291 -0.819368 0.826507 -0.312393 0.925247 0.956020 -0.637685 -0.239360 0.446611 0.805226 -0.275077 0.379682 -0.319299 0.787848 0.504111 0.114920 0.413365 0.397537 0.841563 -0.741206 0.167662 0.991623 -0.120303 -0.719960 -0.742721 0.446720 -0.055340 0.435391 0.968282 -0.593828 ]
step 12/128
Layer output: [ 0.000000 -0.784161 -0.337776 -0.384608 -0.217187 -0.285767 0.664135 -0.958009 -0.404693 0.526409 -0.563968 0.737358 0.080672 0.732869 0.931085 -0.253613 -0.231694 0.988858 -0.219180 -0.266826 0.702657 0.521230 0.962750 -0.161175 0.957110 0.974133 0.094155 0.729562 -0.119629 0.638104 -0.385211 0.089891 -0.820620 -0.472396 0.306170 -0.872707 -0.941169 0.836782 -0.028682 -0.279177 0.004901 0.017694 -0.332025 0.345668 0.358724 -0.043958 0.443941 0.036458 -0.611397 0.315903 0.641803 -0.622930 0.964590 -0.831332 -0.409267 -0.700675 -0.184979 -0.718749 0.463559 0.445460 -0.385768 0.394650 0.185957 0.136686 0.939803 0.771042 -0.481552 0.838333 0.672127 -0.984737 0.548823 -0.567930 -0.287331 0.590392 0.579508 -0.793358 -0.884772 0.504896 -0.201357 0.819437 0.352653 0.218798 -0.754014 -0.689737 -0.452298 0.448784 -0.628138 0.272045 -0.346274 0.481666 0.750344 -0.918724 0.971468 0.731484 0.892913 0.775546 0.783263 -0.836986 0.622867 -0.888341 0.734906 -0.044452 0.944381 0.935867 -0.725928 -0.157000 0.350518 0.836691 -0.655008 0.422863 0.254956 -0.059789 0.063976 -0.442344 -0.042499 0.670278 0.905098 -0.354306 0.786259 0.979642 0.506931 -0.786575 -0.766413 0.311974 -0.589005 0.069393 0.978507 0.448173 ]
step 13/128
Layer output: [ 0.000000 -0.893527 -0.376292 -0.096270 0.334679 -0.385877 0.852343 -0.976515 0.138290 -0.556957 -0.804498 0.232534 0.242381 0.798798 0.946542 0.292445 -0.100324 0.941761 -0.509673 -0.154677 0.867612 0.529013 0.877512 -0.427837 0.914732 0.813937 -0.110475 0.811879 0.321224 0.869352 -0.402906 -0.332396 -0.936682 -0.636419 0.562229 -0.723372 -0.924239 0.770451 0.299446 0.382875 0.265799 0.009400 -0.502925 0.017442 0.315759 0.295744 0.394549 -0.237291 -0.566373 0.224778 0.079432 -0.661186 0.953041 -0.686116 -0.035340 -0.318679 -0.222428 -0.880534 0.256684 0.383682 -0.418690 -0.409074 0.206801 0.440733 0.381551 0.451491 -0.262550 0.355409 0.660451 -0.901499 0.248365 -0.305630 0.202712 0.683952 0.668214 -0.812982 -0.788359 -0.024690 -0.069973 0.945839 0.649455 0.026756 -0.741662 -0.457969 -0.386061 0.558837 -0.583224 0.132166 -0.630630 0.783727 0.587748 -0.785249 0.959607 0.694738 0.890964 0.826437 0.908437 -0.985872 0.575874 -0.773991 0.854035 -0.431219 0.885312 0.979007 -0.835993 -0.073680 0.770627 0.851437 -0.392703 0.640938 0.295714 0.570600 -0.289753 -0.465600 -0.079227 0.810361 0.958783 -0.560492 0.357675 0.973572 0.124700 -0.811553 -0.811065 0.109817 -0.384355 0.400042 0.991545 0.056884 ]
step 14/128
Layer output: [ 0.000000 -0.855936 -0.371842 0.124088 0.396337 -0.085415 0.944308 -0.949110 0.395682 -0.310991 -0.834247 0.393930 0.497006 0.741845 0.962244 0.648302 -0.100305 0.984335 -0.026265 -0.379550 0.885938 0.915732 0.776498 -0.555956 0.905408 0.568434 0.128079 0.823321 -0.059685 0.773504 -0.512542 0.198045 -0.922162 -0.339172 -0.330129 -0.767075 -0.931107 0.889068 -0.172365 0.265057 0.490697 -0.114527 -0.446009 -0.025031 0.252244 0.187038 0.108345 0.009527 -0.799875 0.181419 0.049027 -0.398514 0.958744 -0.818644 -0.127839 -0.350278 0.213092 -0.889353 -0.141404 0.344220 -0.037100 0.388718 0.362718 0.619454 0.592923 0.583466 -0.611392 0.482068 0.748111 -0.870608 0.614032 -0.545622 0.371664 0.217660 0.904465 -0.895403 -0.847519 -0.335099 -0.610353 0.916584 0.751021 -0.020235 -0.518358 -0.070045 -0.571975 0.220095 0.097429 0.359932 0.000168 0.691578 0.444122 -0.567383 0.904162 0.805277 0.931603 0.770837 0.819990 -0.980144 0.564620 -0.820857 0.766289 -0.732179 0.961425 0.983050 -0.755303 -0.571491 0.570409 0.828455 -0.696877 0.557727 -0.059999 0.399010 0.280154 -0.425053 0.012179 0.864647 0.892849 -0.408329 0.241575 0.963498 -0.293887 -0.719803 -0.597843 0.228210 0.011987 0.231475 0.960130 -0.062331 ]
step 15/128
Layer output: [ 0.000000 -0.790100 -0.013749 -0.052516 0.246238 0.475539 0.650820 -0.933311 0.387669 -0.390993 -0.714213 0.415427 0.166277 0.827528 0.916534 0.122100 -0.462916 0.993096 -0.698985 -0.296798 0.896195 0.349089 0.803217 -0.712626 0.936337 0.931105 0.452134 0.684888 0.114719 0.822009 -0.740866 0.178702 -0.917476 -0.797477 -0.065628 -0.747930 -0.919934 0.799318 -0.228157 -0.156482 -0.076710 0.027636 -0.778982 -0.135689 0.686074 -0.179076 0.397596 -0.586395 -0.546138 0.566242 0.429126 -0.158679 0.966904 -0.908153 0.074780 -0.699097 -0.557274 -0.738704 0.150330 0.103887 -0.446694 -0.303796 0.263767 -0.157305 0.697838 0.766214 -0.574934 0.581930 0.771045 -0.836953 0.258524 -0.440361 0.069436 0.235177 0.401876 -0.919438 -0.720135 0.034542 -0.340641 0.828596 0.651437 -0.036894 -0.595552 -0.562759 0.135924 0.202713 -0.632150 0.394121 -0.019022 0.392084 0.490215 -0.610988 0.897553 0.845939 0.933726 0.626972 0.785651 -0.918343 0.870525 -0.795351 0.750957 -0.734917 0.957218 0.962040 -0.460589 -0.780971 -0.010024 0.897205 -0.624565 0.339172 -0.061867 0.168064 -0.254225 -0.517680 0.096135 0.700937 0.854006 -0.223820 0.524470 0.940800 0.377699 -0.546237 -0.644520 0.456300 -0.475277 -0.125255 0.974115 0.199373 ]
step 16/128
Layer output: [ 0.000000 -0.915794 -0.551036 -0.445046 0.484103 -0.363926 0.897481 -0.879768 -0.276823 0.067555 -0.693942 0.205008 0.718748 0.700520 0.970942 -0.122051 0.321397 0.985124 -0.353810 -0.765034 0.553683 0.247653 0.834678 -0.303415 0.826232 0.776496 -0.379129 0.897441 -0.054939 0.912928 -0.594054 -0.298719 -0.883990 -0.583062 0.166194 -0.709090 -0.919301 0.910872 -0.128916 -0.266471 0.402183 0.124613 -0.094763 0.617898 0.733540 -0.000838 0.333651 0.390396 -0.818762 0.024365 0.515143 -0.410776 0.935301 -0.746746 0.017302 -0.590620 0.305533 -0.860619 0.565457 0.181356 -0.475697 -0.298148 0.453070 0.440676 0.803244 0.619520 -0.288342 0.375814 0.792803 -0.935993 0.832653 -0.756166 -0.052207 0.397542 0.777102 -0.916362 -0.747306 0.322094 -0.597702 0.883969 0.748212 0.008558 -0.672613 -0.134966 -0.694158 0.437139 -0.475235 0.234770 -0.081827 0.677266 0.628603 -0.488411 0.946689 0.560099 0.956653 0.715296 0.735192 -0.943534 -0.109433 -0.836722 0.807343 -0.239528 0.964736 0.912743 -0.700797 -0.488099 0.120987 0.951729 -0.375020 0.738759 -0.391266 0.434603 0.304629 -0.720574 0.219596 0.676771 0.835956 -0.388366 0.302851 0.973003 0.293042 -0.530040 -0.656040 0.396474 -0.018427 0.472884 0.989207 -0.096293 ]
step 17/128
Layer output: [ 0.000000 -0.883004 -0.272129 -0.052398 0.015859 0.131292 0.800303 -0.969479 -0.046071 -0.011385 -0.457899 0.754494 0.244669 0.827573 0.885856 -0.391108 -0.536813 0.986183 0.073266 -0.610026 0.702438 0.663180 0.932035 -0.798868 0.957167 0.947398 0.365395 0.550082 -0.159752 0.723808 -0.761989 -0.088691 -0.844195 -0.505278 -0.011915 -0.830133 -0.817205 0.787101 0.028116 0.441345 0.682060 -0.041407 -0.297392 -0.210222 0.532755 -0.080704 -0.419286 0.434771 -0.574007 0.619000 0.133754 0.024520 0.969222 -0.915314 -0.275285 -0.406698 0.047836 -0.778774 0.204965 -0.138854 -0.452345 -0.014883 0.526143 0.759939 0.793371 0.374506 -0.494681 0.697649 0.901237 -0.955159 0.532217 -0.602656 0.523261 0.485309 0.663336 -0.877242 -0.804219 -0.112247 -0.357631 0.917771 0.809240 0.020970 -0.397912 -0.256505 -0.246107 0.495629 -0.363167 0.265615 0.019544 -0.026896 0.825389 -0.678624 0.991199 0.733686 0.981274 0.694760 0.722507 -0.963339 0.424283 -0.767356 0.801545 -0.742310 0.925353 0.980271 -0.555387 -0.247897 0.075288 0.916765 -0.643099 0.746217 0.298106 0.216065 0.072044 -0.748562 0.050665 0.913727 0.822557 -0.717555 0.687256 0.977879 0.097849 -0.630570 -0.638038 0.401764 0.112422 -0.060228 0.992040 0.239711 ]
step 18/128
Layer output: [ 0.000000 -0.822063 0.152298 -0.587055 -0.164951 -0.399657 0.865354 -0.929742 -0.346603 -0.153434 -0.909219 0.562196 -0.498426 0.899374 0.967632 0.210569 -0.248304 0.986471 -0.286948 -0.734310 0.738303 0.593840 0.828748 -0.631440 0.964522 0.901306 -0.099514 0.824707 0.145356 0.779065 -0.567493 0.052313 -0.921372 -0.262094 0.210892 -0.632172 -0.878167 0.846364 0.421313 -0.373344 0.365498 0.075688 -0.253060 -0.296358 0.684281 0.520024 -0.023775 -0.085680 -0.745232 0.368701 0.314396 -0.228156 0.944204 -0.920453 0.044572 -0.505252 -0.039246 -0.870962 0.576988 -0.110915 -0.576421 -0.109400 0.459565 0.649911 0.749519 0.573479 -0.402601 0.287781 0.950414 -0.902063 0.605523 -0.462267 -0.240307 0.684947 0.441196 -0.792596 -0.861279 0.022937 -0.798709 0.899487 0.737197 0.221305 -0.592347 -0.021816 -0.414078 -0.286265 0.049145 0.498110 0.175999 0.523318 0.605009 -0.753204 0.967774 0.601928 0.950482 0.772132 0.723837 -0.941213 0.658502 -0.870175 0.815234 -0.617612 0.955642 0.927953 -0.338535 -0.272547 0.170441 0.850878 0.042189 0.500217 -0.078887 0.102772 0.513210 -0.563320 -0.036365 0.754748 0.759224 -0.083226 0.384267 0.956444 0.016471 -0.641936 -0.727094 -0.059828 -0.147719 0.304599 0.991442 -0.129542 ]
step 19/128
Layer output: [ 0.000000 -0.876332 -0.618268 0.343969 0.123389 -0.426449 0.793199 -0.965269 -0.714028 0.108383 -0.568853 0.654480 0.214580 0.807424 0.964671 0.151115 -0.501325 0.975467 0.177626 0.010868 0.837197 0.611668 0.892876 -0.030195 0.971041 0.929586 0.562667 0.936481 0.351654 0.863719 -0.783159 0.572024 -0.879755 -0.113836 -0.017060 -0.406023 -0.955354 0.897308 -0.208657 0.169016 0.265907 0.281957 -0.106982 -0.517496 0.566513 0.304729 -0.132671 0.108717 -0.707778 0.204987 -0.237328 0.258812 0.956285 -0.858819 -0.275314 -0.746781 0.086335 -0.729265 0.279439 0.275446 -0.338483 0.119888 0.226517 0.335702 0.884448 0.655384 -0.390345 0.601423 0.929952 -0.950964 0.646924 -0.417842 -0.174298 0.183929 0.691242 -0.913292 -0.796168 0.171467 -0.884054 0.889736 0.654857 -0.198319 -0.673898 -0.588085 -0.564477 0.378155 0.294227 0.707061 0.199535 0.488530 0.801040 -0.815798 0.977474 0.505501 0.926121 0.619990 0.912158 -0.926895 0.364713 -0.695153 0.804844 -0.555074 0.956463 0.971669 -0.268961 -0.670535 0.264464 0.841256 -0.625824 0.582985 -0.150830 -0.097392 0.444340 -0.405687 0.122656 0.894651 0.908214 -0.546890 0.789143 0.932986 0.222828 -0.615044 -0.495968 0.548185 0.119831 0.408675 0.988692 -0.554790 ]
step 20/128
Layer output: [ 0.000000 -0.843986 -0.319789 0.564509 0.270472 -0.387641 0.712912 -0.974204 -0.048847 0.202075 -0.697400 0.676396 0.344031 0.932042 0.909924 0.175896 -0.420094 0.966415 -0.034751 -0.655258 0.699979 0.393585 0.920165 -0.741170 0.979786 0.919626 0.159488 0.745932 -0.360394 0.784474 -0.849528 0.181475 -0.875469 -0.495459 0.345225 -0.846993 -0.936030 0.800325 -0.112753 0.275028 0.458191 -0.162474 -0.008075 0.215111 0.245336 -0.476780 0.051126 -0.030379 -0.636143 0.303172 0.237357 -0.347864 0.980008 -0.602343 -0.192858 -0.476105 -0.055953 -0.914147 0.608229 0.354408 -0.204714 0.180258 0.670485 0.385435 0.742800 0.473473 -0.686284 0.781346 0.706765 -0.915272 0.806803 -0.479143 -0.255451 0.452742 0.520381 -0.843770 -0.724614 -0.311600 -0.138915 0.820711 0.459135 -0.045771 -0.793397 -0.300776 -0.244748 0.369048 -0.215137 0.604125 0.205748 0.273828 0.449673 -0.830013 0.958066 0.811694 0.885503 0.513858 0.651880 -0.965732 0.487135 -0.736137 0.565488 -0.460425 0.839583 0.954604 -0.693194 -0.347590 -0.132919 0.703327 -0.709564 0.832505 -0.262391 -0.257057 0.101189 -0.878426 -0.065976 0.740992 0.860680 -0.567193 0.477104 0.967530 0.259944 -0.835146 -0.831874 0.539685 0.172054 0.604211 0.986989 -0.469412 ]
step 21/128
Layer output: [ 0.000000 -0.845690 -0.279250 -0.204486 -0.120639 -0.145772 0.853365 -0.963293 -0.071106 0.128912 -0.749507 0.566399 0.252161 0.942342 0.951758 -0.320761 -0.488242 0.979490 0.302441 -0.274488 0.800028 0.264599 0.929824 -0.633597 0.910050 0.979769 0.532268 0.637308 -0.062295 0.842271 -0.898452 0.203664 -0.688151 -0.282058 -0.176509 -0.650528 -0.929743 0.772173 -0.019939 -0.205505 -0.057330 0.027929 -0.678397 0.417057 0.759228 -0.062379 0.286346 0.048995 -0.769051 0.681503 0.044763 -0.266059 0.950583 -0.914620 -0.366318 -0.809272 -0.271564 -0.848102 0.342630 0.395620 0.116461 0.267881 0.617940 -0.330112 0.835138 0.785458 -0.127148 0.733877 0.885859 -0.956338 0.750440 -0.532602 0.226759 0.420079 0.870045 -0.832342 -0.768272 -0.019147 -0.695784 0.601263 0.484936 -0.293523 -0.828634 -0.299358 -0.558410 0.687612 -0.035897 0.150216 0.050410 0.749410 0.662645 -0.910541 0.965918 0.781097 0.964263 0.374931 0.704989 -0.951659 0.116101 -0.763749 0.888826 -0.051367 0.942608 0.981696 -0.587238 -0.731503 0.423962 0.878652 -0.622388 0.704052 0.409812 0.400992 0.084296 -0.801970 0.177509 0.611793 0.907083 -0.491867 0.847179 0.987930 0.227450 -0.898460 -0.524513 0.800671 -0.364590 -0.076459 0.986915 -0.336527 ]
step 22/128
Layer output: [ 0.000000 -0.863929 0.170949 -0.438869 0.090977 -0.396035 0.845789 -0.958243 -0.029790 -0.214206 -0.776329 0.169236 0.467999 0.695623 0.973581 -0.117111 -0.490053 0.992156 -0.051179 -0.603240 0.817872 0.412673 0.898404 -0.380293 0.878182 0.799905 -0.031722 0.909930 0.394172 0.885090 -0.729872 0.202551 -0.775497 -0.645751 0.440833 -0.755508 -0.807845 0.810024 0.025938 0.118528 0.053387 0.275532 -0.434757 0.150116 0.449882 -0.100872 0.660313 0.622400 -0.500745 -0.210180 0.111755 -0.619564 0.884312 -0.746256 0.046919 -0.661085 0.068236 -0.759221 0.355432 0.232205 -0.324924 0.361354 0.107771 0.688797 0.831856 0.409296 0.218697 0.463636 0.879115 -0.917836 0.764890 -0.553618 -0.014056 0.614851 0.817163 -0.829422 -0.722867 0.015751 -0.676112 0.914247 0.394648 0.057027 -0.680894 -0.162082 -0.790656 0.364170 -0.400924 0.471194 0.065079 0.700859 0.779659 -0.641986 0.961277 0.715884 0.914632 0.773816 0.834838 -0.922680 0.285763 -0.889947 0.592436 -0.706185 0.968058 0.949986 -0.810048 -0.347055 0.258106 0.925355 -0.436150 0.538374 0.373308 0.428795 0.170357 -0.425775 0.512262 0.585881 0.943513 -0.799573 0.752155 0.983873 0.029938 -0.876309 -0.830582 0.446881 -0.063287 -0.023885 0.981270 -0.243042 ]
step 23/128
Layer output: [ 0.000000 -0.866159 0.142989 -0.267204 0.255022 -0.259466 0.897682 -0.931662 -0.095977 0.005593 -0.840106 0.126225 0.614185 0.857911 0.952072 -0.239535 -0.267634 0.988033 -0.325887 -0.421791 0.800470 0.232294 0.928769 -0.487199 0.877006 0.804405 -0.094986 0.860432 -0.095295 0.866798 -0.703419 0.490467 -0.809225 -0.524880 -0.000759 -0.670081 -0.843552 0.768679 0.077930 -0.031678 0.156610 0.317840 -0.163255 0.051182 0.589074 0.447685 0.020394 0.366535 -0.635616 0.487645 0.260370 -0.219067 0.893466 -0.641641 -0.040894 -0.465946 0.110872 -0.637015 0.461412 0.706355 -0.483875 0.335179 0.351971 0.705235 0.833742 0.645519 0.050091 0.494613 0.872889 -0.954345 0.634203 -0.586049 -0.396481 0.488445 0.627076 -0.764330 -0.842128 0.512708 -0.563617 0.864093 0.549493 -0.237164 -0.523830 -0.273375 -0.553502 0.496029 -0.033759 0.498346 0.035897 0.857180 0.778338 -0.687663 0.972900 0.833180 0.916561 0.634431 0.813745 -0.948104 0.556808 -0.927867 0.685224 -0.812449 0.948519 0.964039 -0.878850 -0.359535 0.284407 0.911632 -0.236123 0.162035 -0.112618 0.116156 0.190009 -0.395131 0.320740 0.775207 0.923725 -0.711823 0.678020 0.977524 0.229033 -0.640850 -0.690464 0.153809 -0.002413 0.475823 0.987298 -0.009382 ]
step 24/128
Layer output: [ 0.000000 -0.819999 0.185518 0.045011 0.408611 -0.319382 0.798247 -0.922668 -0.347508 -0.331644 -0.837690 0.201379 0.286483 0.759444 0.953647 -0.034322 -0.377476 0.992262 -0.159834 -0.230923 0.702817 0.594138 0.936355 -0.526446 0.840628 0.796607 0.342033 0.882642 -0.115786 0.792626 -0.492070 0.615777 -0.731756 -0.763140 0.031340 -0.581396 -0.832297 0.814116 0.053167 0.242781 0.309868 0.332236 -0.226101 0.257030 0.363161 0.119027 0.411980 0.538378 -0.254899 0.365581 -0.198065 -0.369747 0.892127 -0.645872 -0.245756 -0.615920 0.493228 -0.652777 0.598741 0.557174 -0.666143 0.133735 0.482015 0.691628 0.771372 0.714392 0.060364 0.504826 0.842684 -0.953398 0.705985 -0.483509 -0.330978 0.398091 0.569876 -0.845218 -0.865590 0.133660 -0.502606 0.946295 0.485870 0.118183 -0.540260 -0.404376 -0.647577 0.525366 -0.239684 0.570281 -0.322218 0.847825 0.703362 -0.593103 0.976519 0.663229 0.937202 0.810660 0.876948 -0.900220 0.672971 -0.920513 0.740315 -0.715854 0.963827 0.947674 -0.777263 -0.464851 0.310011 0.957634 -0.602071 0.469071 0.081431 0.438349 -0.130754 -0.245351 0.073502 0.553781 0.881568 -0.694371 0.531703 0.983652 0.039620 -0.679105 -0.749138 0.616137 0.385723 0.495282 0.988056 -0.025558 ]
step 25/128
Layer output: [ 0.000000 -0.921566 0.081098 0.052520 -0.439016 0.037749 0.689156 -0.938784 -0.092619 -0.098012 -0.644746 0.545783 0.368273 0.880097 0.952956 0.184260 -0.345957 0.991008 -0.049444 -0.379958 0.876632 0.535756 0.894451 -0.668131 0.964143 0.816220 0.200679 0.855747 -0.321241 0.877416 -0.659312 0.021094 -0.875498 -0.175500 -0.154301 -0.736285 -0.863285 0.550180 -0.331299 -0.054873 0.221583 -0.295379 -0.353603 -0.007738 0.538901 0.000789 -0.076977 -0.026818 -0.695356 0.684379 -0.189329 0.078718 0.948455 -0.786799 0.056312 -0.602370 0.101283 -0.971860 0.419140 0.703944 -0.171208 0.440929 0.557813 0.544820 0.816070 0.684801 -0.556205 0.726967 0.886644 -0.875100 0.583765 -0.618020 0.048247 0.227911 0.729258 -0.818731 -0.668033 -0.437024 -0.734703 0.848052 0.789220 -0.143943 -0.719463 -0.221423 -0.694082 0.283002 -0.061566 0.162815 0.150641 0.745490 0.627972 -0.831200 0.972089 0.851407 0.969526 0.520347 0.821152 -0.966298 0.466786 -0.813886 0.615178 -0.726622 0.975187 0.979999 -0.756628 -0.417291 0.508458 0.924495 -0.260944 0.338834 -0.304611 0.268363 -0.268695 -0.425646 0.561937 0.574197 0.955733 -0.846995 0.666249 0.977392 0.306628 -0.844249 -0.808311 0.618239 -0.450315 0.323973 0.980664 -0.708531 ]
step 26/128
Layer output: [ 0.000000 -0.902465 -0.411430 -0.379333 0.198202 -0.085615 0.582301 -0.899538 -0.608253 0.659600 -0.385703 0.445900 -0.103180 0.894208 0.929321 0.188319 -0.587749 0.988104 0.295936 -0.827650 0.726774 0.813918 0.919625 -0.427697 0.954639 0.949593 0.340800 0.870211 -0.443617 0.842152 -0.862047 -0.100999 -0.872739 -0.373519 -0.547501 -0.524717 -0.976270 0.798461 -0.392503 -0.618366 0.282969 0.281816 0.302503 0.283147 0.836514 0.066287 0.436501 0.211782 -0.757479 0.727051 -0.217491 -0.461915 0.957504 -0.889218 -0.250993 -0.796475 -0.088298 -0.770063 0.069104 0.359082 -0.051118 0.142943 0.486699 0.440548 0.773416 0.816382 -0.774196 0.893861 0.891019 -0.939037 0.635158 -0.195660 0.283039 0.244393 0.704373 -0.773827 -0.728322 -0.165326 -0.865452 0.747212 0.879027 -0.184780 -0.619921 -0.442937 -0.422767 0.600397 -0.648166 0.477561 0.273441 0.590269 0.768257 -0.927720 0.981574 0.849309 0.964033 0.280904 0.752879 -0.937844 0.581086 -0.887313 0.826063 -0.445852 0.949612 0.931200 -0.783596 -0.513173 0.041289 0.916195 -0.168013 0.411970 0.070836 0.156593 0.354646 -0.809394 -0.191886 0.550442 0.781311 -0.438702 0.562651 0.936105 0.362995 -0.797705 -0.595300 0.709178 -0.521750 0.172069 0.986775 -0.393611 ]
step 27/128
Layer output: [ 0.000000 -0.870891 -0.460800 0.027500 0.017474 0.216197 0.714106 -0.935922 -0.566934 0.127789 -0.631876 0.616772 -0.092758 0.944933 0.953219 0.275421 -0.125593 0.975126 -0.462420 -0.539761 0.573591 0.380247 0.943250 -0.665582 0.911815 0.970397 0.520940 0.805177 0.054177 0.776392 -0.626668 0.235721 -0.661396 -0.605324 -0.036664 -0.550268 -0.903552 0.929166 0.023008 -0.349765 0.274545 0.358361 -0.470492 0.533013 0.301085 -0.292745 0.289930 0.392891 -0.489679 0.458818 -0.355331 -0.198441 0.897737 -0.932359 -0.522683 -0.725542 0.124815 -0.868815 0.514301 0.283948 -0.220851 0.178483 0.480597 0.059466 0.789916 0.739832 -0.461340 0.582369 0.949630 -0.932318 0.476161 -0.481729 -0.270228 0.662228 0.365081 -0.836683 -0.918224 -0.253673 -0.721056 0.894728 0.576227 0.401296 -0.786714 -0.443377 -0.701410 0.075112 -0.436718 0.564400 -0.139640 0.808974 0.753455 -0.860039 0.979093 0.571367 0.947407 0.421280 0.765093 -0.942327 0.746635 -0.753202 0.885846 -0.584627 0.944893 0.969740 -0.592944 -0.113921 -0.064146 0.887410 -0.530808 0.705477 0.392118 0.189565 0.256475 -0.536483 0.050235 0.859096 0.902437 -0.293014 0.761013 0.980896 -0.014804 -0.909970 -0.744454 0.423025 -0.294291 0.052864 0.992586 0.024534 ]
step 28/128
Layer output: [ 0.000000 -0.879304 0.173746 0.117981 0.561210 -0.256569 0.840041 -0.819594 0.031544 -0.291543 -0.779079 0.118472 0.495464 0.793609 0.968621 -0.190775 -0.108489 0.969283 0.118345 -0.698824 0.853862 0.666734 0.872256 -0.653397 0.891105 0.862167 -0.020882 0.877786 0.084784 0.884306 -0.653063 0.385117 -0.660914 -0.581399 -0.276226 -0.688416 -0.890500 0.945477 -0.263307 -0.180733 -0.012099 0.445024 -0.501534 0.234149 0.408703 -0.127290 0.407380 0.210102 -0.439736 0.160398 0.250983 -0.628974 0.910169 -0.827505 0.205603 -0.751923 -0.036186 -0.896114 0.385865 0.620084 -0.248943 -0.011709 0.358874 0.474306 0.692232 0.544500 -0.514371 0.442328 0.879303 -0.895150 0.659697 -0.361990 -0.506541 0.429505 0.843553 -0.946762 -0.833354 0.414605 -0.680329 0.918008 0.798047 -0.190759 -0.631943 -0.296787 -0.619622 0.042674 -0.227192 0.418889 -0.288042 0.672024 0.682618 -0.637452 0.951019 0.435079 0.966205 0.756200 0.823811 -0.961130 0.107095 -0.891348 0.910568 -0.551238 0.926948 0.920261 -0.575549 -0.287517 0.284467 0.862975 -0.591861 0.672256 -0.367421 0.490602 0.337384 -0.586968 0.612821 0.528476 0.925721 -0.766088 0.556562 0.982111 -0.230264 -0.838162 -0.664798 0.489512 0.358605 0.352143 0.988186 -0.296998 ]
step 29/128
Layer output: [ 0.000000 -0.848799 0.027220 0.417194 0.293016 0.086881 0.798418 -0.916291 -0.130685 0.265240 -0.661691 0.377693 0.380916 0.932342 0.947170 0.504507 -0.350066 0.991533 -0.612402 -0.189636 0.504916 0.797279 0.881808 -0.343582 0.973855 0.859897 0.555024 0.805689 0.353609 0.818286 -0.781421 -0.056283 -0.692337 -0.643175 -0.229266 -0.596871 -0.923815 0.773532 0.204155 -0.192655 0.566480 0.037101 -0.542142 0.075060 0.620027 -0.085030 0.555568 0.216382 -0.369945 0.492639 -0.192891 -0.215850 0.874714 -0.913668 -0.387998 -0.715516 -0.064179 -0.481947 -0.071167 0.041158 -0.002596 -0.452518 0.133466 0.327619 0.706676 0.668253 -0.670541 0.630060 0.876980 -0.950592 0.663638 -0.296091 0.322520 0.008980 0.835259 -0.813174 -0.806866 0.099912 -0.579585 0.873324 0.642651 0.351732 -0.530182 -0.393708 -0.429903 0.447554 -0.149501 0.611275 -0.226950 0.398672 0.605702 -0.675788 0.973470 0.488737 0.971741 0.739382 0.803164 -0.906827 0.281633 -0.671224 0.785698 -0.602453 0.921910 0.931440 -0.484218 -0.155868 0.366758 0.911513 -0.402153 0.784130 0.068292 0.375189 -0.308719 -0.571602 0.529123 0.780512 0.918359 -0.735855 0.720204 0.987445 0.298948 -0.705918 -0.420023 0.652374 -0.286143 -0.045380 0.990250 0.098450 ]
step 30/128
Layer output: [ 0.000000 -0.889640 0.004249 -0.092323 -0.192422 0.072032 0.859730 -0.839641 -0.210048 -0.114858 -0.697425 0.205220 0.378608 0.837022 0.971017 0.128669 -0.480636 0.979260 0.401134 -0.603935 0.726351 0.625303 0.947327 -0.602766 0.958688 0.838836 -0.020450 0.819168 -0.068616 0.523782 -0.828994 0.344779 -0.917476 -0.430325 -0.411370 -0.597782 -0.909303 0.934077 0.006290 -0.378316 0.679195 0.435241 0.003973 0.258341 0.547897 0.137272 0.083519 0.139121 -0.755772 0.488848 0.027896 -0.294219 0.948419 -0.865581 -0.140153 -0.703035 -0.039582 -0.588520 0.300785 0.739021 -0.126484 0.008081 0.004685 0.687433 0.848939 0.737618 -0.176734 0.661995 0.722587 -0.965742 0.651468 -0.555674 0.131154 0.450472 0.880444 -0.883553 -0.925631 -0.077571 -0.606335 0.708896 0.602664 0.166234 -0.154837 -0.174625 -0.605288 0.679860 0.020062 0.413911 -0.426937 0.486194 0.644857 -0.704401 0.986097 0.581239 0.949042 0.374770 0.713927 -0.943022 0.439666 -0.945291 0.906484 -0.704868 0.980817 0.893138 -0.817744 -0.340614 0.342811 0.952635 -0.598457 0.079993 -0.099833 0.400225 0.463165 -0.427426 0.039057 0.802953 0.796009 -0.693596 0.563978 0.977326 -0.076593 -0.480407 -0.813504 0.402287 -0.438026 -0.030412 0.983096 -0.307503 ]
step 31/128
Layer output: [ 0.000000 -0.814508 -0.368780 -0.207249 -0.222107 -0.373931 0.657662 -0.972907 -0.412551 -0.242873 -0.536299 0.706038 0.203565 0.929641 0.928117 0.118904 0.061841 0.975043 0.139210 -0.372030 0.714110 0.262391 0.937039 -0.760213 0.899706 0.987195 0.476787 0.878998 -0.317231 0.808098 -0.754425 0.281850 -0.766016 -0.006639 -0.119199 -0.450160 -0.882980 0.889235 -0.255617 -0.052287 0.371973 0.375904 -0.515699 0.247816 0.460945 0.217606 0.092662 0.287248 -0.601421 0.670984 0.067679 0.018033 0.936842 -0.903375 -0.646550 -0.794793 -0.171093 -0.602009 0.089035 0.402131 -0.320147 0.490536 0.349106 0.294918 0.813573 0.549529 -0.431097 0.745245 0.912684 -0.975343 0.616932 -0.484801 -0.202733 0.486705 0.781665 -0.418834 -0.732116 -0.171055 -0.549295 0.801626 0.695858 0.117418 -0.502016 -0.555179 -0.659161 0.175580 -0.142186 0.023632 -0.391832 0.465171 0.605314 -0.899587 0.977960 0.513464 0.959843 0.546653 0.944320 -0.931770 0.534986 -0.640641 0.848024 -0.698836 0.962522 0.935381 -0.119189 -0.323533 0.372393 0.974965 -0.591586 0.712865 -0.178588 0.125548 0.245955 -0.427439 0.429236 0.864795 0.765690 -0.908686 0.618501 0.948412 -0.050436 -0.143257 -0.784884 0.375544 -0.149564 0.346352 0.990352 -0.214290 ]
step 32/128
Layer output: [ 0.000000 -0.883963 -0.644614 -0.241226 -0.292991 -0.269160 0.784382 -0.954952 -0.525146 -0.091373 -0.705458 0.722786 0.447500 0.939184 0.942248 -0.120711 -0.427105 0.965273 0.139698 -0.744324 0.736746 0.707066 0.877585 -0.862906 0.976792 0.984621 0.052614 0.793928 -0.519669 0.515094 -0.580416 0.060400 -0.850403 -0.618282 0.016117 -0.780219 -0.961309 0.868424 -0.115819 0.017683 0.054103 0.562878 -0.267801 0.011535 0.707100 0.461655 0.280551 0.320612 -0.682940 0.603824 0.450363 -0.718113 0.974070 -0.945178 -0.437287 -0.600104 -0.028663 -0.768003 0.265448 0.602058 -0.318278 0.101823 0.500704 0.236301 0.838348 0.710763 -0.429230 0.839242 0.763025 -0.916088 0.876465 -0.349731 -0.109037 0.784288 0.875360 -0.823469 -0.872016 0.029284 -0.847620 0.885873 0.625680 -0.455924 -0.371957 0.011923 -0.623869 0.159363 -0.244438 -0.002728 0.190837 0.529221 0.228430 -0.884465 0.962565 0.423229 0.934192 0.471166 0.907504 -0.913117 0.658032 -0.899713 0.928657 -0.697660 0.910232 0.967371 -0.358349 0.354960 0.386937 0.822845 -0.688178 0.537979 0.068350 -0.013889 0.447251 -0.669565 0.031316 0.481154 0.831319 -0.820048 0.356994 0.981694 -0.254510 -0.779024 -0.771351 0.675140 0.074136 -0.082575 0.989588 -0.486736 ]
step 33/128
Layer output: [ 0.000000 -0.871653 0.553994 -0.077390 0.542197 -0.356025 0.743530 -0.967004 0.298736 -0.195081 -0.655452 -0.009717 0.154788 0.853086 0.956836 -0.167430 -0.255704 0.983864 -0.080466 -0.754619 0.690224 0.302248 0.925293 -0.751581 0.943994 0.908225 0.056096 0.883382 0.071910 0.819095 -0.798398 0.298994 -0.884742 -0.773261 -0.041482 -0.746054 -0.833330 0.742805 -0.320843 -0.092375 -0.050183 -0.069141 -0.453345 0.019827 0.453575 0.192137 0.587648 0.712423 -0.815465 0.357569 0.158401 -0.490875 0.954754 -0.914890 -0.345158 -0.413865 -0.076083 -0.535925 0.628113 0.152417 -0.324826 0.089668 0.053194 0.625592 0.880641 0.645760 -0.227254 0.644778 0.742430 -0.949294 0.626125 -0.546677 -0.041624 0.669690 0.754539 -0.894108 -0.880644 0.294852 -0.725083 0.886008 0.615916 -0.315063 -0.670815 -0.424381 -0.499227 0.581096 -0.382091 0.289227 -0.278512 0.687518 0.477187 -0.597766 0.964070 0.600080 0.966718 0.735226 0.734233 -0.872475 0.398278 -0.899907 0.828174 -0.218119 0.942442 0.953638 -0.769675 0.114928 0.223282 0.821483 -0.020925 0.670581 -0.229122 0.624524 0.465808 -0.892566 0.260819 0.412926 0.899884 -0.776226 0.507484 0.975537 0.044304 -0.783575 -0.772406 0.566185 -0.196047 0.285834 0.989218 -0.236675 ]
step 34/128
Layer output: [ 0.000000 -0.809770 -0.173912 0.192603 -0.007528 -0.342795 0.685428 -0.934372 -0.256891 -0.245129 -0.500624 0.398478 0.394098 0.780376 0.924856 0.100300 -0.416334 0.980913 -0.319799 -0.238574 0.639006 0.512551 0.962604 -0.432747 0.977036 0.934507 0.315911 0.878008 -0.321381 0.854097 -0.845266 0.475386 -0.815938 -0.640884 -0.292453 -0.741547 -0.939544 0.768513 -0.230925 0.007576 0.566595 0.165774 -0.361223 0.413513 0.431489 0.028187 0.385539 0.238372 -0.771616 0.339881 0.485723 -0.015078 0.971689 -0.691586 -0.311569 -0.625879 0.055138 -0.588475 0.379149 0.586753 -0.126208 -0.075631 0.412543 0.224036 0.898590 0.733075 -0.631246 0.796809 0.765679 -0.970780 0.853950 -0.679058 0.590860 0.239776 0.825248 -0.792206 -0.779608 0.276572 -0.682028 0.945401 0.794858 -0.417544 -0.467304 -0.511150 -0.530424 0.687844 -0.096586 -0.063512 -0.483892 0.427727 0.571954 -0.432053 0.955045 0.680326 0.967729 0.795387 0.872130 -0.922188 0.166288 -0.858856 0.818737 -0.323745 0.962230 0.912505 -0.761065 -0.168458 0.160054 0.871663 -0.423452 0.595128 -0.543086 0.368878 -0.414198 -0.666436 -0.132708 0.633032 0.927848 -0.839109 0.717939 0.959632 0.437100 -0.578149 -0.532905 0.499806 0.028048 0.188004 0.986535 0.216315 ]
step 35/128
Layer output: [ 0.000000 -0.952681 -0.662174 0.059309 -0.263504 0.009609 0.832253 -0.940012 -0.185162 0.124748 -0.580922 0.431667 0.438670 0.883161 0.944539 0.211344 -0.566313 0.993105 0.068332 -0.129171 0.821762 0.763230 0.909646 -0.142627 0.968932 0.858859 0.542244 0.956485 -0.251295 0.822623 -0.873369 -0.131142 -0.726412 -0.018642 -0.452398 -0.794070 -0.946898 0.845643 -0.264613 0.226231 0.572684 0.400529 -0.268593 -0.210534 0.672779 0.204074 0.296315 0.208238 -0.619174 0.278664 0.099995 -0.354950 0.933020 -0.807958 0.009955 -0.499889 0.047825 -0.683350 0.173648 0.440462 0.310322 0.043908 0.127239 -0.303250 0.903403 0.791334 -0.690245 0.305630 0.820399 -0.888424 0.654687 -0.250912 -0.135129 -0.252093 0.656317 -0.826614 -0.697417 -0.111937 -0.796041 0.883659 0.911273 -0.672274 -0.427857 -0.601422 -0.690289 0.285065 0.093279 0.628071 -0.166652 0.823831 0.669979 -0.813495 0.960274 0.649438 0.926802 0.378913 0.844808 -0.951273 0.524186 -0.756468 0.808865 -0.489966 0.979174 0.920160 -0.278043 0.117854 0.199444 0.871660 -0.442321 0.687652 -0.267478 0.246482 0.118859 -0.733669 -0.037425 0.640284 0.831552 -0.617959 0.643060 0.982018 0.153766 -0.593170 -0.542823 0.201780 -0.061022 0.373807 0.985911 -0.300240 ]
step 36/128
Layer output: [ 0.000000 -0.928060 -0.208759 -0.106965 -0.132065 0.291595 0.775204 -0.958994 -0.083848 -0.031651 -0.530408 0.437256 0.474710 0.902428 0.953816 0.063743 -0.430508 0.993421 0.166299 -0.378343 0.693798 0.664650 0.942449 -0.645562 0.978543 0.958032 0.219871 0.901361 -0.346047 0.855854 -0.749398 0.214024 -0.793907 -0.416390 0.081422 -0.802093 -0.917861 0.919693 -0.070875 0.060510 0.090327 0.628322 0.078871 -0.009368 0.597347 0.163235 0.054311 0.270629 -0.753321 0.609171 0.446326 -0.460481 0.946550 -0.948034 0.111509 -0.678467 -0.157972 -0.892151 0.444953 0.646878 -0.075029 0.468267 0.285332 0.260956 0.839289 0.524350 -0.365061 0.473753 0.840029 -0.941607 0.650992 -0.487875 -0.625003 0.402340 0.785116 -0.735116 -0.726157 0.090587 -0.610978 0.843135 0.849608 0.111030 -0.540458 -0.638282 -0.379757 0.338701 -0.285323 0.549917 0.332498 0.790486 0.489757 -0.899720 0.978747 0.683903 0.945286 0.494913 0.688819 -0.870529 0.631544 -0.743750 0.648594 -0.594118 0.865411 0.916389 -0.702194 -0.209095 -0.152793 0.897489 -0.445587 0.396944 -0.292700 0.246479 -0.241749 -0.418870 -0.175516 0.718421 0.915556 -0.805472 0.621285 0.986386 0.043195 -0.669475 -0.666310 0.505655 -0.284842 0.384536 0.974382 -0.343728 ]
step 37/128
Layer output: [ 0.000000 -0.796632 -0.249915 -0.157971 -0.053691 -0.046279 0.761771 -0.953864 -0.429421 0.446767 -0.552367 0.338203 0.250353 0.945082 0.866558 -0.586617 -0.348887 0.976868 0.011033 -0.217728 0.780521 0.182116 0.931080 -0.724198 0.950778 0.944187 0.372136 0.543084 -0.366374 0.733058 -0.543700 0.193384 -0.766540 -0.719960 -0.380703 -0.727659 -0.916629 0.791632 -0.358466 -0.633732 0.094495 0.070799 -0.406072 0.419442 0.875022 0.181827 0.129826 0.261169 -0.805403 0.277743 0.362621 -0.149726 0.981451 -0.940764 -0.130938 -0.704585 -0.427919 -0.704991 0.434341 0.565151 -0.390281 0.301823 0.477476 -0.100488 0.809531 0.400245 -0.596548 0.777999 0.947726 -0.956765 0.692065 -0.491210 -0.250789 0.424571 0.603021 -0.841598 -0.674490 0.109534 -0.659212 0.775512 0.768502 -0.351839 -0.708237 -0.207423 -0.320735 0.706668 -0.480984 0.273069 -0.284162 0.849737 0.652709 -0.856843 0.970335 0.736152 0.937480 0.509928 0.715326 -0.925206 0.838005 -0.911829 0.762197 -0.776180 0.909956 0.973336 -0.754464 -0.636839 0.046639 0.960732 -0.698529 0.365677 0.197892 -0.330831 0.315211 -0.781253 -0.379441 0.869107 0.876505 -0.532269 0.651329 0.968694 0.230320 -0.646163 -0.523328 0.815372 -0.624127 0.165339 0.986847 -0.018139 ]
step 38/128
Layer output: [ 0.000000 -0.901090 -0.604221 0.306963 -0.057713 -0.020407 0.739851 -0.971582 -0.719115 0.352547 -0.655448 0.652275 -0.020576 0.924356 0.964742 -0.000823 -0.396603 0.985071 0.446789 -0.498542 0.542589 0.576398 0.922659 -0.817282 0.966322 0.986132 0.438760 0.804402 -0.260946 0.241555 -0.624945 0.212886 -0.752514 -0.734150 0.399777 -0.639475 -0.908583 0.927593 0.354357 -0.061269 -0.079649 -0.043284 -0.125743 -0.188140 0.639742 0.207042 0.015455 0.679725 -0.681975 0.551374 -0.216950 -0.540296 0.969814 -0.969249 -0.345804 -0.696101 -0.065228 -0.872052 0.737134 0.647783 -0.287173 0.477753 0.763470 0.520474 0.760365 0.686825 -0.721698 0.762238 0.892043 -0.911292 0.736637 -0.172966 -0.441157 0.491010 0.643984 -0.791126 -0.779331 -0.160225 -0.822556 0.866248 0.599801 -0.235377 -0.470228 -0.472435 -0.456964 0.496290 -0.063869 0.416812 0.266004 0.797536 0.426899 -0.817437 0.974538 0.484637 0.867542 0.697175 0.841350 -0.881301 0.719843 -0.869253 0.858151 -0.498027 0.909295 0.986593 -0.487866 -0.186604 0.177502 0.906293 -0.750196 0.516661 0.104385 0.369339 0.152834 -0.689602 0.000149 0.831483 0.934568 -0.879458 0.531033 0.968449 -0.428306 -0.802839 -0.717035 0.595106 -0.076352 0.443336 0.968491 -0.051953 ]
step 39/128
Layer output: [ 0.000000 -0.865814 0.259764 -0.023080 0.466426 -0.460004 0.757397 -0.950447 -0.234084 0.099291 -0.789729 -0.061204 0.146742 0.871657 0.979930 0.247546 -0.505729 0.990532 -0.170445 -0.431378 0.646684 0.474734 0.933191 -0.420897 0.892323 0.871429 0.186311 0.895543 -0.060198 0.808384 -0.594037 0.403483 -0.850507 -0.596672 -0.045518 -0.592574 -0.821387 0.868027 -0.479074 0.155893 -0.034610 0.281189 0.130075 0.108239 0.776798 0.376933 0.795310 0.446006 -0.637554 0.147658 -0.004946 -0.370731 0.951013 -0.920647 -0.330928 -0.589146 -0.119747 -0.746078 0.551317 0.632064 -0.291317 0.132608 0.587701 0.451915 0.898087 0.766702 -0.167916 0.603756 0.904331 -0.945878 0.741361 -0.707614 -0.095218 0.409218 0.578356 -0.869277 -0.902473 0.535977 -0.800492 0.927674 0.604086 -0.421654 -0.442267 -0.316788 -0.721044 0.349178 0.140911 0.297824 -0.237749 0.833014 0.610385 -0.661475 0.981137 0.321045 0.897747 0.795247 0.652310 -0.912324 0.453598 -0.935292 0.843020 -0.572890 0.960212 0.959780 -0.763282 -0.040787 0.109622 0.863991 -0.711695 0.700013 -0.249834 0.409101 0.472484 -0.588918 0.097301 0.411393 0.940514 -0.729705 0.486475 0.981570 -0.019045 -0.740734 -0.851152 0.737630 -0.263560 0.357969 0.985418 -0.060963 ]
step 40/128
Layer output: [ 0.000000 -0.872329 0.145021 -0.273701 0.182091 0.096222 0.463945 -0.978854 -0.267311 0.181819 -0.698458 0.335123 0.383374 0.948897 0.951304 -0.104356 -0.536705 0.977682 0.069592 -0.389901 0.767295 0.664850 0.930750 -0.260439 0.973867 0.902019 0.043900 0.855872 -0.395873 0.666677 -0.632876 0.290708 -0.406449 -0.701131 -0.214903 -0.600102 -0.931618 0.940610 -0.475623 0.293801 0.381547 0.570547 -0.523703 -0.092564 0.476535 0.194863 0.557044 0.426430 -0.685057 -0.025184 0.378062 -0.556301 0.923402 -0.818003 -0.288804 -0.604938 0.139708 -0.726385 0.339871 0.543537 -0.061599 0.613440 0.599967 -0.232355 0.849552 0.295035 -0.551017 0.694220 0.652324 -0.941211 0.746474 -0.797177 -0.028297 0.121114 0.684335 -0.760742 -0.833218 0.284420 -0.653595 0.859719 0.762548 0.072978 -0.790588 -0.538840 -0.535349 0.666292 -0.174576 0.722263 -0.173458 0.658092 0.682096 -0.745578 0.943682 0.453708 0.965565 0.557252 0.831122 -0.905802 0.489220 -0.951655 0.401382 -0.153620 0.982939 0.915089 -0.755830 -0.352197 0.102402 0.931771 -0.203365 0.513847 -0.413927 -0.055839 -0.233022 -0.778564 -0.434329 0.768440 0.957330 -0.826683 0.792854 0.988140 0.449218 -0.764193 -0.866961 0.733016 -0.584884 0.718178 0.961710 -0.443077 ]
step 41/128
Layer output: [ 0.000000 -0.946749 -0.256175 -0.221588 0.071477 -0.042748 0.644987 -0.969188 -0.426756 0.396192 -0.428253 0.626959 0.515873 0.866755 0.893681 -0.083652 -0.286483 0.990806 -0.212695 -0.219080 0.777300 0.345079 0.882865 -0.605933 0.915414 0.952426 0.657848 0.948050 -0.598617 0.832333 -0.746740 0.346789 -0.877625 -0.182362 -0.418489 -0.781779 -0.908015 0.892883 -0.229872 0.182009 0.378012 0.497184 -0.371023 -0.102042 0.854460 0.280539 -0.318698 0.212840 -0.716042 0.696944 -0.048753 -0.319100 0.969066 -0.928278 0.247365 -0.686532 0.122166 -0.688222 0.674414 0.247198 -0.214127 -0.012916 0.163518 0.169261 0.912218 0.704309 -0.307044 0.485621 0.854461 -0.902299 0.656620 -0.475017 -0.566289 0.067605 0.385491 -0.483897 -0.896642 0.375104 -0.581188 0.877887 0.813401 -0.028997 -0.654913 -0.506579 -0.365805 0.281679 -0.504073 0.233292 0.452244 0.831800 -0.092256 -0.924029 0.984201 0.790852 0.889078 0.128229 0.746560 -0.906308 0.709303 -0.924187 0.816650 -0.408510 0.946111 0.961873 -0.658804 -0.170100 0.305409 0.936313 -0.475026 0.264987 -0.503812 -0.244212 0.236325 -0.686595 0.053013 0.811410 0.902988 -0.851361 0.834866 0.984427 0.001361 -0.833137 -0.909944 0.331994 -0.474645 0.237811 0.989530 -0.075499 ]
step 42/128
Layer output: [ 0.000000 -0.838680 -0.475707 -0.048144 0.303800 -0.331315 0.683649 -0.891126 0.088531 0.168611 -0.651951 0.467768 0.842599 0.908271 0.844222 0.474581 -0.037646 0.984677 -0.215396 -0.799837 0.872798 0.626604 0.847976 -0.651105 0.961523 0.901822 -0.435528 0.907004 -0.454216 0.734404 -0.263888 0.397833 -0.896874 -0.616723 -0.282996 -0.641979 -0.964715 0.882594 -0.090646 0.025283 0.015110 0.418024 0.031904 -0.118623 0.629518 0.013603 0.426179 0.479131 -0.703832 0.472263 0.249931 -0.482594 0.955429 -0.869233 -0.155612 -0.530911 0.125789 -0.758777 0.511948 0.064525 -0.474781 0.162290 0.578135 0.468755 0.772194 0.376371 -0.056047 0.665159 0.570530 -0.872490 0.692329 -0.764790 -0.582210 0.477420 0.694512 -0.866402 -0.846605 0.356565 -0.702769 0.913369 0.814614 -0.108912 -0.440615 -0.567727 -0.572283 0.336764 -0.323985 0.545820 0.283271 0.674270 0.287853 -0.849556 0.949568 0.670836 0.934026 0.580764 0.798044 -0.925021 0.675403 -0.902849 0.662198 -0.498967 0.931141 0.929033 -0.708037 -0.420625 0.073902 0.619190 -0.761617 0.404228 -0.371632 -0.077297 0.182790 -0.695544 0.173327 0.756370 0.939167 -0.626715 0.238872 0.989735 -0.165861 -0.444972 -0.634126 0.322972 0.118136 -0.041389 0.980901 -0.418992 ]
step 43/128
Layer output: [ 0.000000 -0.941626 0.290651 -0.353107 -0.202768 -0.169760 0.859637 -0.969505 0.219471 -0.158846 -0.667709 0.525990 0.488488 0.906577 0.915249 0.639155 -0.366215 0.978667 -0.311116 -0.201501 0.916914 0.596266 0.947116 -0.506137 0.957597 0.940796 -0.074262 0.882358 -0.026924 0.419959 -0.538623 0.392601 -0.822443 -0.396163 -0.436743 -0.792111 -0.845995 0.918578 -0.077448 0.314730 0.330169 0.168572 -0.395870 -0.225005 0.548581 0.053493 0.332475 0.351425 -0.491481 0.570037 0.502628 -0.361221 0.940124 -0.948172 -0.158787 -0.494270 -0.272739 -0.548577 0.810812 0.310675 0.138041 0.049653 0.469434 0.588700 0.700023 0.609842 -0.523122 0.531984 0.857726 -0.942685 0.791659 -0.727334 -0.136048 -0.017239 0.757684 -0.629855 -0.923678 -0.001995 -0.691812 0.924975 0.854508 -0.280228 -0.385124 -0.745987 -0.338012 0.589993 -0.217030 0.626982 -0.238214 0.628962 0.388291 -0.644395 0.971351 0.519991 0.929658 0.546166 0.839905 -0.830785 0.639969 -0.858647 0.756291 -0.674904 0.935912 0.899401 -0.632401 -0.320026 0.452937 0.544797 -0.471554 0.596078 -0.231019 0.211330 -0.367118 -0.655261 0.330743 0.647945 0.912141 -0.735855 0.507055 0.981857 0.180118 -0.694645 -0.728852 0.165196 -0.252238 0.548271 0.956517 -0.235128 ]
step 44/128
Layer output: [ 0.000000 -0.867408 -0.239468 0.044018 0.269534 -0.416600 0.709053 -0.965457 -0.196340 -0.247427 -0.370103 0.748304 0.693999 0.797782 0.955450 -0.095397 -0.162703 0.987251 -0.259373 0.057447 0.744586 0.606779 0.902873 -0.805264 0.937783 0.938248 0.461803 0.811710 -0.466569 0.660960 -0.709742 0.183289 -0.831805 -0.613399 -0.040093 -0.902578 -0.915983 0.819503 0.150147 -0.230616 0.286131 0.179333 -0.477060 0.042181 0.720163 0.215102 0.125501 0.310927 -0.687835 0.715048 0.212892 -0.314974 0.957008 -0.601296 -0.301558 -0.171190 -0.241238 -0.636090 0.206600 0.240951 -0.145048 -0.216091 0.456904 0.349662 0.806295 0.663530 -0.746307 0.585481 0.795156 -0.864222 0.347184 -0.428666 -0.194617 0.691715 0.542631 -0.807234 -0.676071 -0.203313 -0.569131 0.888498 0.810590 -0.342432 -0.771237 -0.420093 -0.362233 0.345390 -0.203244 0.101857 0.322681 0.639142 0.515802 -0.670195 0.940526 0.757303 0.930497 0.626341 0.823475 -0.910413 0.689834 -0.880840 0.770447 -0.758830 0.911659 0.963153 -0.361292 -0.511431 0.352188 0.961381 -0.685553 0.474543 -0.443058 -0.171042 -0.440589 -0.807758 -0.166348 0.336623 0.962604 -0.944262 0.661599 0.975502 0.088543 -0.824057 -0.890420 0.797199 -0.463589 0.202818 0.980058 -0.047062 ]
step 45/128
Layer output: [ 0.000000 -0.903843 -0.262594 -0.300077 0.100244 -0.243743 0.852151 -0.931782 0.365118 -0.325522 -0.796829 0.338690 0.564207 0.648135 0.985618 0.087828 -0.713084 0.992283 -0.096637 -0.718658 0.802039 0.443455 0.833810 -0.527418 0.944185 0.893954 0.276705 0.904553 0.067562 0.842200 -0.789807 -0.020443 -0.899880 -0.430739 -0.230929 -0.753348 -0.769462 0.861038 -0.065946 -0.298038 0.206181 0.342994 -0.415987 0.001555 0.440854 -0.027530 0.294291 0.417803 -0.814042 0.259455 -0.168979 -0.176898 0.946655 -0.792201 0.330354 -0.543832 -0.394993 -0.791202 0.292274 0.659226 -0.251673 -0.137077 0.441839 0.393837 0.871515 0.671429 -0.658995 0.304410 0.859275 -0.900274 0.694504 -0.393497 -0.286676 0.202002 0.605332 -0.902733 -0.713829 0.362516 -0.655899 0.842583 0.821145 -0.350488 -0.707765 -0.466006 -0.357198 -0.010599 -0.315030 0.406938 0.247907 0.737733 0.598481 -0.602460 0.972830 0.772217 0.894897 0.427059 0.593981 -0.888191 0.480107 -0.895547 0.807641 -0.420845 0.979929 0.985570 -0.550951 -0.340931 0.458492 0.894146 -0.431477 0.636943 0.008498 0.718546 0.307555 -0.408182 0.244413 0.363277 0.759890 -0.584546 0.354251 0.963698 -0.295407 -0.882166 -0.926708 0.519507 -0.059565 0.102616 0.985472 -0.171487 ]
step 46/128
Layer output: [ 0.000000 -0.908638 -0.354213 0.083482 0.238222 0.354541 0.447091 -0.948243 0.183221 0.458862 -0.794264 0.128350 0.794567 0.937430 0.936124 -0.061263 -0.181731 0.974014 -0.184941 -0.382128 0.723014 0.502287 0.948913 -0.594282 0.974274 0.691450 -0.479795 0.843369 -0.456860 0.728603 -0.753043 0.359333 -0.585751 -0.618023 -0.403993 -0.534125 -0.895486 0.906973 -0.138909 -0.248144 0.623296 0.326460 -0.501090 0.012635 0.480249 -0.113566 0.192707 0.175727 -0.792256 0.035454 0.132588 -0.110448 0.918152 -0.788752 -0.239680 -0.649654 -0.095941 -0.622527 0.425985 0.549485 -0.046539 0.464106 0.347934 0.026789 0.880554 0.574893 -0.274978 0.769571 0.689942 -0.956710 0.643476 -0.736811 0.252583 0.109893 0.750678 -0.846426 -0.842051 0.032954 -0.702030 0.927077 0.539684 0.244070 -0.261145 0.316105 -0.563240 0.700045 -0.142290 0.356022 0.383753 0.451535 0.536442 -0.817641 0.966385 0.568231 0.962034 0.556285 0.805245 -0.948946 0.453727 -0.932483 0.805034 0.281604 0.980937 0.924692 -0.627533 -0.461541 -0.031718 0.925171 -0.533913 0.492839 -0.361493 -0.176139 -0.430776 -0.408255 -0.204231 0.886420 0.948237 -0.687610 0.713012 0.982064 0.714221 -0.649838 -0.852181 0.622574 -0.337032 0.439854 0.956995 0.041801 ]
step 47/128
Layer output: [ 0.000000 -0.953614 0.052269 -0.260003 0.277609 0.366396 0.866847 -0.920317 -0.050340 0.098399 -0.764729 0.519686 0.690823 0.871351 0.955280 0.400611 0.008042 0.974141 0.221980 -0.164139 0.800959 0.409172 0.901812 -0.599114 0.972554 0.840912 0.275563 0.851141 -0.340399 0.429919 -0.383858 0.143827 -0.922115 -0.494239 -0.297897 -0.619128 -0.889457 0.910638 -0.338261 0.433808 0.316485 0.242868 -0.164966 -0.137012 0.766967 -0.172587 0.121922 0.239384 -0.560890 0.348449 0.398275 -0.059531 0.966176 -0.773432 0.181774 -0.480837 -0.334982 -0.725685 0.656275 0.566827 0.094462 0.129427 0.132759 0.443780 0.835645 0.713579 -0.357743 0.651426 0.737907 -0.926230 0.477832 -0.654016 -0.271823 -0.381857 0.768756 -0.560153 -0.863972 -0.063575 -0.713131 0.904858 0.652493 0.110444 -0.331214 -0.162856 -0.521156 0.565299 -0.022769 0.211672 -0.145038 0.708139 0.425244 -0.795292 0.967919 0.455894 0.833095 0.724707 0.863569 -0.911105 -0.039519 -0.919733 0.782004 -0.459986 0.977859 0.957820 -0.415272 -0.176958 0.134442 0.951126 -0.527203 0.257174 -0.153203 0.379864 0.128913 -0.695703 0.085225 0.785432 0.920204 -0.851159 0.668097 0.988193 -0.139030 -0.872180 -0.846840 0.158147 -0.414300 0.184690 0.973001 -0.285820 ]
step 48/128
Layer output: [ 0.000000 -0.924518 -0.217555 -0.158676 -0.201848 -0.592117 0.841565 -0.984815 -0.295936 0.346418 -0.553905 0.778993 0.758806 0.953967 0.910709 -0.024581 -0.039614 0.977371 -0.273304 -0.139140 0.803281 0.381086 0.936534 -0.386896 0.978851 0.929149 0.043845 0.943234 -0.563403 0.904921 -0.460129 -0.078918 -0.853500 -0.311891 -0.148714 -0.969936 -0.942833 0.813705 -0.586960 0.110705 0.598771 0.532877 -0.448540 0.175872 0.397151 0.212107 0.436254 0.453466 -0.721142 0.156934 0.372766 -0.513278 0.988039 -0.903552 0.072149 -0.317550 0.027582 -0.701273 -0.232143 0.501714 -0.503154 -0.100939 0.503360 -0.248611 0.825609 0.675059 -0.338272 0.785625 0.773820 -0.884213 0.788200 -0.574110 0.158303 -0.010889 0.732637 -0.594088 -0.813847 0.371502 -0.689282 0.956193 0.529728 -0.118609 -0.746855 -0.492113 -0.340226 0.382872 -0.348078 0.527017 -0.017764 0.476519 0.618464 -0.720245 0.957635 0.707618 0.956581 0.407262 0.899475 -0.911846 0.748678 -0.872509 0.385097 -0.294249 0.861458 0.966774 -0.868941 -0.398713 -0.003627 0.930882 -0.349583 0.710832 -0.409827 -0.143671 -0.022063 -0.599966 0.273788 0.905038 0.967315 -0.883464 0.354396 0.974877 0.578424 -0.321199 -0.778704 0.568480 -0.376725 0.702298 0.964894 -0.116320 ]
step 49/128
Layer output: [ 0.000000 -0.906044 -0.545864 -0.293802 -0.438009 -0.006359 0.833670 -0.949283 -0.452251 0.275384 -0.616492 0.672080 0.469498 0.881588 0.925982 0.140432 -0.542186 0.976228 -0.011129 -0.504613 0.891843 0.276489 0.975991 -0.783638 0.973492 0.978124 -0.150466 0.877711 -0.285588 0.617790 -0.519159 0.401992 -0.823636 -0.144399 -0.336923 -0.858492 -0.899823 0.843485 -0.135126 -0.010956 -0.386192 0.197092 0.363874 -0.207987 0.851931 -0.185213 0.003415 0.409360 -0.835917 0.458564 0.595470 0.070475 0.985123 -0.946446 0.223681 -0.547624 -0.009739 -0.712376 0.260429 -0.023989 -0.071197 0.298972 0.266368 0.255487 0.910633 0.791225 -0.498988 0.476054 0.809957 -0.922332 0.512971 -0.180455 0.324384 -0.194212 0.654993 -0.679652 -0.904041 0.405049 -0.800628 0.946820 0.808598 -0.101549 -0.706333 -0.382303 -0.567830 0.478254 -0.444260 0.550923 -0.356654 0.419131 0.629524 -0.927198 0.986813 0.427187 0.955981 0.413708 0.409682 -0.973791 -0.010507 -0.904158 0.764702 -0.685889 0.860342 0.966453 -0.701381 -0.185753 -0.195660 0.969529 -0.472982 0.786263 -0.037106 0.127471 -0.142319 -0.629228 0.373387 0.774792 0.724853 -0.465776 0.434791 0.987563 0.638038 -0.515709 -0.351760 0.053971 -0.117048 -0.179296 0.965693 -0.269063 ]
step 50/128
Layer output: [ 0.000000 -0.916595 -0.545849 -0.757855 0.426455 0.321537 0.638167 -0.952733 -0.410892 0.496421 -0.502625 0.709282 0.012943 0.968194 0.943686 0.044932 -0.090646 0.982975 -0.412594 -0.612886 0.778282 0.666633 0.970759 -0.779508 0.961964 0.940784 0.123538 0.760409 -0.065890 0.896000 -0.806687 0.073507 -0.882573 -0.814598 -0.115981 -0.588645 -0.982348 0.840403 -0.459599 -0.422302 -0.167421 -0.140504 0.148177 -0.039216 0.777670 0.520396 0.246682 0.326646 -0.676732 0.568220 0.337908 0.003064 0.939935 -0.935412 -0.203579 -0.711051 0.087987 -0.716192 -0.040940 0.804675 -0.327393 0.350470 0.761763 0.183919 0.798211 0.607680 -0.852596 0.792295 0.681176 -0.940314 0.694080 -0.368849 0.411551 0.170011 0.630708 -0.864541 -0.841435 -0.080600 -0.664838 0.925078 0.695164 -0.311856 -0.675198 -0.255417 -0.729893 0.753612 -0.782087 0.184243 -0.304591 0.480059 0.744996 -0.905993 0.947428 0.398472 0.945857 0.796704 0.865125 -0.939580 0.464516 -0.971550 0.772239 -0.197275 0.891019 0.989624 -0.245157 -0.284452 -0.023058 0.938780 -0.504163 0.445621 0.255010 0.657374 0.226601 -0.696312 -0.363624 0.690043 0.888439 -0.674499 0.770060 0.983635 0.302757 -0.717274 -0.496855 0.734122 -0.044055 0.362975 0.965843 0.489516 ]
step 51/128
Layer output: [ 0.000000 -0.826499 -0.222043 -0.029387 0.166067 -0.042011 0.852391 -0.925123 -0.423791 0.040060 -0.775034 0.530109 0.500090 0.886202 0.939658 0.266618 -0.429896 0.975538 0.004893 -0.276202 0.920126 0.436280 0.972876 -0.631363 0.958483 0.971355 -0.343427 0.556339 -0.510130 0.710055 -0.630379 -0.237387 -0.715551 -0.222912 -0.258590 -0.783907 -0.862104 0.899062 -0.269200 -0.258339 -0.116578 0.545508 -0.359006 0.012319 0.572787 -0.157876 0.293454 -0.441385 -0.688392 0.468158 0.123097 -0.230292 0.959095 -0.939843 -0.282176 -0.771195 0.081082 -0.744528 0.123766 0.851998 -0.119321 0.091692 0.064607 0.034962 0.764764 0.875368 -0.445913 0.686246 0.792760 -0.919854 0.578746 -0.182693 -0.245884 0.097879 0.680698 -0.832969 -0.872644 0.283652 -0.470160 0.890424 0.475960 0.042427 -0.405416 -0.766967 -0.587540 0.621171 -0.439771 0.054987 -0.386247 0.734221 0.709952 -0.749538 0.917232 0.735531 0.943715 0.514713 0.841175 -0.919563 0.609407 -0.958011 0.756114 -0.332016 0.956192 0.963990 -0.865213 -0.411523 0.254901 0.836508 -0.611068 0.228363 -0.154479 0.371217 0.469607 -0.069576 -0.191035 0.434242 0.826234 -0.798701 0.645414 0.990876 0.223537 -0.614871 -0.877194 0.625927 -0.506802 0.488591 0.967395 0.361126 ]
step 52/128
Layer output: [ 0.000000 -0.893293 -0.516531 0.192141 0.018648 -0.508388 0.851850 -0.978988 0.063990 -0.294024 -0.879927 0.409375 0.383289 0.910439 0.962398 0.041818 -0.387825 0.975648 -0.438075 -0.431384 0.638764 0.670651 0.880307 -0.665951 0.943058 0.929591 -0.289702 0.827090 0.051692 0.896132 -0.236917 -0.413755 -0.907941 -0.598003 0.407703 -0.817907 -0.895906 0.612790 0.097034 0.483435 0.337880 -0.154499 -0.589674 0.200398 0.446062 -0.043083 0.310773 0.265080 -0.738915 0.258617 -0.099770 -0.622647 0.958458 -0.792078 0.050570 -0.303243 -0.140084 -0.709159 0.330946 0.236460 -0.414719 -0.199654 0.651142 0.289429 0.575586 0.536056 -0.544774 0.009403 0.778428 -0.936143 0.752083 -0.238863 0.057702 0.766561 0.536671 -0.875747 -0.719274 0.106990 -0.088780 0.950817 0.596746 -0.157531 -0.802184 -0.387614 -0.244583 0.628520 -0.318100 0.499108 -0.558271 0.532038 0.821065 -0.768170 0.982936 0.371212 0.887420 0.774299 0.837087 -0.971719 0.787803 -0.874907 0.660401 -0.326473 0.956626 0.986760 -0.595391 -0.123253 0.734419 0.931955 -0.658542 0.688904 0.117734 0.572430 -0.084086 -0.367014 -0.060297 0.777590 0.915494 -0.515295 0.677881 0.983507 -0.505897 -0.826248 -0.854078 0.437016 0.022198 0.456324 0.985455 0.390741 ]
step 53/128
Layer output: [ 0.000000 -0.900590 -0.600884 -0.095210 -0.083229 0.010769 0.905279 -0.943930 -0.112844 -0.139827 -0.897443 0.141620 0.326371 0.824468 0.946133 0.483185 -0.495024 0.959106 -0.263968 -0.562278 0.820930 0.882569 0.859715 -0.557465 0.941378 0.541826 -0.187177 0.663876 0.137319 0.830613 -0.443616 -0.186868 -0.939852 -0.387462 -0.066904 -0.769123 -0.932527 0.844157 -0.422847 -0.243955 0.451469 -0.234248 -0.524362 -0.176115 0.693959 -0.186447 0.160976 -0.362764 -0.722624 0.397978 0.056544 0.011954 0.969733 -0.915591 -0.162036 -0.469034 -0.290530 -0.866720 -0.039836 0.181309 0.210180 0.120822 0.234999 0.571484 0.782789 0.809933 -0.673712 0.646861 0.820638 -0.914973 0.700002 -0.517439 0.080416 0.216729 0.899481 -0.944796 -0.788985 0.133590 -0.667111 0.935026 0.747294 -0.327956 0.410541 -0.149728 -0.538040 0.342088 0.026707 0.372160 -0.310855 0.476835 0.612262 -0.573660 0.986839 0.341492 0.905930 0.738365 0.515067 -0.980225 0.518566 -0.840950 0.804020 -0.579258 0.914973 0.977686 -0.739628 -0.415695 0.475315 0.891364 -0.467180 0.466909 0.047300 0.422808 0.597196 -0.313333 -0.302131 0.770439 0.747283 -0.536548 0.169576 0.986636 0.005171 -0.280458 -0.393356 0.435869 -0.003172 0.692312 0.944512 -0.388771 ]
step 54/128
Layer output: [ 0.000000 -0.809593 0.078834 0.349671 0.371869 0.102876 0.918062 -0.977606 -0.222364 0.205182 -0.725050 0.421090 0.427382 0.858680 0.967750 0.023944 -0.211753 0.995180 0.105530 0.150779 0.736366 0.459073 0.902167 -0.653165 0.955465 0.919879 0.206586 0.725344 0.165447 0.718666 -0.748037 0.179619 -0.871810 -0.789635 -0.046193 -0.869564 -0.844338 0.812099 0.080978 -0.013154 0.370857 -0.025481 -0.588457 -0.104638 0.847209 0.092075 -0.119963 0.130039 -0.470802 0.683149 0.051095 -0.344746 0.947532 -0.952732 -0.210020 -0.774093 -0.052774 -0.684345 0.343709 0.128889 -0.302595 -0.191128 0.578880 0.152127 0.714205 0.670467 -0.723242 0.562660 0.936514 -0.870476 0.622063 -0.100564 0.162611 -0.106009 0.481013 -0.952875 -0.675120 0.144054 -0.748917 0.945872 0.397348 -0.134769 -0.564094 -0.149120 0.011972 0.711856 -0.420506 0.328138 0.137995 0.776804 0.427099 -0.663503 0.962150 0.347543 0.945002 0.510236 0.614948 -0.937214 0.719522 -0.913896 0.767510 -0.628335 0.867259 0.963510 -0.527724 -0.819862 -0.011067 0.967017 -0.513667 0.518244 -0.259176 0.352603 0.164862 -0.443788 -0.189213 0.660005 0.966332 -0.810751 0.556287 0.975926 0.081788 -0.393793 -0.739095 0.630905 -0.384018 0.723586 0.957093 0.087914 ]
step 55/128
Layer output: [ 0.000000 -0.937258 0.113693 -0.460862 -0.310322 0.208874 0.690999 -0.952437 0.184486 0.174677 -0.414501 0.481600 0.510491 0.844375 0.926923 0.088230 -0.559627 0.983656 -0.413111 0.238562 0.861017 0.497260 0.944221 -0.651247 0.985203 0.956282 -0.028400 0.598104 -0.315207 0.831606 -0.546741 -0.156765 -0.962564 -0.383291 -0.059600 -0.754884 -0.905196 0.899974 -0.084981 -0.223082 0.519997 0.626101 -0.550280 -0.254216 0.616773 0.174177 -0.080666 0.373964 -0.265107 0.365797 -0.004733 -0.125354 0.986165 -0.885515 -0.146687 -0.771501 0.358209 -0.777587 0.430087 0.135975 0.029304 0.027080 0.581137 0.011401 0.647127 0.779363 -0.594571 0.303396 0.863671 -0.925733 0.724041 -0.360002 -0.175696 -0.008681 0.466460 -0.767414 -0.553720 0.366279 -0.158968 0.941344 0.513353 -0.597578 -0.143858 -0.670956 -0.517987 0.508107 -0.700052 0.073557 -0.069978 0.745440 0.014977 -0.568517 0.962842 0.408880 0.851969 0.275910 0.779365 -0.846200 0.790385 -0.838635 0.658349 -0.686431 0.793771 0.975844 -0.369195 -0.065940 0.274726 0.883550 -0.574394 0.745292 -0.246029 0.394899 0.373455 -0.718419 -0.216297 0.613276 0.758125 -0.652454 0.702672 0.963079 0.049956 -0.604022 -0.878711 0.563308 -0.430925 0.602690 0.968653 -0.126214 ]
step 56/128
Layer output: [ 0.000000 -0.939182 -0.586254 0.018525 -0.059900 -0.120156 0.764834 -0.947485 -0.093588 0.212905 -0.050345 0.660184 0.563367 0.899659 0.900382 -0.165635 -0.585456 0.994124 -0.313884 -0.239674 0.664114 0.685698 0.923333 -0.584429 0.954977 0.888815 -0.070267 0.756896 -0.255308 0.742404 -0.654469 0.446359 -0.798175 -0.502631 -0.280695 -0.855079 -0.923549 0.923291 -0.477026 -0.129941 0.610142 0.370391 -0.394236 -0.074563 0.534609 -0.195826 -0.055629 0.264767 -0.170426 0.511511 0.115238 -0.331315 0.972753 -0.867771 -0.275475 -0.485115 0.247517 -0.550980 0.409228 0.158331 -0.140393 0.002283 0.653302 0.078002 0.793866 0.475294 -0.791654 0.425909 0.872073 -0.965427 0.652430 -0.563202 -0.480404 0.055533 0.763411 -0.853426 -0.752067 0.466123 -0.875985 0.862567 0.731184 -0.374202 -0.365774 -0.555828 -0.290388 0.694305 -0.617966 0.464382 0.200192 0.315394 0.651659 -0.735253 0.971107 0.398214 0.910461 0.435194 0.539922 -0.723554 0.547066 -0.892588 0.240494 -0.756251 0.935520 0.919230 -0.377594 -0.444138 0.094243 0.918413 -0.515727 0.645267 -0.435942 0.201997 0.140513 -0.599641 0.018348 0.745588 0.881877 -0.817079 0.745171 0.976973 0.342116 -0.633681 -0.849276 0.432186 0.127216 0.528475 0.975517 0.197085 ]
step 57/128
Layer output: [ 0.000000 -0.857949 -0.259399 0.408091 -0.052021 -0.160987 0.850166 -0.982990 -0.090957 -0.298083 -0.424326 0.777428 0.391950 0.911581 0.862030 -0.026673 -0.156946 0.975434 0.108567 -0.335473 0.852841 0.716308 0.945169 -0.688013 0.967371 0.958245 0.450976 0.824786 -0.014722 0.865020 -0.798091 0.062659 -0.753703 -0.605197 -0.206691 -0.846412 -0.904330 0.702473 -0.387752 0.289291 0.187127 -0.289139 -0.525909 -0.239669 0.568192 -0.324699 -0.193466 0.169853 -0.560017 0.572086 0.005166 -0.434462 0.952503 -0.913653 -0.043165 -0.090491 -0.333227 -0.793462 0.730394 0.335784 -0.453226 0.045447 0.729826 0.364843 0.619087 0.549713 -0.664826 0.656814 0.905809 -0.947016 0.394964 -0.406451 0.194557 -0.278998 0.822963 -0.796725 -0.648750 0.407151 -0.831255 0.817560 0.766128 0.040058 -0.616797 -0.050415 -0.413240 0.465875 -0.319505 0.685317 0.034588 0.535126 0.695532 -0.780182 0.940146 0.608436 0.908213 0.659015 0.922084 -0.903902 0.743671 -0.681370 0.737122 -0.791893 0.942744 0.989430 -0.185365 -0.418076 0.077153 0.910896 -0.268297 0.841290 0.045240 0.230743 -0.002856 -0.725791 0.586535 0.792662 0.910055 -0.698815 0.603179 0.991064 0.296243 -0.368660 -0.509118 0.261530 0.149300 0.531361 0.986806 -0.068393 ]
step 58/128
Layer output: [ 0.000000 -0.732278 -0.317675 -0.491623 -0.008552 -0.007225 0.752762 -0.948904 0.009064 -0.289466 -0.775383 0.616356 -0.157775 0.953398 0.926672 0.105009 -0.065153 0.985840 -0.121543 -0.589920 0.790321 0.068518 0.912675 -0.680183 0.974534 0.944333 -0.007507 0.808326 -0.155320 0.731389 -0.591304 0.046146 -0.909562 -0.652302 -0.085390 -0.787474 -0.948537 0.824768 -0.146895 -0.319561 -0.205182 -0.119768 -0.223886 -0.242912 0.293104 0.418473 0.251893 0.217364 -0.880028 0.235210 0.406566 -0.072933 0.964201 -0.904096 -0.267793 -0.585508 0.055610 -0.858244 0.221904 0.394325 -0.302780 0.158815 0.612408 0.364716 0.880795 0.751122 -0.641109 0.796650 0.896353 -0.943570 0.626736 -0.281556 -0.330104 0.558189 0.216610 -0.918862 -0.809010 0.266019 -0.764636 0.898361 0.768854 0.131382 -0.810105 -0.803299 -0.592083 -0.221439 -0.462718 0.549273 -0.295061 0.041827 0.703872 -0.907045 0.963952 0.798898 0.976098 0.304637 0.671051 -0.936624 0.550159 -0.779399 0.889138 -0.754470 0.962459 0.980638 -0.582017 -0.103596 0.219981 0.941493 -0.513401 0.720066 -0.156426 0.057854 0.727168 -0.884362 -0.309149 0.801668 0.798710 -0.741459 0.368632 0.986861 0.402811 -0.663279 -0.573669 0.385512 -0.300973 0.455549 0.983686 -0.254914 ]
step 59/128
Layer output: [ 0.000000 -0.947035 -0.300098 -0.061355 0.339952 0.076202 0.884331 -0.978005 -0.272497 -0.274736 -0.753173 0.136564 0.678417 0.884553 0.968038 0.047827 0.098230 0.983341 -0.128485 -0.568734 0.853939 0.652623 0.959751 -0.043410 0.919148 0.943152 0.109755 0.850752 -0.192586 0.875318 -0.511515 0.516061 -0.627956 -0.782527 -0.075780 -0.771658 -0.952103 0.833255 0.015355 0.077596 -0.062740 -0.095195 -0.383241 0.300985 0.732166 0.403289 0.425808 0.119760 -0.523877 0.198526 0.137761 -0.460830 0.940356 -0.850093 -0.494779 -0.754120 0.179422 -0.775377 0.407787 0.687000 -0.461001 0.118096 0.230562 0.569549 0.860626 0.718918 -0.359147 0.800668 0.793731 -0.904693 0.597749 -0.394376 -0.458319 0.363954 0.710672 -0.859158 -0.901959 0.210762 -0.783785 0.962462 0.719364 -0.255326 -0.803708 -0.620833 -0.643485 0.674326 0.182741 0.796844 -0.440237 0.804138 0.836207 -0.744332 0.978252 0.591082 0.966129 0.805580 0.860011 -0.868549 0.821805 -0.957645 0.766485 -0.424531 0.939392 0.984616 -0.579781 -0.109169 0.590480 0.925759 -0.630250 0.559551 0.009838 0.296967 0.308552 0.341491 -0.217446 0.710058 0.891799 -0.701216 0.507880 0.984208 0.306692 -0.717344 -0.747540 0.508473 0.142700 0.572618 0.982086 0.244892 ]
step 60/128
Layer output: [ 0.000000 -0.957966 -0.151983 0.135137 0.419342 0.602206 0.776221 -0.850515 -0.123135 -0.011421 -0.804678 -0.140579 0.275181 0.548466 0.969845 0.131363 -0.511551 0.991618 0.590651 -0.519461 0.534898 0.727625 0.933771 -0.430667 0.974176 0.925195 -0.242668 0.776488 0.299304 0.808335 -0.796939 -0.357311 -0.882450 -0.497883 -0.290417 -0.822760 -0.849270 0.858112 -0.330361 -0.208156 0.369525 0.130991 -0.366865 0.534775 0.367029 0.328760 0.206921 -0.128019 -0.763231 -0.056958 -0.176371 -0.528277 0.884864 -0.736522 -0.151457 -0.519054 -0.231967 -0.672419 0.197034 0.692846 -0.423039 -0.175036 -0.406919 0.546200 0.763619 0.775491 -0.842058 0.224412 0.839209 -0.925914 0.635973 -0.053202 0.031436 0.186415 0.627585 -0.825804 -0.812345 -0.000969 -0.646089 0.822104 0.691496 0.100444 -0.803893 -0.453492 -0.381185 0.305165 -0.555342 0.555921 -0.469632 0.691358 0.604530 -0.549992 0.935198 0.662635 0.936057 0.473157 0.882961 -0.884112 0.713145 -0.945277 0.818676 -0.513489 0.967951 0.862325 -0.682008 0.107311 0.005749 0.865813 -0.122011 0.816644 -0.130833 0.269535 0.772412 -0.449518 -0.670359 0.838294 0.580056 -0.286252 0.557566 0.928744 0.394313 -0.668118 -0.652650 0.745203 -0.620287 0.461167 0.974314 0.373883 ]
step 61/128
Layer output: [ 0.000000 -0.946335 -0.222225 -0.534381 -0.022224 0.226082 0.714208 -0.964575 -0.196069 -0.177225 -0.361786 0.457730 0.253422 0.875226 0.970826 0.275725 -0.461205 0.980752 0.444561 -0.652797 0.798024 0.480048 0.918549 -0.509871 0.978766 0.913937 0.369428 0.801413 -0.122498 0.852406 -0.820136 -0.006234 -0.904900 -0.471083 0.409261 -0.748488 -0.939804 0.865740 -0.462494 -0.067339 0.377803 0.152166 -0.226810 0.229272 0.695149 0.002760 -0.304847 0.070184 -0.802338 0.392042 0.620963 -0.066585 0.970413 -0.909279 -0.079393 -0.358907 0.380628 -0.898287 0.548949 -0.015475 -0.251400 0.587571 0.268018 0.451081 0.856087 0.375905 -0.773172 0.499646 0.922262 -0.922887 0.579948 -0.337082 -0.125690 0.456051 0.757835 -0.837705 -0.739305 0.129311 -0.740657 0.848594 0.821985 -0.161381 -0.681649 -0.018292 -0.113377 0.531448 -0.542653 0.153716 0.247128 0.671116 0.598683 -0.715048 0.967407 0.552148 0.953214 0.665480 0.632814 -0.968577 0.436387 -0.867727 0.702699 -0.535865 0.920866 0.964932 -0.521943 -0.182424 -0.039382 0.932820 -0.394147 0.761295 -0.137672 0.126204 -0.010442 -0.478557 0.021474 0.869497 0.878994 -0.644286 0.583508 0.930227 -0.212096 -0.800332 -0.784014 0.739860 -0.259207 0.490861 0.988302 -0.327884 ]
step 62/128
Layer output: [ 0.000000 -0.885497 -0.416733 0.050814 -0.307966 0.071164 0.819059 -0.903196 -0.351152 0.156447 -0.505077 0.246708 0.405033 0.513562 0.826600 -0.354501 -0.640588 0.984778 0.268683 -0.294825 0.855554 0.677797 0.881498 -0.682525 0.922654 0.946355 -0.303843 0.682780 -0.468702 0.505374 -0.428065 0.119045 -0.956169 -0.437237 -0.246839 -0.635305 -0.855590 0.934880 -0.582007 -0.063947 0.269680 -0.093684 -0.143972 -0.100663 0.266946 0.434432 0.309751 0.294216 -0.495676 0.339420 0.244233 -0.239640 0.967955 -0.925701 -0.338467 -0.757252 -0.236610 -0.737667 0.621790 0.494094 -0.238613 0.093431 0.567787 0.428908 0.947877 0.611014 -0.279364 0.772567 0.814710 -0.922195 0.695742 -0.692194 -0.209692 0.051635 0.814494 -0.845132 -0.891827 0.140640 -0.727634 0.757542 0.812745 -0.402345 -0.024249 -0.413815 -0.716132 0.545326 -0.279182 0.442433 -0.307070 0.563837 0.490447 -0.601608 0.985374 0.705824 0.915851 0.212892 0.483405 -0.828993 0.518382 -0.981479 0.867390 -0.848188 0.969279 0.971727 -0.751655 -0.107876 0.487288 0.912111 -0.635301 0.544225 -0.159737 0.413463 0.565265 -0.613621 -0.227160 0.643644 0.703785 -0.513441 0.516836 0.977731 0.059762 -0.629852 -0.833719 0.510137 0.015855 0.032745 0.976108 0.111607 ]
step 63/128
Layer output: [ 0.000000 -0.891664 -0.680762 0.363524 0.112463 0.095674 0.773109 -0.933159 -0.110235 -0.316105 -0.322303 0.765320 0.309966 0.800838 0.871042 -0.411073 -0.246731 0.994390 -0.034591 -0.558309 0.647535 0.141752 0.854730 -0.906372 0.929991 0.935029 0.407034 0.763327 -0.427549 0.622211 -0.807732 -0.016615 -0.864487 -0.651731 -0.510236 -0.537538 -0.843724 0.853613 -0.474268 -0.001063 0.513588 -0.023063 -0.416905 -0.039558 0.721593 0.067903 -0.485000 0.169669 -0.302208 0.459857 0.402181 -0.410069 0.941760 -0.952093 -0.218411 -0.429178 -0.449518 -0.819103 0.843023 0.497928 -0.326303 -0.312552 0.580247 -0.008480 0.654566 0.262670 -0.804440 0.661348 0.944363 -0.942506 0.698208 -0.748145 0.185782 0.367046 0.596904 -0.875747 -0.600286 0.210195 -0.563626 0.810316 0.913910 -0.062321 -0.228856 -0.390463 -0.381879 0.476222 -0.436030 0.632203 0.143080 0.023803 0.430069 -0.736569 0.986664 0.785515 0.975683 0.424349 0.695616 -0.908468 0.421363 -0.822937 0.895312 -0.290608 0.969821 0.979733 -0.169985 -0.157967 0.243326 0.875897 -0.728401 0.824645 -0.143417 0.379331 0.140771 -0.819473 -0.146368 0.854790 0.726422 -0.772619 0.537741 0.963274 -0.394297 -0.757288 -0.735608 0.535618 0.050356 -0.072790 0.994760 0.110715 ]
step 64/128
Layer output: [ 0.000000 -0.928760 -0.136508 0.385290 -0.542772 0.100770 0.740362 -0.956411 -0.091676 -0.347139 -0.589718 0.726543 -0.021104 0.656663 0.904907 0.543976 -0.105235 0.989961 -0.405019 -0.577233 0.948283 0.471968 0.923976 -0.791391 0.976861 0.882396 0.434201 0.722808 0.278680 0.739742 -0.716602 -0.365909 -0.958209 -0.390376 -0.065257 -0.542515 -0.801117 0.822530 0.066507 -0.461820 -0.013341 0.104961 0.070158 -0.012342 0.388698 0.072998 0.092951 0.275389 -0.526467 0.624357 0.173919 -0.690953 0.983657 -0.893120 0.101000 -0.728865 0.067940 -0.864687 0.789438 -0.238427 -0.526216 -0.037585 0.208976 0.119791 0.714950 0.836309 -0.411108 0.062344 0.941846 -0.923433 0.518912 -0.732785 0.481188 0.337303 0.773281 -0.741987 -0.824537 0.026968 -0.384181 0.919644 0.786053 0.132828 -0.588565 -0.698799 -0.201646 -0.009979 -0.425907 0.501655 -0.147418 0.589696 0.683269 -0.659336 0.928176 0.736840 0.966326 0.724318 0.684027 -0.913762 0.110142 -0.926422 0.905502 -0.374636 0.971807 0.967905 -0.268552 -0.546199 -0.163126 0.946829 -0.043337 0.662685 -0.407553 0.448126 -0.350010 -0.412714 0.031757 0.338114 0.818640 -0.438616 0.388450 0.942286 0.064596 -0.778498 -0.457531 0.546571 -0.077319 -0.107164 0.984095 -0.033978 ]
step 65/128
Layer output: [ 0.000000 -0.833502 0.016858 0.488577 0.105951 -0.257601 0.623424 -0.902259 0.200893 -0.682103 -0.431369 0.125459 0.567218 0.929593 0.929927 0.024732 -0.296672 0.990374 -0.329183 -0.773749 0.759794 0.645934 0.965215 -0.578639 0.985857 0.924275 -0.178265 0.875660 -0.149944 0.672440 -0.838385 -0.292558 -0.924882 -0.698427 -0.483173 -0.800673 -0.902065 0.895425 -0.033643 -0.175096 0.087678 0.128444 -0.234306 0.032829 0.614830 0.428281 0.468852 0.430781 -0.596676 0.350424 0.540218 -0.552664 0.982624 -0.943011 0.057275 -0.631343 0.034802 -0.599384 0.296985 0.275856 -0.374789 0.084838 0.170301 0.361012 0.835454 0.504367 -0.398372 0.601560 0.723963 -0.951164 0.351741 -0.296751 0.011003 0.614130 0.665841 -0.864475 -0.589770 0.295203 -0.652222 0.959711 0.790197 -0.365224 -0.302539 -0.571390 -0.271644 0.067608 -0.615596 -0.053013 -0.229065 0.404422 0.706242 -0.550035 0.966740 0.823650 0.968264 0.789088 0.794913 -0.947732 0.651046 -0.934115 0.818875 -0.512403 0.957734 0.897199 -0.622101 -0.463118 0.039013 0.946089 -0.371089 0.179791 -0.039636 0.308832 0.533000 -0.426464 0.471480 0.351341 0.836232 -0.641441 0.114663 0.974475 0.627236 -0.607967 -0.426258 0.643914 -0.156790 -0.095237 0.960771 0.516488 ]
step 66/128
Layer output: [ 0.000000 -0.851274 0.267673 0.046701 -0.124079 -0.438698 0.885432 -0.881093 0.160214 -0.075287 -0.702091 0.416372 0.605155 0.908077 0.924370 -0.070647 -0.311313 0.987492 -0.729756 -0.358755 0.859787 0.552128 0.934874 -0.545286 0.963266 0.692080 -0.173323 0.877065 0.107009 0.897685 -0.702835 0.099669 -0.770637 -0.304025 -0.091992 -0.608593 -0.914086 0.854205 -0.245007 -0.037054 0.154682 -0.108635 -0.092858 0.124525 0.397843 0.064059 0.189380 0.140224 -0.610501 0.681408 0.128237 -0.279284 0.962888 -0.761860 -0.336133 -0.569499 -0.382588 -0.743980 0.748317 0.252222 -0.317573 -0.013871 0.460740 0.554551 0.724933 0.714554 -0.540167 0.609179 0.832399 -0.952899 0.282094 -0.436231 -0.253623 0.356505 0.851815 -0.867601 -0.861494 0.062404 -0.317474 0.850714 0.888380 0.039551 -0.750502 -0.581702 -0.126483 0.305064 -0.141262 0.594362 -0.410213 0.756192 0.863230 -0.510732 0.978974 0.841294 0.943940 0.580457 0.790729 -0.962563 0.614656 -0.878169 0.739259 -0.779883 0.934206 0.950361 -0.537015 -0.260468 0.562711 0.941724 0.116714 0.324022 -0.045740 0.680775 -0.488408 -0.581284 0.168753 0.003402 0.896992 -0.818111 0.483768 0.991177 0.342052 -0.784170 -0.660395 0.089140 -0.154087 0.348452 0.972070 -0.467515 ]
step 67/128
Layer output: [ 0.000000 -0.925342 -0.053038 0.209934 -0.071232 0.228768 0.630255 -0.939578 -0.303467 -0.103852 -0.756708 0.192254 0.469825 0.794740 0.901185 0.311470 -0.400905 0.951423 -0.446272 -0.687976 0.809350 0.522483 0.885305 -0.496664 0.977728 0.935002 0.513802 0.802317 0.005315 0.700043 -0.859540 0.179419 -0.795401 -0.681626 0.217699 -0.803591 -0.896584 0.783311 0.220496 -0.420650 -0.307538 -0.259641 -0.362577 -0.010723 0.800532 0.159480 0.169104 0.525010 -0.597309 0.563049 0.455277 -0.496605 0.973706 -0.887059 -0.018651 -0.807689 -0.085160 -0.805348 0.367176 -0.093261 -0.184116 -0.514446 0.441696 0.192882 0.373592 0.916189 -0.632578 0.846748 0.825274 -0.977038 0.767199 -0.643649 0.339551 0.314044 0.697904 -0.687221 -0.763966 0.266675 -0.593640 0.944829 0.868428 -0.586256 -0.405137 -0.767500 -0.313328 0.356450 -0.657609 0.211919 0.037117 0.675133 0.438745 -0.514551 0.975732 0.829038 0.961859 0.665861 0.610801 -0.947429 0.493098 -0.675367 0.838475 -0.549139 0.807580 0.938114 -0.515003 -0.295384 0.370198 0.877154 -0.554536 0.533366 0.301700 0.549319 -0.108562 -0.773889 0.289280 0.542141 0.697491 -0.694417 0.333840 0.972658 0.589513 -0.959977 -0.393046 0.427645 0.027590 -0.051597 0.987832 0.183144 ]
step 68/128
Layer output: [ 0.000000 -0.945168 0.205608 0.540450 -0.084722 -0.227161 0.723104 -0.897173 -0.076975 -0.446674 -0.711012 -0.043484 0.417832 0.804281 0.957985 -0.334252 -0.318611 0.982212 0.052930 -0.425903 0.809071 0.530737 0.957035 -0.450257 0.938161 0.767898 -0.164612 0.913352 0.314618 0.854755 -0.847755 0.136232 -0.917120 -0.684060 -0.033675 -0.314042 -0.868222 0.899217 -0.650572 -0.156494 -0.041485 0.087807 -0.540721 -0.032907 0.629318 0.227640 0.221542 0.429927 -0.486331 0.293946 -0.320639 -0.372825 0.969213 -0.855828 -0.174169 -0.863950 -0.116922 -0.720555 0.229113 0.491229 -0.284621 0.189376 -0.097158 0.390308 0.885112 0.729361 -0.184230 0.221322 0.834362 -0.956226 0.544095 -0.549203 -0.187826 0.066510 0.914992 -0.887874 -0.869753 0.522681 -0.591135 0.904978 0.790068 -0.312187 -0.417392 -0.327766 -0.701046 0.129538 -0.142297 0.330277 -0.418485 0.823636 0.708111 -0.580937 0.971090 0.278535 0.940587 0.808301 0.863440 -0.953392 -0.012750 -0.912236 0.914242 -0.326393 0.957660 0.967146 -0.436292 0.046101 0.153644 0.941821 0.132801 0.794823 -0.261080 0.742733 0.661979 -0.663764 0.165332 0.264278 0.837912 -0.679201 0.498821 0.972611 0.435283 -0.709752 -0.348835 0.493676 0.193187 0.291286 0.980451 -0.350294 ]
step 69/128
Layer output: [ 0.000000 -0.930501 -0.496856 0.375951 -0.541274 0.095565 0.455357 -0.932298 -0.101029 -0.440535 -0.781803 0.124500 0.530659 0.916478 0.950867 0.037210 -0.516178 0.987351 -0.681373 -0.107512 0.752746 0.634453 0.805395 -0.663176 0.994063 0.858909 -0.291869 0.845894 0.188978 0.694038 -0.702956 -0.035177 -0.896746 -0.602783 -0.116073 -0.494470 -0.927325 0.894824 -0.506779 0.268911 0.163721 0.134260 -0.664776 -0.232578 -0.017617 0.237141 0.580019 0.113109 -0.779927 -0.042501 0.234047 -0.603122 0.951115 -0.901089 -0.258134 -0.510685 -0.233954 -0.830673 0.453615 0.435331 -0.284134 -0.283913 0.428469 -0.126034 0.639629 0.587308 -0.583512 0.407366 0.473646 -0.939845 0.840099 -0.762194 0.216076 -0.079864 0.753746 -0.754614 -0.696054 0.564831 -0.415567 0.926405 0.674443 -0.620993 -0.036026 -0.709518 -0.609095 0.104708 -0.169216 0.336561 -0.552395 0.757638 0.157876 -0.433248 0.941412 0.645162 0.918003 0.789124 0.910497 -0.802416 0.741295 -0.915637 0.715738 -0.275464 0.959714 0.969501 -0.541110 0.286084 0.659753 0.889572 -0.058436 0.454610 -0.224880 0.133232 0.469041 -0.781126 -0.087383 0.611226 0.920124 -0.872793 0.635104 0.959243 0.535160 -0.674880 -0.807618 0.501505 0.034079 0.667723 0.981889 -0.529666 ]
step 70/128
Layer output: [ 0.000000 -0.824672 -0.314689 0.164142 -0.691385 0.050235 0.908378 -0.922970 -0.159905 -0.260592 -0.569250 0.149604 0.631966 0.959386 0.799721 0.024647 -0.547453 0.984183 -0.306868 0.014307 0.709162 0.447664 0.973865 -0.850508 0.981099 0.935156 0.166269 0.565165 0.122165 0.702576 -0.742031 -0.224321 -0.910906 -0.589036 -0.050722 -0.781390 -0.916357 0.747325 -0.316914 -0.109367 0.479606 -0.173928 -0.562843 0.356165 0.691005 0.376397 0.211662 0.579184 -0.647417 0.465666 0.484439 -0.284208 0.945011 -0.919138 -0.265945 -0.636998 0.008951 -0.563963 0.255451 0.294672 -0.124819 -0.097883 0.360113 0.185755 0.733272 0.752126 -0.722128 0.604058 0.778493 -0.964557 0.631029 -0.665883 0.417947 0.050645 0.851560 -0.807377 -0.593313 0.281235 -0.441355 0.875205 0.700598 -0.419479 -0.077807 -0.516330 -0.337009 0.444526 -0.615588 0.043961 -0.465462 0.560863 0.380252 -0.739519 0.975892 0.572902 0.940367 0.653127 0.674761 -0.960825 0.534268 -0.877853 0.754996 -0.690072 0.916241 0.945243 -0.774136 -0.278184 0.232123 0.965465 -0.653837 0.670737 0.150233 0.326526 -0.240015 -0.820232 0.171664 0.809518 0.822974 -0.638207 0.524141 0.986204 0.425623 -0.411006 -0.549789 0.488291 -0.343535 0.294458 0.977452 0.226794 ]
step 71/128
Layer output: [ 0.000000 -0.719095 -0.574190 -0.319209 -0.495805 -0.126752 0.673841 -0.936361 -0.587853 0.448743 -0.757609 0.373238 0.470468 0.890247 0.896201 0.180281 -0.105408 0.947444 -0.489060 -0.481215 0.831111 0.493369 0.960825 -0.731816 0.971573 0.807925 -0.306172 0.844226 -0.031275 0.871838 -0.610469 0.084521 -0.837021 -0.093746 -0.122225 -0.877222 -0.910134 0.853817 -0.228543 0.364781 0.068612 0.081257 -0.098488 0.293437 0.369719 -0.348375 -0.075842 -0.248500 -0.709759 0.297259 -0.120082 -0.332902 0.951743 -0.892882 -0.403754 -0.454741 -0.376522 -0.819862 0.371626 0.212322 -0.344237 0.017930 0.350497 0.082256 0.726766 0.469703 -0.393756 0.578977 0.698579 -0.781884 0.655502 -0.390505 0.176073 0.344671 0.730098 -0.760769 -0.891784 0.211965 -0.846572 0.955271 0.772991 0.029672 -0.536859 -0.193259 -0.529708 0.498613 -0.133262 0.464636 -0.077900 0.521019 0.741928 -0.741522 0.952338 0.752618 0.943605 0.611088 0.829054 -0.981770 0.368514 -0.752227 0.896825 -0.775342 0.900006 0.915636 -0.660379 -0.058519 0.366983 0.959440 -0.412581 0.674929 -0.469666 0.389694 0.665015 -0.680693 0.101691 0.420286 0.793970 -0.838043 0.356833 0.976640 0.610527 -0.572985 -0.548589 0.589241 -0.135830 0.370536 0.960452 -0.073897 ]
step 72/128
Layer output: [ 0.000000 -0.924219 -0.371008 0.108728 0.346201 -0.745962 0.885728 -0.973684 -0.469091 -0.299255 -0.817237 0.394515 0.684090 0.923459 0.916438 0.190156 0.144101 0.971538 -0.588338 -0.493678 0.842616 0.241666 0.904509 -0.414124 0.961116 0.920446 -0.367724 0.786191 -0.553554 0.773413 -0.255264 -0.081028 -0.798021 -0.796217 -0.456674 -0.929159 -0.866713 0.826959 -0.166459 -0.189353 -0.168318 -0.045931 -0.183602 -0.123846 0.567237 0.288375 0.579444 0.273144 -0.643583 0.260362 0.049459 -0.077603 0.966783 -0.900792 -0.416114 -0.491773 -0.136008 -0.870301 -0.178805 0.662998 -0.681633 -0.085812 0.819235 -0.084802 0.707732 0.523266 -0.387728 0.520473 0.799714 -0.910354 0.567225 -0.583993 0.545114 0.379545 0.578478 -0.908126 -0.747461 0.233176 -0.593830 0.945346 0.669669 -0.274519 -0.402748 -0.391203 -0.634656 0.312162 -0.718418 0.144977 -0.350635 0.543710 0.810583 -0.819876 0.976095 0.778096 0.974636 0.762280 0.787745 -0.943081 0.631706 -0.934440 0.833597 -0.747644 0.937709 0.987842 -0.723155 -0.635559 0.634160 0.936713 -0.622181 0.460702 -0.186620 0.288636 0.557953 -0.674205 0.269339 0.651686 0.939756 -0.700712 0.349357 0.989639 0.564423 -0.564238 -0.718777 0.452546 -0.355156 0.589610 0.973959 0.255111 ]
step 73/128
Layer output: [ 0.000000 -0.830741 -0.462146 -0.106722 -0.185756 -0.103068 0.721751 -0.969759 -0.502380 -0.247774 -0.592695 0.753941 0.211124 0.911833 0.974562 0.170145 -0.015945 0.973179 -0.329359 -0.704400 0.789615 0.272854 0.837170 -0.406200 0.903282 0.925342 0.516442 0.935987 -0.320947 0.874152 -0.700050 0.342616 -0.888099 -0.504995 -0.318415 -0.681029 -0.937860 0.894120 -0.526164 0.098621 0.146750 0.039505 -0.389824 0.138713 0.848540 -0.031960 0.331205 0.274540 -0.648386 0.256837 0.191761 -0.542848 0.971380 -0.902436 0.120421 -0.586873 -0.152282 -0.933283 0.351266 -0.064884 -0.222737 -0.251679 0.694837 0.396394 0.747344 0.676864 -0.526093 0.788998 0.598733 -0.875804 0.733188 -0.803613 -0.161221 0.282969 0.851021 -0.887389 -0.767583 0.301418 -0.379586 0.957874 0.797508 -0.431255 -0.680640 -0.389988 -0.534831 0.168579 -0.303655 0.232081 -0.133740 0.855322 0.398204 -0.798627 0.954499 0.522068 0.962746 0.603302 0.880396 -0.957424 0.641074 -0.813397 0.758195 -0.547893 0.839097 0.985347 -0.455813 0.044891 0.340632 0.929953 -0.595783 0.729090 -0.264479 0.576415 0.342090 -0.607031 0.228310 0.585678 0.953561 -0.664755 0.522996 0.939443 -0.502023 -0.832915 -0.837321 0.349776 0.012134 -0.118095 0.984886 -0.201207 ]
step 74/128
Layer output: [ 0.000000 -0.837340 -0.209078 -0.079967 -0.315109 -0.022591 0.421273 -0.957884 -0.077888 -0.009603 -0.610731 0.590089 -0.446022 0.666372 0.947970 0.099067 -0.485543 0.959342 -0.284900 -0.120117 0.867386 0.693149 0.892409 -0.715487 0.967845 0.970259 -0.127136 0.714305 0.234664 0.417763 -0.673278 0.242726 -0.829807 -0.807989 0.265327 -0.450425 -0.898274 0.916044 0.217371 -0.033868 -0.075980 0.372769 -0.501326 -0.045708 0.449476 0.536522 0.485727 0.379801 -0.718462 0.061109 0.255937 -0.094938 0.935049 -0.824046 -0.449644 -0.697057 -0.362743 -0.865718 0.539979 0.148748 -0.414308 -0.137577 0.309910 0.557754 0.794534 0.274087 -0.660767 0.609400 0.788088 -0.946064 0.573523 -0.560844 0.325064 0.605292 0.668269 -0.880469 -0.921587 -0.093468 -0.322655 0.900918 0.712726 0.014624 -0.759666 -0.521855 -0.390220 0.486850 -0.500551 0.304264 -0.530932 0.749425 0.524083 -0.824863 0.963274 0.728499 0.949235 0.374642 0.850113 -0.927902 0.464946 -0.917509 0.884722 -0.798298 0.914274 0.950941 -0.290104 -0.111727 0.540275 0.849681 -0.417971 0.697081 0.208608 0.222453 0.185509 -0.763911 0.288105 0.602584 0.965189 -0.541699 0.762576 0.985564 0.482377 -0.764388 -0.678076 0.198114 -0.431363 0.435998 0.982385 -0.446059 ]
step 75/128
Layer output: [ 0.000000 -0.786004 -0.148267 0.327379 -0.041344 0.388122 0.820968 -0.887614 -0.163427 -0.397299 -0.695965 0.392547 0.466241 0.912425 0.969504 0.320982 0.083541 0.983699 -0.324385 -0.090383 0.733635 0.401996 0.876611 -0.768312 0.950718 0.906565 0.490561 0.666075 -0.126983 0.745412 -0.741969 0.324383 -0.892304 -0.583848 -0.472563 -0.821109 -0.926349 0.720397 -0.015097 -0.247500 0.011650 0.002328 -0.469703 0.304574 0.570838 0.288255 0.416936 -0.098285 -0.597045 0.081375 0.370400 -0.384392 0.982388 -0.827723 -0.552935 -0.702455 0.220652 -0.816138 0.197373 0.319520 0.090012 -0.121794 0.366267 0.348037 0.847347 0.758097 -0.732966 0.763665 0.861884 -0.967137 0.451852 -0.546615 0.212091 0.308046 0.731636 -0.884055 -0.755798 0.186974 -0.310094 0.935463 0.763973 -0.129570 -0.462999 -0.217899 -0.292824 0.557226 0.115205 -0.092029 -0.476593 0.766893 0.528391 -0.572821 0.923785 0.805119 0.869087 0.605826 0.840222 -0.977590 0.703588 -0.875685 0.832749 -0.874744 0.941407 0.961639 -0.730328 -0.427408 0.251922 0.971120 -0.729558 0.513137 -0.013199 -0.346365 0.067207 -0.822186 0.485815 0.597807 0.940549 -0.874462 0.651799 0.979357 0.421422 -0.731340 -0.904456 0.529487 -0.666414 0.203094 0.989531 -0.212192 ]
step 76/128
Layer output: [ 0.000000 -0.873501 -0.339456 0.399093 0.144878 -0.131325 0.805193 -0.906210 -0.083823 0.007356 -0.717736 0.077431 0.658659 0.806240 0.967382 0.282909 -0.051369 0.986597 -0.023854 -0.651400 0.719825 0.478248 0.859561 -0.502938 0.971268 0.840241 0.054906 0.905651 0.159882 0.897590 -0.717512 0.002258 -0.789648 -0.732969 -0.526602 -0.647189 -0.950211 0.952126 -0.266091 0.182746 0.489777 0.373483 0.094633 0.160212 0.661850 0.243940 0.514315 -0.089994 -0.668149 0.361602 0.165676 -0.176414 0.967559 -0.948429 -0.404449 -0.654445 0.538985 -0.660943 0.329371 0.435589 -0.045402 -0.354137 0.450096 0.419657 0.935768 0.799170 -0.272643 0.760671 0.694983 -0.934426 0.630884 -0.581974 -0.272198 0.075797 0.715785 -0.878556 -0.805227 0.314970 -0.859821 0.905344 0.570342 0.052759 -0.431611 -0.540643 -0.831575 0.550156 -0.201550 0.627939 0.025857 0.659564 0.619587 -0.753564 0.965748 0.774086 0.944166 0.553309 0.811027 -0.921977 0.627739 -0.951716 0.745572 -0.497608 0.964755 0.955330 -0.613343 -0.325675 0.074649 0.915574 -0.770994 0.719558 -0.406898 0.346875 0.005055 -0.560945 -0.275831 0.823689 0.840762 -0.689706 0.512284 0.984692 0.313846 -0.509772 -0.613433 0.686489 -0.112415 0.504191 0.976144 -0.194688 ]
step 77/128
Layer output: [ 0.000000 -0.967347 -0.269567 -0.347492 0.029154 0.343787 0.833505 -0.905992 -0.086263 0.286361 -0.557743 0.287016 0.678852 0.867384 0.923683 0.067753 -0.693075 0.990438 0.082078 -0.437842 0.863983 0.641750 0.954101 -0.145471 0.976929 0.960756 -0.034129 0.862819 -0.208785 0.888763 -0.722403 0.158375 -0.802905 -0.590701 0.124519 -0.806318 -0.956805 0.936874 -0.324706 0.493483 0.422228 0.428831 -0.079567 0.234221 0.553825 -0.156509 -0.031639 0.536434 -0.727574 0.475188 0.006589 -0.235799 0.957674 -0.935563 0.097457 -0.522050 0.360119 -0.827328 0.037898 0.699413 -0.268093 0.574238 -0.081589 0.067446 0.863677 0.675356 -0.711181 0.483445 0.811849 -0.895859 0.765648 -0.296494 -0.398899 -0.181431 0.771801 -0.846128 -0.845778 0.422372 -0.719052 0.893275 0.755056 0.212023 -0.283421 -0.508491 -0.641519 0.537413 -0.513500 0.784901 -0.059295 0.738779 0.687461 -0.793080 0.972260 0.758297 0.942532 0.571042 0.825692 -0.910465 0.278609 -0.913272 0.841798 -0.247806 0.953005 0.948497 -0.190055 -0.075016 0.149345 0.749958 -0.225791 0.122105 -0.439287 0.204133 0.060461 -0.589786 -0.558241 0.829843 0.902198 -0.729023 0.757164 0.980529 0.273280 -0.807125 -0.383633 0.645434 -0.393792 0.309253 0.945389 0.106470 ]
step 78/128
Layer output: [ 0.000000 -0.881690 0.078081 -0.153864 0.035129 -0.143958 0.831891 -0.964877 0.228200 0.508141 -0.717742 0.071344 0.633873 0.735712 0.919228 0.222791 -0.476996 0.990140 0.031166 -0.280701 0.849174 0.588098 0.941203 -0.719237 0.957176 0.912760 -0.018784 0.835879 -0.455906 0.901341 -0.722221 0.146235 -0.946376 -0.559844 -0.333082 -0.772107 -0.921724 0.941243 -0.688523 -0.114765 0.317545 0.131596 0.080321 0.288386 0.386194 0.180728 0.056705 0.253822 -0.676202 -0.122202 0.166162 -0.405099 0.981139 -0.804210 -0.011945 -0.397911 -0.040039 -0.724772 0.279989 0.850607 -0.256202 0.076000 0.443058 0.512660 0.856967 0.546785 -0.386230 0.503882 0.634911 -0.943778 0.609049 -0.576459 0.045451 0.281309 0.778632 -0.717489 -0.834311 0.361378 -0.726271 0.733467 0.689793 0.527537 -0.359615 -0.549436 -0.632946 0.417019 -0.073491 0.585318 -0.186873 0.320437 0.641997 -0.761440 0.968000 0.799027 0.961592 0.646802 0.532792 -0.909925 0.699057 -0.945147 0.822896 -0.603792 0.941976 0.942824 -0.413280 -0.156010 0.315535 0.926615 -0.549861 0.549306 -0.468145 0.656890 0.640337 -0.629700 -0.079485 0.798028 0.751839 -0.589562 0.478738 0.976817 0.007981 -0.232677 -0.839434 0.732487 -0.356894 0.218339 0.964690 0.356745 ]
step 79/128
Layer output: [ 0.000000 -0.911621 -0.175066 -0.199037 0.341142 0.190421 0.846580 -0.926532 -0.304441 -0.026099 -0.833794 0.197710 0.243322 0.857201 0.950487 0.132828 -0.269104 0.981622 0.173602 -0.515481 0.712682 0.266035 0.940541 -0.860678 0.943852 0.969503 0.321135 0.673857 -0.326686 0.854520 -0.426292 -0.218260 -0.588313 -0.209113 -0.281464 -0.704824 -0.895706 0.898797 0.218374 0.117743 0.216269 0.240644 0.285040 0.185805 0.441663 0.149180 -0.332354 -0.218757 -0.717295 0.407158 0.203642 0.011188 0.960419 -0.893823 -0.207097 -0.491685 -0.256270 -0.608328 0.437305 0.523669 -0.028926 -0.086401 0.726820 0.341575 0.851229 0.637752 -0.677877 0.742661 0.654468 -0.943839 0.596811 -0.408310 -0.301099 0.393141 -0.025798 -0.868389 -0.830952 0.372100 -0.477564 0.709148 0.603076 0.245905 -0.482375 -0.739404 -0.190117 0.299718 0.258621 0.719752 0.004173 0.393668 0.905803 -0.670197 0.964429 0.748607 0.941670 0.485359 0.816186 -0.918054 0.614810 -0.925627 0.545126 -0.507348 0.963430 0.958859 -0.463366 0.093723 0.063337 0.900908 -0.204088 0.511364 -0.280294 0.641244 -0.187846 -0.623412 -0.572225 0.732588 0.831630 -0.838596 0.605934 0.978871 0.086288 -0.811140 -0.754921 0.484248 -0.426055 0.486243 0.972935 0.005372 ]
step 80/128
Layer output: [ 0.000000 -0.866931 -0.606723 0.201811 0.536115 -0.057436 0.482275 -0.947142 0.048170 -0.020868 -0.621184 0.309724 0.141205 0.784617 0.907523 0.259709 -0.565697 0.980804 -0.084161 -0.539244 0.627931 0.457581 0.943819 -0.615370 0.948359 0.900172 0.680930 0.670855 -0.264358 0.927659 -0.580379 -0.024860 -0.652999 -0.589271 -0.302328 -0.244453 -0.935936 0.823432 0.080400 0.062338 0.436404 -0.103587 -0.232376 0.215561 0.641949 0.198152 -0.552575 0.039637 -0.771929 0.499613 -0.339601 -0.530513 0.964511 -0.823424 -0.132098 -0.123014 0.066150 -0.828973 0.476157 0.432783 -0.669565 0.304723 0.550801 0.233709 0.814908 0.031508 -0.445729 0.426857 0.733559 -0.918767 0.212846 -0.711516 0.126742 0.385189 0.456925 -0.825024 -0.749166 0.088985 -0.271512 0.817874 0.749302 0.560500 -0.543841 -0.368189 -0.457728 0.192084 0.029183 0.400693 0.255164 0.772493 0.439724 -0.933052 0.975307 0.805346 0.982381 0.525619 0.767058 -0.979847 0.196471 -0.787090 0.786011 -0.708310 0.929691 0.958641 -0.494828 0.140684 0.323355 0.870205 -0.306335 0.415179 -0.214482 0.311695 0.191146 -0.516293 -0.172038 0.754205 0.954857 -0.386700 0.633594 0.964567 -0.123887 -0.752021 -0.637846 0.328783 -0.711168 0.409963 0.983129 -0.460153 ]
step 81/128
Layer output: [ 0.000000 -0.877985 -0.067527 -0.327125 -0.016023 -0.034795 0.791463 -0.885438 0.136366 -0.083393 -0.799250 0.034841 0.533166 0.713686 0.933368 -0.000349 -0.564705 0.983738 -0.330771 -0.386183 0.727669 0.654993 0.863100 -0.514188 0.939518 0.848011 -0.083712 0.910347 -0.160388 0.908513 -0.564897 -0.057992 -0.766736 -0.288864 -0.131295 -0.515847 -0.856157 0.834890 -0.567602 0.199708 0.353022 0.522127 -0.254000 0.335228 0.291059 -0.099834 0.381920 0.143789 -0.753601 0.108466 0.041668 -0.392408 0.918066 -0.768973 0.009647 -0.532555 -0.303598 -0.776334 0.519058 0.485736 -0.394561 0.083228 0.271441 0.276673 0.893990 0.600031 -0.322894 0.232365 0.805027 -0.905821 0.805852 -0.593882 -0.443600 0.292272 0.741824 -0.832709 -0.649202 0.594967 -0.424437 0.734472 0.830427 -0.407327 -0.790705 -0.605790 -0.194787 -0.163852 -0.458232 0.665712 -0.585441 0.678120 0.667083 -0.742905 0.953315 0.542621 0.905539 0.365324 0.792825 -0.934384 0.435798 -0.890449 0.755223 -0.735613 0.968467 0.938354 -0.515266 -0.032316 0.617150 0.937978 -0.143033 0.743961 -0.502718 0.710991 0.339162 -0.584653 0.119439 0.307887 0.849937 -0.564277 0.508442 0.985664 0.107086 -0.770970 -0.761822 0.144908 -0.117212 0.469526 0.978962 -0.072218 ]
step 82/128
Layer output: [ 0.000000 -0.879329 -0.130069 -0.269398 0.366533 0.509131 0.806084 -0.953124 -0.212456 -0.185653 -0.800595 0.432424 0.311251 0.815481 0.922696 0.022703 -0.170445 0.986375 -0.284317 -0.582586 0.517991 0.473618 0.957080 -0.683105 0.964022 0.903752 0.383682 0.865214 -0.538160 0.732254 -0.715526 -0.055179 -0.866292 -0.484848 -0.293181 -0.328848 -0.909477 0.793682 -0.061614 -0.035831 0.028864 0.264518 -0.241454 0.318129 0.676434 0.228665 0.586542 0.247257 -0.719999 0.539490 0.206584 -0.096024 0.960561 -0.927865 -0.447050 -0.749603 -0.119120 -0.827923 0.499460 0.406032 -0.323679 0.046438 0.787528 0.366892 0.879832 0.523126 -0.667539 0.636420 0.670937 -0.978693 0.724689 -0.454733 -0.083413 0.365618 0.655387 -0.794508 -0.782393 0.175958 -0.720736 0.908905 0.691037 0.444465 -0.177846 -0.401112 -0.547972 0.541637 -0.487379 0.596779 -0.021993 0.541926 0.780800 -0.708489 0.955109 0.784541 0.965992 0.601792 0.847262 -0.890277 0.460012 -0.866046 0.349910 -0.653417 0.971234 0.960992 -0.533794 -0.434837 0.406893 0.945733 -0.122481 0.569546 0.186729 0.532852 0.209141 -0.697794 0.109401 0.662382 0.832432 -0.799171 0.684862 0.988626 0.613153 -0.851110 -0.685298 0.251131 -0.146357 0.043095 0.980725 -0.120025 ]
step 83/128
Layer output: [ 0.000000 -0.938980 -0.401766 0.061568 0.226404 0.134435 0.850055 -0.941112 -0.170698 0.019026 -0.513943 0.454061 0.466563 0.882367 0.919704 0.381323 -0.185852 0.946253 -0.222456 -0.567311 0.863172 0.490200 0.953656 -0.667410 0.975990 0.893220 -0.106129 0.622108 -0.112703 0.826735 -0.448013 0.168145 -0.786376 -0.213561 -0.265305 -0.758188 -0.927164 0.871308 -0.519974 0.212368 0.284735 0.440510 0.120738 -0.018210 0.489610 -0.165023 -0.221148 0.046847 -0.846495 0.435319 -0.068910 -0.359831 0.977724 -0.939554 -0.265301 -0.511142 0.067094 -0.911593 0.565326 0.639916 -0.367072 0.186962 0.238867 0.037620 0.832851 0.569997 -0.423915 0.409506 0.864672 -0.765896 0.559334 -0.758244 0.287884 0.056168 0.784952 -0.860302 -0.825331 -0.421617 -0.545490 0.924709 0.708572 -0.060056 -0.546573 -0.067035 -0.519711 0.295083 -0.120451 0.431187 -0.283363 0.594496 0.818182 -0.777454 0.984180 0.118910 0.932871 0.374015 0.922449 -0.971308 0.415566 -0.953877 0.850418 -0.222027 0.968905 0.975833 -0.644503 0.009165 0.346418 0.864628 -0.075500 0.551329 0.185233 0.269694 0.401948 -0.474571 -0.598851 0.805845 0.948542 -0.843598 0.563296 0.974715 -0.055852 -0.792237 -0.661302 0.462236 -0.212903 -0.054271 0.956532 -0.438410 ]
step 84/128
Layer output: [ 0.000000 -0.912636 -0.283917 -0.306491 0.495729 -0.218398 0.906484 -0.900584 -0.125944 0.385868 -0.595924 0.363779 0.503344 0.922955 0.912045 0.446483 -0.349871 0.985395 -0.085590 0.180948 0.767852 0.865902 0.942492 -0.687823 0.962874 0.837243 0.363469 0.888070 0.160947 0.749142 -0.720703 -0.285315 -0.685655 -0.643033 -0.488754 -0.798914 -0.898808 0.876423 -0.489073 0.198732 0.646206 0.554445 -0.295637 -0.361549 0.403813 0.175909 0.429161 0.249918 -0.626518 0.529725 -0.055848 -0.548462 0.957385 -0.949918 -0.131665 -0.640627 -0.554722 -0.546313 0.306264 0.652620 -0.063342 -0.158790 0.034164 -0.322323 0.849545 0.141991 -0.829929 0.475755 0.762910 -0.906043 0.725350 -0.623101 -0.168074 -0.279304 0.897819 -0.879536 -0.714846 0.142966 -0.288635 0.925603 0.804593 -0.176562 -0.264641 -0.243690 -0.561509 0.478648 -0.069503 0.464965 -0.181966 0.364311 0.237196 -0.898355 0.948444 0.436159 0.903441 0.559713 0.850277 -0.946243 0.647384 -0.808936 0.632666 -0.654758 0.948709 0.956330 -0.482390 -0.536697 0.427172 0.881248 -0.424608 0.608463 -0.276922 -0.030926 -0.168380 -0.742504 0.162540 0.693471 0.937198 -0.828855 0.596352 0.982051 0.018446 -0.760654 -0.849095 0.392900 -0.531259 0.688202 0.974695 -0.499525 ]
step 85/128
Layer output: [ 0.000000 -0.839515 -0.467917 0.095848 -0.018979 0.250137 0.818096 -0.954863 0.199603 0.177569 -0.471747 0.334567 0.668415 0.735613 0.899604 -0.271473 -0.554275 0.990266 -0.292472 -0.205629 0.802258 0.654205 0.960347 -0.808545 0.966185 0.936062 -0.126565 0.752969 -0.345097 0.789657 -0.865376 -0.025999 -0.940719 -0.426766 -0.374945 -0.719927 -0.809165 0.894012 -0.151125 -0.272630 0.365759 0.309127 -0.178239 -0.237618 0.690155 0.009958 -0.348988 0.341988 -0.747209 0.155917 0.011022 -0.556306 0.973270 -0.906609 0.237776 -0.487139 -0.153308 -0.730835 0.305098 0.501445 -0.018266 -0.050160 0.486923 0.088157 0.908943 0.350239 -0.500178 0.451313 0.662250 -0.902425 0.689031 -0.546515 0.242163 0.140320 0.535863 -0.808792 -0.713642 -0.141350 -0.593586 0.884857 0.945410 0.052690 -0.038674 -0.319301 -0.342523 0.573918 -0.373388 0.390671 0.154259 0.508504 0.546898 -0.403782 0.970661 0.499957 0.937587 0.209892 0.590816 -0.941756 0.754258 -0.944499 0.720652 -0.567009 0.979258 0.941319 -0.500406 -0.333416 -0.005351 0.947485 -0.662337 0.736568 -0.434179 0.312825 -0.266618 -0.692237 -0.185406 0.585701 0.747374 -0.689783 0.515744 0.983151 0.279520 -0.353458 -0.879990 0.495774 -0.323265 0.093268 0.966545 0.145606 ]
step 86/128
Layer output: [ 0.000000 -0.914714 -0.554933 0.388484 0.221186 0.412618 0.758986 -0.916311 -0.023958 0.081686 -0.683540 0.337974 0.179584 0.677055 0.881551 0.390807 -0.673486 0.973342 0.307374 -0.599386 0.771025 0.889150 0.920728 -0.794503 0.982371 0.838291 -0.011496 0.912815 -0.165438 0.727624 -0.715103 0.024122 -0.781249 -0.511778 -0.543494 -0.837912 -0.845109 0.631092 -0.048970 0.176776 0.646937 0.170054 0.135035 -0.179403 0.503417 0.140374 0.145299 -0.051976 -0.848453 0.529463 0.139746 -0.258943 0.923208 -0.893719 0.118459 -0.466353 -0.291397 -0.665805 0.297181 0.300861 0.030815 -0.129980 0.362693 -0.191429 0.675875 0.574646 -0.579121 0.383346 0.818666 -0.852386 0.514572 -0.232656 0.127079 -0.229986 0.658055 -0.898790 -0.711189 -0.104548 -0.705725 0.807522 0.872406 -0.148298 -0.675348 -0.458482 0.105156 0.169663 -0.274546 0.694865 0.038391 0.452133 0.803570 -0.806290 0.969455 0.766163 0.943294 0.535954 0.853766 -0.944763 0.279212 -0.891768 0.647845 -0.717266 0.985020 0.978978 -0.592362 0.073133 0.311575 0.894598 -0.349843 0.362085 -0.480650 0.371603 0.108255 -0.486341 -0.422825 0.761584 0.603841 -0.845810 0.550769 0.973767 0.327781 -0.620485 -0.657535 0.546213 -0.333226 0.340845 0.956879 -0.330581 ]
step 87/128
Layer output: [ 0.000000 -0.957448 -0.703514 -0.515838 -0.001959 -0.404644 0.813547 -0.956919 -0.525853 -0.177656 -0.659077 0.554311 0.430137 0.876783 0.946552 0.054355 -0.154674 0.988398 -0.452970 -0.688784 0.685918 0.184829 0.951496 -0.413106 0.991497 0.951724 -0.050292 0.914137 -0.534205 0.902975 -0.447905 -0.345049 -0.777138 -0.525536 -0.195309 -0.890489 -0.947627 0.947845 -0.191802 0.046703 0.489228 0.344100 -0.297939 -0.186658 0.662259 -0.208014 0.259998 0.628841 -0.778380 0.401319 0.401688 -0.301749 0.977180 -0.951099 -0.073945 -0.022581 0.396227 -0.889551 0.492403 0.412433 -0.333567 0.394875 0.168268 0.036801 0.921184 0.428601 -0.758465 0.225759 0.816964 -0.920000 0.793856 -0.539893 -0.224722 0.357386 0.765375 -0.804236 -0.527366 0.444582 -0.811985 0.917559 0.894254 -0.181971 -0.255110 -0.442252 -0.304088 0.469749 -0.502522 0.440044 -0.222995 0.630851 0.368844 -0.928462 0.987187 0.459105 0.958374 0.506970 0.706091 -0.896215 0.347686 -0.655118 0.593462 -0.419731 0.920592 0.958895 -0.451413 -0.058192 -0.262821 0.935635 -0.426431 0.593157 -0.454043 0.222445 0.025990 -0.691831 -0.009628 0.674210 0.855171 -0.826061 0.675611 0.977041 0.288530 -0.468597 -0.768044 0.465147 -0.212239 0.552785 0.929610 -0.241956 ]
step 88/128
Layer output: [ 0.000000 -0.878802 -0.256425 -0.178924 -0.387617 -0.292759 0.859460 -0.967738 0.093327 -0.420264 -0.770163 0.572673 0.715977 0.884892 0.857425 -0.005014 -0.305359 0.994219 -0.157219 -0.379148 0.764917 0.680788 0.939386 -0.755343 0.974554 0.948677 -0.333112 0.788916 -0.213990 0.694828 -0.739710 -0.130798 -0.916312 -0.161066 -0.157115 -0.837898 -0.924226 0.905037 -0.113045 -0.008966 0.270222 0.375864 -0.448453 -0.214929 0.247251 0.405756 -0.095676 0.279094 -0.663086 0.412326 -0.079076 -0.532990 0.936395 -0.930126 0.041117 -0.587783 -0.228563 -0.731334 0.394581 0.629707 -0.104712 0.105825 0.579223 0.296823 0.841371 0.461001 -0.391717 0.462347 0.739897 -0.903527 0.723470 -0.633718 -0.015888 0.604145 0.778420 -0.724866 -0.755788 0.227886 -0.540808 0.872553 0.797273 -0.069685 -0.691102 -0.641253 -0.133442 0.659173 -0.721209 0.481069 -0.413845 0.619871 0.514461 -0.804521 0.962633 0.765934 0.958658 0.548205 0.827706 -0.931515 0.586757 -0.922571 0.733997 -0.631898 0.932767 0.905937 -0.690707 -0.489047 0.342891 0.932114 -0.397493 0.494454 -0.036203 0.490382 0.099752 -0.603015 0.172864 0.691542 0.859624 -0.769568 0.816966 0.994578 0.140046 -0.509087 -0.691617 0.509765 -0.300893 0.154386 0.969581 0.290017 ]
step 89/128
Layer output: [ 0.000000 -0.958785 -0.417498 0.130588 0.454428 0.003045 0.633433 -0.930275 -0.245394 0.163595 -0.162628 0.459007 0.696486 0.774698 0.843400 0.558885 -0.334428 0.975633 -0.077705 -0.505109 0.861151 0.666090 0.943201 -0.541870 0.987093 0.885249 -0.130037 0.913811 -0.225844 0.881045 -0.569451 0.415453 -0.767318 -0.460986 -0.603352 -0.622812 -0.944774 0.832189 -0.390363 0.288424 0.445669 0.460655 0.353661 0.272573 0.538891 -0.073559 0.081382 0.134853 -0.752488 0.543453 -0.085397 -0.316803 0.969848 -0.902870 0.112314 -0.463465 0.195945 -0.880217 0.680196 0.616824 -0.424755 -0.071936 0.609298 0.157495 0.876604 0.649098 -0.565493 0.516668 0.733148 -0.797287 0.553232 -0.521635 -0.281060 -0.076275 0.773132 -0.696959 -0.848451 0.107464 -0.850775 0.948488 0.774192 0.034480 -0.609468 -0.481046 -0.356260 0.480028 0.035401 0.816039 -0.287028 0.720739 0.827860 -0.783897 0.983880 0.625673 0.952353 0.542423 0.859930 -0.896705 0.256045 -0.936661 0.734727 -0.410918 0.963670 0.933279 -0.636563 -0.133975 0.150708 0.898813 -0.267927 0.523949 0.085294 0.012648 0.383060 -0.545248 -0.076279 0.851839 0.844368 -0.811357 0.471665 0.983534 0.557545 -0.622381 -0.534337 0.438383 0.141698 0.280925 0.980387 -0.383698 ]
step 90/128
Layer output: [ 0.000000 -0.857526 -0.167686 0.091627 -0.036367 -0.090448 0.619020 -0.867898 -0.109932 0.318669 -0.834094 0.170752 0.554328 0.878335 0.894525 -0.162420 -0.166049 0.991495 0.068354 -0.338555 0.819662 0.288595 0.935150 -0.560961 0.957989 0.936619 0.116192 0.784875 -0.568779 0.699325 -0.700036 -0.539882 -0.693404 -0.610103 -0.348874 -0.883604 -0.841823 0.803316 -0.296247 0.098419 -0.205924 -0.057284 -0.143875 -0.344157 0.800856 -0.031003 0.715821 0.006174 -0.732471 0.697387 0.180166 -0.047970 0.932984 -0.949628 -0.126674 -0.553077 0.117241 -0.857600 0.283488 0.653166 -0.028858 0.294383 0.505272 0.559073 0.888772 0.715804 -0.485419 0.645152 0.863453 -0.971983 0.533517 -0.537392 -0.554779 0.135220 0.595626 -0.922329 -0.717817 0.517127 -0.593320 0.856340 0.559626 0.484159 -0.337240 -0.388761 -0.406411 0.402960 -0.386730 0.500588 -0.109202 0.515887 0.864089 -0.814984 0.988366 0.786470 0.941972 0.696250 0.704737 -0.900196 0.437252 -0.836521 0.768043 -0.345734 0.964394 0.968326 -0.166676 0.039935 0.391793 0.961761 -0.594299 0.690852 -0.068864 0.076635 0.106899 -0.725168 -0.016502 0.797883 0.795718 -0.785531 0.745735 0.985916 0.680974 -0.133871 -0.793162 0.482646 -0.392128 0.627910 0.963257 0.406819 ]
step 91/128
Layer output: [ 0.000000 -0.942645 -0.377202 -0.130160 0.209444 -0.047739 0.837771 -0.932660 0.017216 -0.605002 -0.741266 0.145655 0.196547 0.784920 0.940625 0.164127 -0.551722 0.991914 -0.183307 -0.276558 0.853115 0.419827 0.891375 -0.540073 0.923654 0.868114 0.317184 0.817950 -0.116435 0.887403 -0.796667 -0.484339 -0.837861 -0.593598 -0.110083 -0.780725 -0.887669 0.775078 -0.436659 -0.015351 0.098208 0.513167 -0.566920 0.450337 0.238643 0.335984 0.610316 0.329826 -0.685539 -0.069707 0.025395 -0.638845 0.953085 -0.948165 0.111894 -0.485924 0.131908 -0.855945 0.312583 0.500932 -0.572218 -0.288044 0.338424 -0.182768 0.878420 0.587408 -0.146074 0.332566 0.773456 -0.846360 0.672636 -0.495094 -0.051922 0.564814 0.747575 -0.879138 -0.654526 0.501759 -0.458490 0.909932 0.774002 -0.243956 -0.736904 -0.621761 -0.571093 -0.075038 -0.332612 0.406540 -0.447195 0.655058 0.817039 -0.852637 0.910711 0.693042 0.899935 0.661174 0.882573 -0.962116 0.651054 -0.935815 0.664133 -0.585453 0.981759 0.977551 -0.703206 -0.265763 0.735207 0.880115 -0.427712 0.830325 0.154065 0.592037 0.465177 -0.419283 0.148888 0.527317 0.953101 -0.567285 0.497624 0.984774 0.186278 -0.764986 -0.767585 0.251015 -0.174226 0.321021 0.990011 0.191403 ]
step 92/128
Layer output: [ 0.000000 -0.902154 -0.396854 0.206552 0.334988 -0.010996 0.826661 -0.930179 -0.192561 -0.452590 -0.786543 -0.087007 0.397828 0.547952 0.912818 0.048309 -0.183986 0.994672 -0.364581 -0.372306 0.775373 0.338885 0.878694 -0.688204 0.925523 0.682065 0.307930 0.876790 0.112371 0.900490 -0.478122 0.351652 -0.849844 -0.642509 0.272828 -0.532112 -0.886056 0.775339 -0.293303 -0.120267 0.434717 -0.076931 -0.635411 0.406595 0.222912 0.088993 0.447605 0.459286 -0.831146 0.287244 0.118710 -0.457772 0.963446 -0.912604 -0.133512 -0.511956 0.064404 -0.749793 0.250320 0.615331 -0.581780 -0.278021 0.593829 0.218232 0.922041 0.675403 -0.187042 0.241906 0.924634 -0.932729 0.739796 -0.574889 -0.192215 0.356742 0.414458 -0.839905 -0.712075 0.198961 -0.216825 0.897309 0.621425 -0.128218 -0.517082 -0.336189 -0.154974 -0.023250 -0.214775 0.435968 -0.574648 0.749855 0.558698 -0.606596 0.955059 0.767970 0.918750 0.575108 0.921023 -0.952162 0.438309 -0.934410 0.794037 -0.739726 0.977348 0.949083 -0.644836 -0.310068 0.550012 0.901195 -0.207989 0.706918 -0.246320 0.508154 -0.055958 -0.497491 0.142535 0.597923 0.874008 -0.568954 0.615794 0.962840 0.275089 -0.772051 -0.644023 -0.217798 -0.328705 0.250305 0.987445 0.139970 ]
step 93/128
Layer output: [ 0.000000 -0.936311 -0.312098 -0.155171 0.037906 0.101965 0.846764 -0.930855 0.045081 -0.153310 -0.833816 -0.085969 0.505363 0.777466 0.933549 0.151588 -0.320646 0.989071 -0.300836 -0.534924 0.839345 0.394801 0.865103 -0.362226 0.927907 0.855053 0.462998 0.857324 0.089990 0.904514 -0.849472 0.033575 -0.859446 -0.548533 -0.186052 -0.633104 -0.870161 0.900243 -0.391045 0.053667 0.356664 0.056926 -0.607186 0.079587 0.509712 0.105387 0.212344 0.132268 -0.593185 0.018112 -0.012885 -0.574302 0.930452 -0.835032 -0.215267 -0.643843 0.253470 -0.818193 0.410963 0.447404 -0.301732 -0.262391 0.270855 0.101238 0.888501 0.624962 -0.275797 0.408521 0.915935 -0.937446 0.801113 -0.582523 -0.226878 0.411384 0.604451 -0.842715 -0.793016 0.338138 -0.565145 0.909723 0.804790 -0.193465 -0.694417 -0.436796 -0.616790 0.028041 -0.350502 0.601735 -0.500153 0.406883 0.774498 -0.493669 0.973577 0.489905 0.917504 0.752320 0.914338 -0.951755 0.304190 -0.936190 0.855213 -0.482264 0.980993 0.950964 -0.297076 0.031292 0.600136 0.933129 -0.571352 0.578834 -0.302779 0.553349 0.408490 -0.614454 0.445570 0.538324 0.786778 -0.658580 0.671908 0.956661 0.004427 -0.722229 -0.752659 0.572356 -0.109611 0.359154 0.991148 0.128626 ]
step 94/128
Layer output: [ 0.000000 -0.756388 -0.400953 -0.253468 -0.304847 0.364212 0.905470 -0.808053 -0.279711 0.259250 -0.759709 0.527241 0.352295 0.787421 0.903606 -0.144032 -0.302565 0.983414 -0.284668 -0.119223 0.586161 0.567039 0.878495 -0.841487 0.934549 0.963448 0.324982 0.813071 -0.467025 0.619470 -0.858324 0.647719 -0.696111 -0.335303 -0.288303 -0.567192 -0.887333 0.956935 0.010319 0.121157 0.360843 0.047665 -0.296955 0.195725 0.645961 -0.151286 -0.454485 0.450205 -0.245484 0.531347 0.382970 -0.409078 0.877850 -0.761529 -0.177226 -0.472287 0.051781 -0.843232 0.704588 0.628095 -0.385934 0.152342 0.560224 0.466108 0.731290 0.546237 -0.764912 0.466240 0.918168 -0.872068 0.784375 -0.596070 0.147549 0.198386 0.820302 -0.832901 -0.871165 -0.288406 -0.608585 0.838376 0.843628 -0.014003 -0.107448 -0.350858 -0.373119 0.379523 -0.235865 0.609106 0.028609 0.390042 0.550917 -0.741741 0.984369 0.716641 0.982899 0.334126 0.602405 -0.913237 0.358454 -0.722104 0.889816 -0.712022 0.908056 0.970476 -0.510985 -0.278055 0.079957 0.946759 -0.578349 0.467512 0.214394 0.147767 -0.345894 -0.672609 -0.068275 0.832764 0.744110 -0.552038 0.804027 0.965028 -0.269295 -0.819669 -0.626153 0.273160 0.147511 -0.157510 0.990909 -0.052022 ]
step 95/128
Layer output: [ 0.000000 -0.906160 0.240885 -0.221289 0.013587 0.126907 0.679135 -0.929043 -0.584591 0.056761 -0.651478 0.663030 0.234374 0.933882 0.949655 0.401977 -0.458217 0.981137 -0.227510 -0.616037 0.709113 -0.168025 0.967527 -0.865096 0.947993 0.952461 0.432913 0.739616 -0.127900 0.807239 -0.760229 0.086516 -0.838009 -0.640675 -0.180763 -0.893494 -0.837004 0.914766 0.183466 -0.651902 0.008217 0.128371 0.063072 -0.239222 0.413948 0.404150 0.166860 0.457395 -0.693395 0.288423 -0.034493 -0.182692 0.973408 -0.866792 -0.275378 -0.638901 0.130791 -0.703742 0.326469 0.336757 -0.128929 0.366317 0.585336 0.043117 0.655401 0.594704 -0.370748 0.606594 0.795367 -0.816166 0.633242 -0.469462 0.159983 0.218238 0.428927 -0.845745 -0.915981 0.304715 -0.344441 0.745039 0.302195 0.040299 -0.808970 -0.433354 -0.456218 0.142994 -0.657818 0.395708 0.213933 0.599509 0.738004 -0.937374 0.953173 0.823098 0.950823 0.529635 0.665058 -0.887394 0.703735 -0.854794 0.924449 -0.422666 0.941293 0.963555 -0.392192 -0.369650 -0.274709 0.959726 -0.513318 0.722454 -0.306682 -0.091161 0.437203 -0.640901 -0.129674 0.769557 0.876604 -0.517177 0.566801 0.976877 0.276300 -0.790097 -0.717917 0.729357 -0.245565 0.056064 0.985377 -0.018583 ]
step 96/128
Layer output: [ 0.000000 -0.826411 -0.396187 -0.288223 -0.426054 0.361645 0.791420 -0.880833 -0.326448 -0.233132 -0.895550 0.771580 -0.181218 0.911733 0.958571 -0.327369 -0.338746 0.978700 -0.306005 -0.556450 0.861212 0.826691 0.921532 -0.847769 0.939542 0.964252 -0.271715 0.775933 -0.369662 0.692314 -0.520912 0.183803 -0.767926 -0.273041 -0.060041 -0.700071 -0.890545 0.904400 0.620455 -0.149243 0.215218 -0.100079 -0.324765 -0.430474 0.318537 0.485823 -0.409405 -0.171784 -0.578996 0.456305 0.400708 0.008861 0.942691 -0.928342 -0.076603 -0.622913 0.039081 -0.834035 0.156621 0.478047 -0.325193 0.073494 0.801607 -0.111248 0.655423 0.778362 -0.615223 0.481718 0.764567 -0.961531 0.733581 -0.063161 0.222709 0.445919 0.543396 -0.604129 -0.815387 0.642037 -0.225184 0.887372 0.919145 -0.106122 -0.713604 -0.850983 -0.393611 0.212555 -0.606202 0.219903 -0.255664 0.694750 0.720520 -0.478601 0.963275 0.716359 0.967556 0.761502 0.503372 -0.940234 0.669801 -0.912887 0.860834 -0.516681 0.943325 0.974225 -0.367637 -0.049890 0.265760 0.834374 -0.359622 0.295037 -0.062033 0.660467 -0.134975 -0.052398 -0.340263 0.751210 0.190347 -0.405973 0.744752 0.985886 0.308910 -0.743010 -0.615642 0.187117 -0.018825 0.614515 0.989681 0.176357 ]
step 97/128
Layer output: [ 0.000000 -0.898523 -0.109860 -0.207767 0.561067 0.233236 0.833696 -0.899156 -0.403635 0.350174 -0.397601 0.629871 0.079690 0.799552 0.956005 0.165451 0.129847 0.984639 -0.090109 -0.436071 0.600819 0.314852 0.934743 -0.623720 0.907709 0.971460 0.348149 0.926562 0.082678 0.855698 -0.576858 0.106413 -0.810191 -0.048189 -0.206367 -0.506276 -0.942965 0.742148 -0.213821 -0.144093 0.242080 0.250772 -0.085869 0.259584 0.798254 -0.227179 -0.099242 0.329899 -0.728248 0.222138 0.466883 -0.165676 0.895151 -0.942726 0.031669 -0.601061 0.095649 -0.609984 0.541169 0.341224 -0.335712 0.260529 0.784737 -0.099974 0.780830 0.704568 -0.709121 0.612868 0.921685 -0.964652 0.488661 -0.610738 -0.445821 0.017258 0.698488 -0.728650 -0.791462 -0.255695 -0.826966 0.745477 0.870782 0.302513 -0.654189 -0.781175 -0.596891 0.171463 -0.325430 0.469812 0.168288 0.596567 0.802996 -0.772118 0.971740 0.562183 0.964028 0.274900 0.835052 -0.917295 0.505930 -0.738724 0.858140 -0.466512 0.972406 0.978891 -0.280943 -0.543607 0.263280 0.920578 -0.555124 0.723014 0.045668 0.181286 0.344626 -0.470258 0.059132 0.889948 0.850899 -0.650431 0.616472 0.974377 -0.126899 -0.789264 -0.636236 0.597714 -0.124047 0.405761 0.981887 -0.230754 ]
step 98/128
Layer output: [ 0.000000 -0.903265 -0.150855 0.254047 0.050459 0.290873 0.681569 -0.928899 -0.284971 -0.241117 -0.321243 0.211377 -0.016429 0.893899 0.922104 0.103281 0.022202 0.980389 -0.177286 -0.117734 0.893141 0.646684 0.958727 -0.759152 0.964569 0.823493 0.540494 0.593642 -0.376133 0.884026 -0.676512 0.318343 -0.750057 -0.609194 -0.649285 -0.510529 -0.970862 0.852800 -0.173103 0.219762 0.697313 0.203418 -0.138400 0.164688 0.326121 -0.306731 -0.252632 0.197029 -0.791243 0.488517 0.039067 -0.339859 0.965683 -0.914021 -0.657347 -0.608593 0.203469 -0.699594 0.181672 0.331898 0.012290 -0.052751 0.291878 -0.078663 0.847873 0.710003 -0.587665 0.834020 0.939740 -0.752537 0.570005 -0.547725 0.773737 0.378447 0.873777 -0.760923 -0.605607 -0.503642 -0.853852 0.921616 0.776622 0.420034 -0.447476 0.029625 -0.571940 0.275465 0.193713 0.588910 0.102294 0.411549 0.545306 -0.774278 0.941890 0.479699 0.994140 0.421626 0.779523 -0.948768 0.395999 -0.787655 0.954298 -0.521915 0.909667 0.902215 -0.361372 -0.163073 -0.014388 0.933115 -0.319618 0.677745 -0.147415 0.092335 0.110960 -0.696310 -0.067603 0.854252 0.871504 -0.719222 0.303881 0.941167 0.228997 -0.729743 -0.198185 0.682454 -0.498927 -0.069132 0.967084 -0.390549 ]
step 99/128
Layer output: [ 0.000000 -0.946780 0.016809 -0.199636 -0.322124 -0.028590 0.873103 -0.916589 0.114188 0.056047 -0.657615 0.073848 0.635941 0.868019 0.943858 0.020491 0.076026 0.996128 0.056532 -0.695292 0.679688 0.696404 0.905198 -0.506111 0.973653 0.792001 0.193022 0.851272 -0.207068 0.912417 -0.690268 -0.165303 -0.929813 -0.427492 -0.092861 -0.832591 -0.952183 0.956129 -0.446614 -0.341245 0.242495 0.193417 0.061242 0.003468 0.583822 0.220339 -0.033583 0.491133 -0.785986 0.451764 0.451574 -0.503379 0.953910 -0.862518 0.271613 -0.411659 0.013975 -0.850147 0.545593 0.508047 -0.004725 0.625295 -0.083320 0.534753 0.905908 0.556497 -0.329679 0.488496 0.842666 -0.895735 0.725336 -0.672180 -0.304356 -0.034450 0.755369 -0.834934 -0.669368 0.349516 -0.717906 0.780663 0.786888 -0.156617 -0.448819 -0.195650 -0.485102 0.506669 -0.157314 0.546229 -0.228776 0.548740 0.478080 -0.653474 0.951682 0.732164 0.959490 0.553097 0.729662 -0.896709 0.209731 -0.924740 0.744608 -0.405909 0.961149 0.869997 -0.528176 -0.282235 0.266101 0.799523 -0.473766 0.321033 -0.335664 0.580055 0.224731 -0.572616 -0.143389 0.706297 0.913267 -0.703669 0.702590 0.960251 -0.105173 -0.724103 -0.452919 0.655011 -0.425361 0.474712 0.893560 -0.342363 ]
step 100/128
Layer output: [ 0.000000 -0.869502 0.031875 -0.132060 -0.019162 0.025989 0.842147 -0.823173 0.302538 -0.244332 -0.665548 0.091372 0.564026 0.680516 0.851928 0.069424 -0.504336 0.993386 -0.410638 -0.462081 0.851541 0.508770 0.877047 -0.526190 0.939766 0.734618 0.627298 0.843932 -0.187112 0.870358 -0.463458 -0.431884 -0.802904 -0.514801 0.213479 -0.628770 -0.702051 0.900672 -0.136704 -0.140301 0.533189 0.574064 -0.413829 -0.018091 -0.013618 0.215511 0.517977 0.568343 -0.729643 0.239079 0.072961 -0.592743 0.971417 -0.806949 -0.093994 -0.607477 -0.183690 -0.455391 0.243817 0.742021 -0.316254 -0.467482 0.087919 0.174081 0.876093 0.762621 -0.370974 0.067845 0.898618 -0.927703 0.727863 -0.405731 -0.299566 0.064195 0.774966 -0.782676 -0.739891 0.201054 -0.270649 0.809348 0.832485 -0.059168 -0.601840 -0.553874 -0.143723 0.048878 -0.219534 0.388538 -0.497977 0.663427 0.644886 -0.435852 0.942967 0.492089 0.819849 0.429184 0.868025 -0.870918 0.378905 -0.935791 0.732322 -0.598038 0.981119 0.869125 -0.537168 -0.263320 0.618876 0.911086 -0.118464 0.587717 0.083986 0.766581 0.130871 -0.476034 0.207286 0.337968 0.829337 -0.551957 0.511904 0.982473 -0.269181 -0.827747 -0.771497 0.316696 -0.150529 0.426448 0.972013 0.118383 ]
step 101/128
Layer output: [ 0.000000 -0.906775 -0.288931 0.312733 0.242293 0.401388 0.734104 -0.821769 -0.388687 0.230025 -0.613438 0.028846 0.147523 0.544650 0.946922 -0.028287 -0.384684 0.990900 -0.156699 -0.347353 0.734123 0.517767 0.818638 -0.648291 0.877036 0.830833 0.320106 0.872783 -0.265870 0.906122 -0.885795 0.225867 -0.694369 -0.464568 -0.212324 -0.472361 -0.826769 0.749231 -0.463291 0.163396 0.327421 0.074109 -0.609852 0.477806 0.676251 0.398974 0.281602 -0.022275 -0.667096 0.418599 -0.412104 -0.390544 0.935070 -0.864610 -0.427739 -0.823081 0.299302 -0.639142 0.131966 0.364257 -0.469500 -0.313025 0.249841 0.205887 0.801707 0.558263 -0.336798 0.287965 0.886310 -0.958143 0.377231 -0.521883 0.320410 -0.031090 0.751326 -0.785899 -0.734752 -0.031603 -0.191034 0.858197 0.774789 0.308928 -0.806709 0.039057 -0.084707 0.111387 -0.300746 -0.020890 -0.573378 0.750225 0.844389 -0.733499 0.951728 0.663271 0.960048 0.367165 0.923513 -0.953860 0.370844 -0.893496 0.764819 -0.691908 0.964302 0.972842 -0.696901 -0.225739 0.314391 0.952729 -0.053382 0.650400 0.139582 0.124037 0.628190 -0.534282 0.309493 0.586363 0.922598 -0.742583 0.411105 0.941868 0.530920 -0.821899 -0.732974 0.364169 -0.265558 -0.256055 0.993200 -0.390475 ]
step 102/128
Layer output: [ 0.000000 -0.715532 -0.166315 0.307614 -0.200174 -0.176413 0.579184 -0.908753 -0.306760 0.099120 -0.807380 0.054916 0.067898 0.848602 0.926668 -0.503441 -0.182333 0.991722 -0.375468 -0.545316 0.622479 0.822553 0.850073 -0.915156 0.963552 0.876156 -0.256014 0.861297 -0.137839 0.787386 -0.581735 -0.505155 -0.843277 -0.412930 -0.705545 -0.916844 -0.657627 0.849600 0.205001 -0.145681 0.616554 -0.038605 -0.370028 -0.334930 0.305430 -0.049514 0.269496 0.215839 -0.881155 0.597660 0.198516 -0.301264 0.886711 -0.807374 0.102556 -0.454545 -0.272895 -0.621159 0.316852 0.538440 -0.395978 0.364605 0.440686 0.506859 0.825573 0.326832 -0.295015 0.810838 0.816756 -0.951368 0.421233 -0.796321 0.399730 0.196318 0.894989 -0.877225 -0.826608 0.100722 -0.523709 0.916886 0.542578 0.306860 -0.329690 0.088711 -0.069790 0.041239 0.044737 -0.327798 0.274761 0.225857 0.672846 -0.655230 0.980698 0.873366 0.972841 0.692719 0.730955 -0.964553 0.507500 -0.835566 0.950396 -0.625568 0.955398 0.958931 -0.518147 0.129942 0.017698 0.968280 -0.143404 0.649529 -0.423515 -0.130223 0.159287 -0.557481 0.147163 0.755157 0.904406 -0.868034 0.424910 0.933498 0.402386 -0.617234 -0.553946 0.487091 -0.484896 0.510380 0.965664 -0.454476 ]
step 103/128
Layer output: [ 0.000000 -0.796925 -0.101707 -0.054568 -0.456523 0.164171 0.436722 -0.953774 -0.005056 -0.269853 -0.680565 0.391798 0.377943 0.887077 0.905640 -0.401606 -0.190409 0.975728 -0.368366 -0.501330 0.263936 0.717663 0.878013 -0.872210 0.965069 0.928187 0.402401 0.742805 -0.558376 0.606554 -0.728824 -0.166438 -0.732918 -0.528774 -0.784855 -0.883589 -0.801674 0.728296 -0.028706 0.025285 0.140788 -0.109538 -0.281876 -0.307065 0.653173 0.168763 0.497191 0.227379 -0.828266 0.562133 0.471196 -0.159596 0.926267 -0.929886 -0.093218 -0.674486 -0.250311 -0.868771 0.449194 0.318021 -0.300372 0.319252 0.501320 0.189833 0.719542 0.764576 -0.182456 0.904446 0.806876 -0.947318 0.754828 -0.825224 0.464920 0.436279 0.844932 -0.900839 -0.831665 0.230991 -0.200383 0.837408 0.312646 -0.100349 -0.400423 0.095103 0.016937 0.401447 0.246597 0.012593 -0.112761 0.517395 0.737251 -0.801879 0.980378 0.837705 0.984197 0.369259 0.586645 -0.976190 0.765225 -0.855359 0.935368 -0.563451 0.933799 0.978774 -0.558053 0.069051 0.188454 0.971011 -0.273961 0.748224 0.010164 0.126937 0.108313 -0.405175 -0.056300 0.701361 0.804949 -0.757939 0.503629 0.937063 0.794261 -0.416472 -0.395533 0.309945 -0.479659 0.116083 0.972655 -0.261687 ]
step 104/128
Layer output: [ 0.000000 -0.747686 -0.035493 -0.087992 -0.322978 0.393294 0.789601 -0.945276 -0.286645 -0.300275 -0.700625 0.260947 0.296441 0.919709 0.871855 0.014476 -0.356939 0.980904 -0.552791 0.091600 0.583575 0.579777 0.936339 -0.861672 0.972820 0.977283 0.053517 0.398413 -0.337388 0.685195 -0.539840 -0.333218 -0.792109 -0.225585 -0.602514 -0.885082 -0.846657 0.778150 0.168606 0.185651 0.077765 -0.595479 -0.326638 -0.061559 0.668087 -0.022917 0.011113 0.136825 -0.830228 0.548846 0.342488 -0.326399 0.966193 -0.939139 0.111691 -0.716791 0.037201 -0.918520 0.645185 0.407425 -0.410225 0.559098 0.559891 0.276744 0.813869 0.733881 -0.170120 0.589048 0.853603 -0.860900 0.499847 -0.790067 0.069504 0.058036 0.783660 -0.796950 -0.621828 0.139538 -0.605756 0.939999 0.425801 -0.090332 -0.406895 0.013232 -0.066798 0.229984 -0.210034 0.105045 -0.227826 0.540390 0.440499 -0.763970 0.971739 0.727943 0.935570 0.606090 0.839834 -0.971230 0.870687 -0.877601 0.899337 -0.509761 0.893061 0.985444 -0.574410 -0.343870 -0.195904 0.943248 -0.502750 0.594701 0.037418 -0.115387 0.184568 -0.725539 -0.456738 0.784302 0.953193 -0.818274 0.697335 0.957594 0.662411 -0.748482 -0.509716 0.425096 -0.378640 0.331955 0.955040 -0.279806 ]
step 105/128
Layer output: [ 0.000000 -0.867897 -0.031388 0.411237 -0.260500 0.414194 0.807340 -0.955379 -0.076318 -0.071585 -0.710558 0.394368 0.143195 0.828615 0.905269 0.039950 -0.488224 0.982958 -0.374204 0.246706 0.701132 0.675646 0.956923 -0.874176 0.967230 0.960126 -0.182592 0.642752 -0.040520 0.745975 -0.710332 -0.263227 -0.801498 -0.162268 -0.642381 -0.848219 -0.766612 0.763144 -0.098418 -0.249075 -0.202830 -0.247075 -0.324316 0.262441 0.532628 -0.002448 -0.132166 -0.132087 -0.843997 0.332276 -0.272020 -0.367487 0.959847 -0.877984 0.284116 -0.732084 -0.567318 -0.799633 0.502927 0.310055 -0.238106 0.410751 0.238827 0.228382 0.788898 0.752503 -0.170000 0.587958 0.723383 -0.906057 0.492987 -0.504442 -0.019407 0.056837 0.790250 -0.787998 -0.665485 -0.011449 -0.390549 0.924027 0.615890 -0.081021 -0.450397 -0.022278 0.426326 0.495243 -0.231608 0.231804 -0.577089 0.543684 0.758920 -0.877551 0.985779 0.766776 0.947884 0.408606 0.843415 -0.939287 0.742236 -0.936915 0.875986 -0.548418 0.900979 0.962343 -0.110712 -0.452573 -0.289429 0.910360 -0.333517 0.643717 0.137938 -0.162116 0.404185 -0.695437 -0.278595 0.739399 0.886344 -0.569301 0.670715 0.980477 0.745332 -0.741338 -0.453087 0.128736 -0.458224 0.199241 0.959074 -0.015107 ]
step 106/128
Layer output: [ 0.000000 -0.703524 -0.116899 0.220265 -0.011843 0.138113 0.662097 -0.929416 -0.269028 -0.275464 -0.781816 0.470152 0.431307 0.892367 0.955167 0.355197 -0.076447 0.993708 -0.354627 -0.319280 0.410899 0.762804 0.905095 -0.823508 0.969482 0.873573 0.184115 0.814405 0.169785 0.715639 -0.753404 -0.173914 -0.818044 -0.320177 -0.407507 -0.737157 -0.778054 0.895973 -0.099130 0.064937 0.177716 0.574361 -0.399301 -0.064006 0.251854 0.047323 0.224664 0.431101 -0.820013 0.287986 -0.188035 -0.536211 0.976167 -0.867946 0.111809 -0.888960 -0.211005 -0.795365 0.551852 0.476796 0.033046 -0.090656 0.230180 -0.245517 0.860375 0.791981 -0.098281 0.595504 0.856125 -0.878819 0.618136 -0.680758 0.535648 0.313834 0.843187 -0.914975 -0.394745 0.233719 -0.573476 0.934162 0.524183 -0.100554 -0.426791 -0.203481 -0.096837 0.167655 -0.339693 0.071400 -0.315827 0.541071 0.544704 -0.879253 0.979154 0.750730 0.966952 0.266846 0.785924 -0.960757 0.592964 -0.959771 0.826976 -0.277056 0.942173 0.966736 -0.338186 -0.613379 -0.170790 0.920883 -0.499149 0.402523 0.375526 0.094777 0.203838 -0.422916 -0.093111 0.643476 0.964671 -0.681876 0.659005 0.979052 0.508668 -0.853336 -0.837412 0.176995 -0.312454 -0.117773 0.964054 -0.293302 ]
step 107/128
Layer output: [ 0.000000 -0.609098 0.101130 0.239977 -0.298473 0.089270 0.820084 -0.947243 -0.064545 -0.200059 -0.599352 0.346500 0.372985 0.930845 0.941658 -0.161480 -0.489198 0.983726 -0.588732 0.369568 0.778283 0.638732 0.958777 -0.813499 0.955479 0.910061 0.115992 0.741253 0.222329 0.754617 -0.819850 -0.328760 -0.848817 -0.145054 -0.505084 -0.729953 -0.857769 0.882109 0.002404 -0.401325 0.084286 0.281770 -0.592677 -0.240524 0.825697 0.453358 0.318010 0.284050 -0.809643 0.437691 -0.260734 -0.410028 0.958959 -0.874528 0.071631 -0.901381 -0.231807 -0.812442 0.282503 0.391631 -0.175661 0.478927 0.312770 0.075747 0.787389 0.769693 -0.106325 0.442534 0.893928 -0.932142 0.568803 -0.707306 0.306222 -0.257368 0.801960 -0.872081 -0.740342 0.067847 -0.519577 0.925790 0.716508 -0.120790 -0.470661 -0.073317 -0.399513 0.255694 -0.553424 0.356456 -0.057864 0.724696 0.113478 -0.748306 0.974932 0.782907 0.948322 0.473079 0.882354 -0.979418 0.584041 -0.824753 0.927315 -0.592787 0.861338 0.957183 -0.580698 -0.414242 -0.123624 0.966543 -0.288996 0.441553 -0.098612 -0.092893 -0.122141 -0.782012 0.059900 0.544487 0.951746 -0.768023 0.462733 0.986302 0.578209 -0.840782 -0.722942 0.404039 -0.500727 0.083292 0.927753 -0.477196 ]
step 108/128
Layer output: [ 0.000000 -0.866914 0.022501 0.350396 -0.518655 0.187915 0.719037 -0.973432 -0.634471 -0.195301 -0.531792 0.328964 0.438689 0.933251 0.910043 0.192420 -0.222726 0.988090 -0.540205 -0.437605 0.465035 0.497718 0.962361 -0.794223 0.992146 0.928357 -0.048236 0.761249 -0.124014 0.844899 -0.775299 -0.041124 -0.883664 -0.413566 -0.510321 -0.858246 -0.913974 0.894300 0.063091 -0.271765 0.155204 0.156645 -0.426141 -0.406620 0.683240 0.368828 -0.019822 0.461524 -0.738872 0.759708 0.251676 -0.246785 0.966153 -0.902753 -0.120251 -0.781029 -0.365321 -0.771030 0.440620 0.250655 0.162906 0.017213 0.629550 0.160347 0.656059 0.794191 -0.073734 0.714102 0.855953 -0.939539 0.438269 -0.689684 0.250515 -0.032698 0.654387 -0.808001 -0.650496 0.021098 -0.271971 0.963564 0.644287 -0.147663 -0.239884 -0.312620 0.058044 0.271677 -0.495005 0.437847 -0.208960 0.709420 0.860440 -0.731291 0.995720 0.833907 0.962940 0.149962 0.757739 -0.938519 0.567662 -0.852110 0.844970 -0.209611 0.799173 0.948240 -0.375869 -0.034752 -0.165932 0.976571 -0.074713 0.693155 -0.004769 0.018305 -0.189003 -0.597181 -0.229969 0.820084 0.899799 -0.816490 0.420572 0.971143 0.802538 -0.448127 -0.471817 0.135421 -0.165096 0.388867 0.976809 -0.394483 ]
step 109/128
Layer output: [ 0.000000 -0.844629 0.148525 0.153149 -0.485191 0.152465 0.912947 -0.915461 -0.293417 -0.157001 -0.696523 0.278574 -0.085827 0.959889 0.884932 -0.172554 -0.182436 0.987429 -0.443211 -0.264124 0.523691 0.709068 0.981413 -0.917792 0.990759 0.974039 0.071740 0.681787 0.166564 0.619611 -0.511217 -0.230727 -0.810961 -0.253242 -0.375508 -0.829862 -0.931678 0.884067 -0.235356 -0.007857 0.347246 0.029511 -0.297547 -0.079299 0.589724 0.440461 -0.084188 0.684826 -0.614490 0.739581 0.080509 -0.557497 0.961780 -0.919675 -0.496739 -0.766109 0.282781 -0.866562 0.439441 0.484702 -0.218614 0.468579 0.746200 -0.218764 0.597439 0.800846 -0.274701 0.528550 0.886939 -0.965424 0.639759 -0.657217 0.635282 0.110974 0.688858 -0.878083 -0.679544 0.197170 -0.364551 0.943900 0.501530 -0.361537 -0.193050 -0.474452 -0.262338 0.557033 -0.305250 0.350175 -0.519544 0.545654 0.822932 -0.656621 0.995325 0.589660 0.972239 0.288242 0.851708 -0.958821 0.749777 -0.962367 0.885202 -0.502036 0.912634 0.983891 -0.617344 -0.045013 -0.061660 0.986809 -0.496039 0.537868 0.311526 0.392788 0.277086 -0.672935 -0.436177 0.804563 0.918943 -0.811449 0.398102 0.985058 0.453416 -0.598762 -0.363251 0.242287 -0.107450 0.691013 0.965594 -0.394912 ]
step 110/128
Layer output: [ 0.000000 -0.804395 -0.361678 0.588532 -0.327300 -0.034418 0.928504 -0.928395 -0.525358 -0.248281 -0.878759 0.048067 0.144076 0.836571 0.914924 0.109586 -0.143469 0.989998 -0.665877 0.258459 0.738285 0.541018 0.936858 -0.817185 0.981572 0.956491 -0.165803 0.744484 0.036863 0.679071 -0.257393 -0.286965 -0.839623 -0.255922 -0.522922 -0.840675 -0.845412 0.733154 -0.034223 0.038912 0.094988 -0.087427 -0.217129 -0.114618 0.725787 0.305014 0.140158 0.379986 -0.623479 0.527850 -0.051747 -0.249851 0.921086 -0.940814 -0.318045 -0.737140 0.021471 -0.631614 0.347076 0.021463 -0.215505 -0.133674 0.633757 0.127753 0.684830 0.831752 0.006143 0.662848 0.876154 -0.897622 0.668802 -0.708101 0.306812 0.084665 0.692398 -0.910329 -0.791607 0.508091 -0.514868 0.967304 0.686568 -0.142247 -0.473881 -0.691924 -0.337635 0.465012 0.211578 0.563168 -0.573063 0.400329 0.870256 -0.618444 0.988829 0.556088 0.912722 0.551315 0.603032 -0.972631 0.755000 -0.953085 0.916607 -0.709137 0.911486 0.976255 -0.740454 -0.334521 -0.004557 0.971230 -0.544887 0.584423 -0.108629 0.155172 0.447490 -0.501441 -0.486423 0.774153 0.913624 -0.774465 0.423235 0.978671 0.614404 -0.665307 -0.687330 0.347091 -0.245763 0.696254 0.964870 -0.096889 ]
step 111/128
Layer output: [ 0.000000 -0.900978 -0.131443 -0.163978 -0.197505 -0.134715 0.901411 -0.962442 -0.538731 -0.204413 -0.784056 0.525198 0.868009 0.857825 0.927942 0.447584 -0.200100 0.968788 -0.388868 -0.131663 0.832084 0.324571 0.938792 -0.083298 0.964690 0.912834 -0.608707 0.698239 -0.459129 0.744232 -0.435438 -0.651685 -0.916916 -0.352842 -0.275037 -0.924043 -0.904795 0.909804 -0.494881 -0.371533 -0.330642 0.100273 -0.085056 0.290882 0.583671 0.239416 0.163625 -0.082613 -0.631948 0.499208 0.306245 -0.481254 0.917341 -0.744015 0.571899 -0.578264 0.013643 -0.875324 0.023918 -0.021427 -0.185285 0.140487 0.406725 -0.100427 0.666193 0.744685 -0.427331 0.358080 0.709788 -0.751594 0.667849 -0.626194 -0.155919 0.162232 0.794275 -0.827412 -0.710886 0.308946 -0.341731 0.931037 0.736456 -0.248332 -0.639330 -0.660565 -0.277326 0.451865 -0.518458 0.367838 -0.269715 0.609626 0.588387 -0.885201 0.959127 0.719325 0.867733 0.759139 0.636009 -0.919417 0.635258 -0.903701 0.800950 -0.653836 0.913799 0.899779 -0.688959 -0.760525 0.120325 0.910439 -0.491603 0.659234 -0.458524 0.342477 0.481467 -0.625277 -0.327085 0.410035 0.960777 -0.846609 0.486085 0.977910 0.581937 -0.641620 -0.718323 0.528373 -0.294684 0.535793 0.946207 -0.038263 ]
step 112/128
Layer output: [ 0.000000 -0.843711 -0.644957 -0.085781 -0.075775 -0.216476 0.756664 -0.975230 -0.475943 -0.247792 -0.758742 0.443836 0.162324 0.827337 0.944002 -0.250670 -0.391604 0.984413 -0.360412 -0.507313 0.705326 0.579666 0.851666 -0.460832 0.939390 0.854376 0.147860 0.895513 -0.584906 0.873489 -0.404024 0.217616 -0.904052 -0.639828 0.031584 -0.745229 -0.861668 0.768777 -0.168194 -0.179394 0.317659 0.271540 -0.326221 -0.000497 0.452561 0.446664 0.392810 -0.041014 -0.750511 0.031776 0.205730 -0.131571 0.955182 -0.888029 -0.173918 -0.697586 -0.381712 -0.918733 0.002598 0.209211 -0.400053 0.214199 0.649184 0.178207 0.816851 0.728421 -0.278107 0.727017 0.751694 -0.872883 0.588447 -0.590502 -0.269148 0.682696 0.530825 -0.818046 -0.723097 0.397151 -0.545076 0.943251 0.502208 -0.056657 -0.598446 -0.569887 -0.449002 0.581742 -0.264887 0.521653 0.261218 0.772319 0.779005 -0.774272 0.962326 0.701274 0.950642 0.733691 0.859350 -0.887562 0.709121 -0.809108 0.598046 -0.757575 0.949354 0.982703 -0.775516 -0.551856 0.333705 0.950026 -0.603243 0.447072 -0.066760 0.496466 0.471475 -0.404207 -0.230282 0.736594 0.823082 -0.392687 0.443536 0.963344 0.179501 -0.672395 -0.835637 0.476690 -0.151296 0.261772 0.985330 0.209524 ]
step 113/128
Layer output: [ 0.000000 -0.781038 -0.350134 0.140772 -0.184849 -0.014375 0.678441 -0.978691 -0.507689 -0.325524 -0.803397 0.170168 0.058366 0.768091 0.971322 0.407672 0.139725 0.975220 -0.646576 -0.180075 0.768979 -0.021301 0.808781 -0.309528 0.939778 0.917479 0.121656 0.833965 0.166922 0.912474 -0.437937 -0.032795 -0.911371 -0.549868 -0.458420 -0.546057 -0.902037 0.900525 -0.162503 -0.047501 -0.512702 -0.120293 -0.203292 0.258604 0.050023 0.365390 0.152109 -0.026234 -0.793783 0.189222 0.191439 -0.089102 0.944336 -0.878955 0.269768 -0.659579 -0.293571 -0.959928 0.376951 0.601809 -0.697044 0.087559 0.401993 0.047735 0.769514 0.763593 -0.340027 0.631209 0.541904 -0.883600 0.378448 -0.869709 -0.050427 0.397262 0.653237 -0.918893 -0.675316 0.439404 -0.579181 0.962314 0.328224 -0.175906 -0.644687 -0.628767 -0.526354 0.343497 -0.225961 0.362666 -0.176721 0.809192 0.795367 -0.804703 0.958364 0.829618 0.945729 0.786488 0.846800 -0.900823 0.525577 -0.859065 0.896241 -0.413191 0.967910 0.970762 -0.606996 -0.438006 0.143621 0.911337 -0.364205 0.672903 -0.216557 0.524688 0.566265 -0.446639 -0.071602 0.735702 0.922163 -0.469845 0.432196 0.972219 0.639949 -0.638995 -0.743455 0.259040 -0.163625 0.190010 0.978138 -0.324587 ]
step 114/128
Layer output: [ 0.000000 -0.702289 -0.292101 0.472709 -0.301295 0.036061 0.787887 -0.938406 -0.163216 0.139801 -0.723969 0.277495 0.433663 0.934022 0.960764 0.035963 0.229261 0.987461 -0.428873 0.163936 0.622873 0.419211 0.937329 -0.602830 0.975655 0.959594 0.159962 0.791260 0.033388 0.822899 -0.460945 0.266243 -0.873192 -0.721031 -0.485320 -0.926175 -0.891715 0.883033 0.013243 -0.060787 0.115432 0.180076 0.005820 0.611715 0.656868 0.182921 0.180682 0.025107 -0.746084 0.466134 0.384743 -0.283357 0.976938 -0.796205 -0.269017 -0.863957 -0.191318 -0.757860 0.168733 0.371123 -0.270350 -0.138733 0.724765 0.327887 0.719236 0.822436 -0.521199 0.813697 0.841088 -0.949295 0.721809 -0.722866 0.263674 0.080305 0.736552 -0.938529 -0.747513 0.244024 -0.792947 0.945346 0.539495 0.105769 -0.450805 -0.152995 -0.098077 0.654166 -0.126858 0.310902 -0.209533 0.621877 0.794786 -0.840161 0.990492 0.661603 0.955911 0.727520 0.775992 -0.938200 0.476746 -0.966661 0.792373 -0.509201 0.849030 0.968208 -0.793126 -0.393727 -0.000762 0.961956 -0.376759 0.687481 -0.055191 0.005173 0.033729 -0.605458 -0.020967 0.549264 0.948281 -0.637910 0.650882 0.981013 0.735831 -0.681369 -0.397173 0.425465 -0.442378 0.315005 0.971386 -0.121080 ]
step 115/128
Layer output: [ 0.000000 -0.764334 0.150820 0.452901 -0.115953 0.386517 0.853717 -0.920843 -0.449938 0.295003 -0.789847 -0.064331 0.381011 0.885014 0.927736 0.015844 -0.538040 0.965101 0.004670 -0.104267 0.758438 0.749586 0.971361 -0.768791 0.976763 0.947591 0.017094 0.628879 0.081445 0.636923 -0.601458 0.398314 -0.647662 -0.543536 0.054985 -0.850091 -0.895859 0.801558 -0.122260 0.173399 0.003429 0.197478 -0.094267 0.117021 0.523566 0.487189 0.119727 0.116638 -0.841155 0.464640 0.282128 -0.147102 0.969643 -0.876419 -0.079783 -0.731597 -0.275725 -0.828402 0.294782 0.468968 -0.330029 0.104520 0.375202 0.111122 0.762006 0.709092 -0.215763 0.539463 0.909528 -0.918097 0.658599 -0.544213 0.221119 0.006595 0.822753 -0.827813 -0.729564 0.247119 -0.545482 0.899828 0.599173 -0.299758 -0.341225 -0.006965 -0.316161 0.292508 -0.004393 0.405367 -0.375687 0.553340 0.599837 -0.712825 0.977417 0.704301 0.934078 0.680889 0.878748 -0.946721 0.585634 -0.968338 0.902162 -0.702936 0.879951 0.940019 -0.647765 -0.458909 -0.058918 0.959979 -0.388132 0.557879 0.171161 0.237655 0.480001 -0.572899 -0.323409 0.686123 0.816194 -0.709917 0.189947 0.983029 0.579454 -0.583436 -0.479791 0.595306 -0.356408 0.439712 0.976756 0.112005 ]
step 116/128
Layer output: [ 0.000000 -0.858023 -0.092843 0.410269 -0.347902 -0.128733 0.912808 -0.973409 -0.236900 0.261544 -0.727418 0.241216 0.085358 0.952292 0.956433 0.471746 0.035270 0.976361 -0.121860 0.430900 0.863179 0.693245 0.933794 -0.894749 0.966925 0.967346 0.455808 0.812214 0.005174 0.818649 -0.680741 0.337727 -0.907649 -0.532363 -0.309022 -0.804164 -0.897200 0.942337 -0.070694 -0.239300 0.364840 -0.155751 -0.367655 0.433001 0.517030 -0.007015 0.194842 0.291014 -0.647452 0.407233 0.170033 -0.684579 0.964075 -0.912126 -0.265932 -0.792575 -0.188413 -0.723349 0.412176 0.389308 -0.175603 0.312151 0.388930 0.376923 0.732395 0.637167 -0.487296 0.695683 0.854582 -0.839284 0.602178 -0.474006 -0.075695 0.147555 0.839700 -0.836287 -0.884739 -0.247457 -0.707649 0.846985 0.296188 0.007673 -0.569883 -0.328116 -0.411876 0.534472 -0.231682 0.598530 -0.510324 0.467355 0.443977 -0.800856 0.979096 0.737309 0.942664 0.511066 0.747575 -0.946582 0.743616 -0.933298 0.899857 -0.563011 0.775092 0.897253 -0.622624 0.089020 0.050035 0.941286 -0.341301 0.734407 -0.525696 0.155162 0.314662 -0.802409 -0.512983 0.766979 0.888712 -0.724469 0.375426 0.959916 0.131178 -0.755360 -0.591391 0.266442 -0.693862 0.354934 0.959519 0.223028 ]
step 117/128
Layer output: [ 0.000000 -0.902849 -0.182888 0.110215 -0.111131 0.164743 0.908050 -0.944220 -0.353295 0.028639 -0.758700 0.419358 0.476177 0.930406 0.924220 0.235406 0.394179 0.974383 -0.358708 -0.007442 0.749207 0.520578 0.909849 -0.903362 0.967960 0.946020 0.146926 0.681451 -0.200710 0.677607 -0.669361 0.154719 -0.837304 -0.413610 -0.584982 -0.778327 -0.905674 0.879556 0.227242 -0.366355 0.312236 -0.207751 -0.056636 -0.128321 0.596681 0.242251 -0.222647 0.204806 -0.796072 0.669013 0.207243 -0.535697 0.968919 -0.942933 0.156668 -0.841172 -0.046391 -0.858645 0.463173 0.690000 -0.118943 -0.070515 0.165063 0.292572 0.632791 0.732726 -0.307929 0.797817 0.739325 -0.765502 0.101996 -0.869901 0.152139 -0.052330 0.874555 -0.870871 -0.772842 0.160105 -0.608564 0.879001 0.557899 0.070371 -0.504655 0.263423 -0.711692 0.261309 0.324703 0.373842 0.189530 0.257230 0.579417 -0.813927 0.967258 0.865500 0.937171 0.677954 0.773836 -0.925138 0.617690 -0.960975 0.939323 -0.534201 0.891869 0.964608 -0.649967 -0.293776 -0.100155 0.925655 -0.365240 0.395792 -0.082743 0.087313 0.384172 -0.727548 -0.447799 0.695155 0.910558 -0.632079 0.201624 0.971142 0.537117 -0.582005 -0.572083 -0.084493 -0.628462 0.076041 0.954405 -0.290637 ]
step 118/128
Layer output: [ 0.000000 -0.855657 -0.266984 0.461372 -0.239550 0.198634 0.499240 -0.912084 -0.225109 -0.147808 -0.591497 0.576185 0.606425 0.863482 0.885230 0.057436 -0.413706 0.982353 -0.343351 -0.426083 0.713900 0.641992 0.901111 -0.823609 0.963406 0.936015 0.006082 0.774885 -0.156081 0.649441 -0.644583 0.252325 -0.820891 0.087310 -0.614706 -0.852157 -0.870685 0.924035 -0.458709 -0.283168 0.396693 -0.151397 -0.033061 -0.229377 0.718047 0.220262 -0.145503 -0.095174 -0.871787 0.490894 -0.087532 -0.242935 0.976000 -0.847209 0.009805 -0.708080 -0.020968 -0.786577 0.180427 0.510628 -0.251291 0.183795 0.499951 -0.310570 0.702670 0.678642 -0.186745 0.720006 0.867073 -0.900680 0.000727 -0.707496 0.399712 -0.111992 0.770617 -0.915536 -0.816988 0.389964 -0.535485 0.856160 0.717645 0.097156 -0.493181 -0.271332 -0.263359 0.245964 0.098480 0.258387 -0.345479 0.683598 0.889424 -0.628779 0.980934 0.900317 0.957539 0.243094 0.642242 -0.943937 0.462218 -0.971669 0.900941 -0.618486 0.975986 0.979384 -0.556865 -0.360728 -0.475017 0.954601 -0.327693 0.484445 -0.252565 0.283133 0.630578 -0.565786 -0.535568 0.793900 0.869478 -0.800440 0.345742 0.958615 0.428629 -0.217949 -0.688590 0.660856 -0.474519 0.354720 0.978753 -0.199554 ]
step 119/128
Layer output: [ 0.000000 -0.868129 -0.433892 0.401641 0.132022 -0.077906 0.458900 -0.899441 -0.308834 0.154546 -0.567329 0.306567 0.777291 0.895160 0.921193 0.106728 0.523038 0.986755 -0.440523 -0.296861 0.489098 0.398163 0.913174 -0.803439 0.977224 0.930026 -0.283554 0.882608 -0.615173 0.881591 -0.572168 -0.289798 -0.838105 -0.259029 -0.342234 -0.761343 -0.931093 0.865117 -0.402597 0.021226 0.174640 -0.067548 0.182730 -0.016895 0.521998 0.134250 -0.053013 -0.071739 -0.894922 0.280162 -0.120006 -0.417458 0.979462 -0.750897 -0.256855 -0.516823 0.042918 -0.931446 0.524108 0.088355 -0.379061 0.346546 0.786532 0.015505 0.825750 0.437734 -0.085692 0.620350 0.817018 -0.898599 0.004788 -0.775923 0.101320 0.119681 0.809763 -0.900318 -0.601135 0.437177 -0.777727 0.936207 0.545789 0.334918 -0.832292 -0.356948 -0.165010 0.292853 0.166548 0.355938 -0.189915 0.612623 0.828105 -0.949307 0.981979 0.834150 0.956987 0.549070 0.779676 -0.970176 0.333067 -0.899711 0.810276 -0.295346 0.944112 0.977257 0.039451 -0.467557 0.041467 0.974404 0.080673 0.701712 0.021223 0.166949 0.259391 -0.748381 -0.331168 0.776677 0.935215 -0.794953 0.118808 0.955918 0.747377 -0.521666 -0.572851 0.615890 -0.642190 0.681863 0.976446 -0.197271 ]
step 120/128
Layer output: [ 0.000000 -0.846419 -0.164109 0.388573 -0.207705 0.142067 0.802536 -0.873482 0.463725 -0.289776 -0.747031 0.243972 0.729562 0.928708 0.824234 0.351385 -0.036078 0.986562 -0.171502 0.033664 0.679969 0.698950 0.839815 -0.715189 0.976848 0.842572 0.090635 0.711944 -0.199362 0.697143 -0.121293 -0.512850 -0.843138 -0.206287 -0.784305 -0.795480 -0.764381 0.887623 -0.230236 -0.209563 -0.060112 -0.128837 -0.148513 0.282072 0.214000 0.112323 -0.325998 0.101471 -0.802498 0.027870 0.023505 -0.179936 0.955202 -0.917579 -0.094851 -0.710691 -0.578697 -0.832679 0.372356 0.556675 -0.520615 0.445236 0.650065 0.028583 0.698630 0.456914 -0.457812 0.725871 0.805954 -0.579412 0.475757 -0.898281 -0.243428 -0.402135 0.876322 -0.939664 -0.615280 0.320928 -0.721872 0.869236 0.580743 0.135903 -0.534672 -0.476025 0.027770 0.365988 0.183396 0.587482 -0.140137 0.538971 0.530424 -0.868476 0.969336 0.713991 0.948037 0.397069 0.722883 -0.967396 0.543483 -0.962836 0.872272 -0.597959 0.889031 0.951063 -0.005880 -0.499414 0.353786 0.905175 -0.437161 0.256929 -0.336322 0.365569 0.272801 -0.562601 -0.480378 0.681831 0.944250 -0.684884 0.273029 0.986121 0.246554 -0.759399 -0.435505 0.199254 -0.643262 0.636176 0.900751 -0.104869 ]
step 121/128
Layer output: [ 0.000000 -0.863782 0.188845 -0.212508 -0.373525 0.196396 0.822736 -0.929862 -0.172677 0.166357 -0.783540 0.036780 0.495894 0.871803 0.939293 0.119237 -0.076282 0.978813 -0.492835 -0.068239 0.363028 0.462388 0.901840 -0.845428 0.980328 0.951145 -0.096568 0.857385 0.000895 0.720815 -0.263885 -0.387278 -0.824709 -0.014544 -0.107309 -0.712689 -0.861137 0.854768 0.012721 0.151549 -0.237355 0.203223 0.294455 -0.034612 0.688201 0.156956 -0.048973 0.385376 -0.852274 0.476526 0.344312 -0.305599 0.974298 -0.815708 0.104591 -0.793025 -0.232003 -0.846524 0.748526 0.451014 -0.264075 0.286063 0.586014 0.171264 0.794039 0.886035 -0.467923 0.320069 0.738655 -0.836422 0.600608 -0.832935 -0.299884 -0.336267 0.830369 -0.874588 -0.513102 0.226060 -0.568517 0.881552 0.470983 0.076827 -0.588324 -0.025270 -0.012295 0.391506 0.286121 0.536127 -0.030807 0.382927 0.710240 -0.837348 0.974671 0.512019 0.916108 0.324768 0.836480 -0.932782 0.500532 -0.948687 0.801581 -0.457690 0.932364 0.957247 0.066778 -0.411046 0.090439 0.920414 -0.111212 0.685811 -0.304746 0.537449 0.275534 -0.528190 -0.482889 0.457368 0.942946 -0.832709 0.334751 0.975484 0.420246 -0.725885 -0.664012 0.069304 -0.261980 0.441855 0.915702 -0.276699 ]
step 122/128
Layer output: [ 0.000000 -0.887879 -0.319475 0.169322 -0.150927 -0.063412 0.770465 -0.941611 -0.367337 0.555354 -0.649160 0.154292 0.702066 0.879359 0.914459 0.101061 -0.473550 0.988954 -0.535268 -0.223547 0.421984 0.476458 0.942698 -0.691474 0.957643 0.966160 -0.441970 0.806775 0.063196 0.906599 -0.762887 -0.105898 -0.842528 0.151340 -0.233644 -0.796335 -0.727350 0.900953 -0.114904 0.172409 0.182935 -0.012198 -0.423169 -0.455797 0.555757 0.084467 -0.014115 0.250812 -0.790047 0.511985 0.214719 -0.230764 0.962472 -0.823983 -0.206203 -0.752843 0.001517 -0.759123 0.386185 0.473419 -0.377719 -0.034097 0.503383 0.092203 0.708280 0.666557 -0.327179 0.269396 0.684765 -0.938840 0.643080 -0.781219 0.004014 -0.610625 0.780935 -0.795781 -0.622442 0.616225 -0.443879 0.952866 0.348118 -0.347216 -0.192335 -0.278982 -0.203281 0.253252 0.338757 -0.217740 -0.097496 0.419112 0.684047 -0.832202 0.978275 0.627741 0.919596 0.445605 0.764350 -0.921043 0.579193 -0.942181 0.772677 -0.659986 0.872692 0.941396 -0.320503 -0.111553 0.141209 0.970383 -0.158267 0.604722 -0.205258 0.095377 0.375254 -0.604882 -0.443911 0.484350 0.937477 -0.812690 0.454328 0.976434 0.494587 -0.545189 -0.747210 -0.103382 -0.186100 0.406247 0.962395 0.098304 ]
step 123/128
Layer output: [ 0.000000 -0.849165 -0.345412 0.036223 -0.017365 -0.080700 0.851774 -0.918277 -0.078187 0.693510 -0.702223 -0.260744 0.744794 0.859853 0.943575 0.423369 -0.362585 0.990461 -0.126247 -0.101883 0.632124 0.766102 0.953106 -0.680040 0.974809 0.938914 -0.211426 0.900029 0.276659 0.854397 -0.811991 0.206490 -0.881977 -0.266443 -0.617044 -0.872033 -0.744134 0.765353 -0.256023 0.730096 0.170017 -0.058972 -0.073529 0.137742 0.605991 -0.011600 0.014627 0.496090 -0.919733 0.546509 0.311341 -0.038633 0.942273 -0.861012 -0.008064 -0.647310 -0.403268 -0.846003 0.687763 0.132767 -0.296454 0.118566 0.375924 0.095069 0.799098 0.794385 -0.612354 0.317125 0.730117 -0.921899 0.841280 -0.846892 0.308395 -0.391666 0.865025 -0.875220 -0.757554 0.664840 -0.669189 0.927457 0.592469 -0.364362 -0.597273 -0.127954 0.033249 0.352803 0.243972 0.077711 0.147007 0.606994 0.578846 -0.757082 0.979561 0.679478 0.911916 0.565405 0.584692 -0.950223 0.452453 -0.964216 0.931661 -0.379975 0.892577 0.970967 -0.192278 -0.268062 0.285475 0.940077 -0.406143 0.772642 -0.372315 0.204066 0.157868 -0.577479 -0.054262 0.460831 0.898647 -0.583748 0.559666 0.982176 0.501528 -0.334033 -0.458314 0.347738 -0.383037 0.476620 0.970700 -0.184278 ]
step 124/128
Layer output: [ 0.000000 -0.881859 0.291016 0.124805 -0.464298 0.014361 0.800181 -0.967293 -0.166774 0.329750 -0.837281 0.087207 0.781699 0.937114 0.960924 0.353671 -0.112452 0.977898 -0.229537 0.008522 0.725482 0.452238 0.914966 -0.675886 0.987392 0.978564 0.156375 0.851678 -0.144878 0.624697 -0.665881 0.049244 -0.854928 -0.713181 -0.485318 -0.891993 -0.717254 0.854421 -0.218523 0.340541 -0.061574 -0.069026 -0.399134 -0.238568 0.732143 -0.074258 0.501204 0.387973 -0.819110 0.543214 0.363272 -0.121583 0.970063 -0.869806 0.147254 -0.801570 0.041362 -0.791718 0.434750 0.391364 -0.126080 0.150157 0.605372 -0.002382 0.633716 0.806277 -0.342911 0.876653 0.733603 -0.936227 0.805927 -0.823157 0.489012 -0.270295 0.842739 -0.757504 -0.530060 0.387035 -0.842069 0.939725 0.479522 -0.368842 -0.418703 -0.257421 -0.624102 0.611474 0.030347 0.273074 -0.082602 0.553023 0.668161 -0.920672 0.974953 0.766863 0.911911 0.715481 0.803184 -0.852372 0.728077 -0.902395 0.807603 -0.582175 0.881249 0.977371 -0.539979 -0.381986 -0.008992 0.958710 -0.655757 0.487897 0.059915 -0.387769 0.150283 -0.794150 -0.017305 0.443762 0.932192 -0.651628 0.343808 0.975891 0.500838 -0.642448 -0.512450 0.550957 -0.512606 0.511478 0.962103 -0.182835 ]
step 125/128
Layer output: [ 0.000000 -0.843787 -0.097675 0.351340 -0.413383 -0.486756 0.902425 -0.982369 -0.478841 0.366199 -0.832106 0.161506 0.630814 0.820015 0.950676 0.147245 0.201048 0.987181 -0.235562 -0.131738 0.768619 0.412220 0.958800 -0.706650 0.984278 0.942403 -0.445141 0.802816 -0.105778 0.862912 -0.647272 -0.090379 -0.829877 -0.287667 -0.584154 -0.912542 -0.876763 0.838098 -0.415363 0.090049 -0.037234 0.141584 -0.019639 -0.329525 0.700067 -0.100404 0.608692 0.201185 -0.864725 0.537658 0.277497 -0.233410 0.974322 -0.926170 0.054461 -0.806144 -0.385322 -0.667014 0.312553 0.242571 0.201796 -0.170206 0.019419 -0.091578 0.876669 0.845536 0.264675 0.695478 0.772302 -0.844643 0.426962 -0.554647 0.250913 0.044462 0.876164 -0.893292 -0.747439 0.089063 -0.656771 0.954952 0.610326 0.068949 -0.586314 -0.203116 -0.339348 0.652391 -0.126910 0.073808 -0.228000 0.416871 0.774383 -0.779865 0.984963 0.452404 0.950588 0.426306 0.657411 -0.933396 0.629272 -0.906869 0.859894 -0.533681 0.838781 0.951991 -0.744663 -0.415084 -0.096244 0.954481 -0.251361 0.739908 -0.343633 0.103748 0.570294 -0.529278 -0.426903 0.609127 0.949809 -0.876690 0.422633 0.972074 0.486499 -0.376454 -0.700750 0.328209 -0.254813 0.632003 0.961592 -0.210342 ]
step 126/128
Layer output: [ 0.000000 -0.903439 -0.327125 -0.061723 -0.349312 -0.075089 0.872034 -0.964839 -0.528751 0.285418 -0.722685 0.539038 0.693127 0.866567 0.885883 0.061103 0.292686 0.986587 -0.300463 -0.524651 0.699596 0.661302 0.938068 -0.813551 0.962960 0.911591 -0.594774 0.876528 -0.236303 0.846950 -0.390414 -0.322642 -0.837424 -0.013843 -0.656451 -0.899488 -0.927139 0.752668 -0.199008 0.178340 0.212398 0.214257 0.251189 -0.239644 0.857320 0.364614 0.365646 0.210642 -0.907999 0.451984 0.237968 -0.014835 0.958805 -0.926028 -0.373087 -0.611284 0.047849 -0.658759 0.156069 0.216638 0.206249 0.238623 0.588149 0.391122 0.893962 0.712629 -0.135010 0.629285 0.774078 -0.841429 0.544910 -0.522458 0.599847 0.141762 0.857030 -0.840161 -0.742129 0.176635 -0.813481 0.907622 0.759532 0.256512 -0.656913 -0.201970 -0.458394 0.632848 -0.424662 0.383934 -0.091704 0.433876 0.704316 -0.866613 0.982237 0.629969 0.928167 0.384834 0.781480 -0.975370 0.439332 -0.924903 0.766078 -0.735126 0.930083 0.978295 -0.688221 -0.495118 -0.193446 0.962653 -0.523106 0.720567 -0.133209 0.240977 0.559584 -0.629387 -0.185820 0.834980 0.889839 -0.742221 0.279500 0.987438 0.522962 -0.186916 -0.586209 0.304448 -0.077074 0.445332 0.972484 -0.147015 ]
step 127/128
Layer output: [ 0.000000 -0.892673 -0.361300 -0.033573 -0.232252 0.067952 0.830200 -0.951593 -0.166261 0.170052 -0.720915 0.659295 0.489356 0.875360 0.879813 0.172983 0.160625 0.984749 -0.442904 -0.047013 0.746108 0.581127 0.936844 -0.909242 0.969069 0.959641 0.010329 0.850633 -0.332677 0.788848 -0.352867 -0.366485 -0.822468 -0.139055 -0.593933 -0.858392 -0.815687 0.806496 -0.168764 -0.179209 0.053365 -0.087918 -0.254131 0.123890 0.671476 -0.021448 0.180727 0.331527 -0.800949 0.445003 0.136414 -0.008169 0.971834 -0.941074 0.228278 -0.662258 -0.208389 -0.768186 0.727408 0.209660 -0.217868 0.239191 0.652369 0.346346 0.809249 0.557040 -0.731105 0.392742 0.824870 -0.862283 0.426183 -0.677047 0.369971 -0.025042 0.610519 -0.847756 -0.756440 0.137917 -0.627392 0.925639 0.855839 -0.132023 -0.561978 -0.355778 -0.341953 0.531043 -0.316467 0.307740 -0.185287 0.413041 0.541760 -0.919205 0.963551 0.667342 0.913341 0.546752 0.887198 -0.957166 0.678646 -0.961890 0.806100 -0.775979 0.851664 0.975590 -0.279227 -0.123488 -0.096081 0.971155 -0.718967 0.668842 -0.310526 0.566739 0.038114 -0.775051 -0.351117 0.745414 0.907266 -0.708532 0.466574 0.986509 0.457875 -0.609179 -0.594455 0.041358 -0.474844 0.309311 0.944892 -0.059541 ]
Final Layer Result for RNN [ 0.000000 -0.892673 -0.361300 -0.033573 -0.232252 0.067952 0.830200 -0.951593 -0.166261 0.170052 -0.720915 0.659295 0.489356 0.875360 0.879813 0.172983 0.160625 0.984749 -0.442904 -0.047013 0.746108 0.581127 0.936844 -0.909242 0.969069 0.959641 0.010329 0.850633 -0.332677 0.788848 -0.352867 -0.366485 -0.822468 -0.139055 -0.593933 -0.858392 -0.815687 0.806496 -0.168764 -0.179209 0.053365 -0.087918 -0.254131 0.123890 0.671476 -0.021448 0.180727 0.331527 -0.800949 0.445003 0.136414 -0.008169 0.971834 -0.941074 0.228278 -0.662258 -0.208389 -0.768186 0.727408 0.209660 -0.217868 0.239191 0.652369 0.346346 0.809249 0.557040 -0.731105 0.392742 0.824870 -0.862283 0.426183 -0.677047 0.369971 -0.025042 0.610519 -0.847756 -0.756440 0.137917 -0.627392 0.925639 0.855839 -0.132023 -0.561978 -0.355778 -0.341953 0.531043 -0.316467 0.307740 -0.185287 0.413041 0.541760 -0.919205 0.963551 0.667342 0.913341 0.546752 0.887198 -0.957166 0.678646 -0.961890 0.806100 -0.775979 0.851664 0.975590 -0.279227 -0.123488 -0.096081 0.971155 -0.718967 0.668842 -0.310526 0.566739 0.038114 -0.775051 -0.351117 0.745414 0.907266 -0.708532 0.466574 0.986509 0.457875 -0.609179 -0.594455 0.041358 -0.474844 0.309311 0.944892 -0.059541 ]
Output1 1.092308 and sigmoid 0.748816 Output2 -0.043221 and sigmoid 0.489197

gt: 1.000000 ref out: [0.425334 ,0.529657]ppsa out: [0.748816 ,0.489197]
ref accuracy:	1/	1	100.000000%
fhe accuracy:	0/	1	0.000000%
Hello world
Command exited with non-zero status 1
447.39user 0.18system 7:27.63elapsed 99%CPU (0avgtext+0avgdata 202556maxresident)k
0inputs+38232outputs (0major+49204minor)pagefaults 0swaps
